"","X1","Label","Months.closed","F.Mortality","Selectivity","year","1","2","3","4","5","6","7","8","9","10","11","12","13","14","15","16","17","18","CatchTotal","RevenueTotal","Biomass","Profit"
"1",1,"1-0.576057-32",11,0.318057,32,0,176958.348523671,136969.251701554,89942.9181316662,50668.5416070175,28549.2727914244,16089.5841424226,9069.77057667427,5113.97875849846,2884.31718249883,1627.27126598835,918.379598282211,518.493810373965,292.845895219848,165.472418969579,93.5451845580588,52.9111236627982,29.9450341270776,39.1988840684049,130012.795403317,509345.62520545,586703772.311464,0
"2",2,"1-0.576057-32",11,0.318057,32,1,177968.601181278,136717.176350904,105821.790809874,67671.862702442,38122.3409489964,21480.0954730825,12105.5904304941,6823.97549420024,3847.69001937097,2170.12212210664,1224.3373906369,690.976670255453,390.107889276273,220.333380614589,124.499260755115,70.3821603455271,39.8096300444602,58.9854444545115,10470.4281135855,41019.5530150631,752089611.426021,-1425.91575205774
"3",3,"1-0.576057-32",11,0.318057,32,2,206633.299054295,137497.692737395,105627.038595831,79618.9166125256,50915.4149848053,28682.7454143707,16161.3399018462,9108.08622358864,5134.26895992342,2894.95111033935,1632.77119917047,921.175268956235,519.881713106824,293.51201929648,165.775923123689,93.6715981133979,52.9546071057137,88.7597374309089,13691.7321696532,53830.3727898767,929443206.494209,11384.9040227559
"4",4,"1-0.576057-32",11,0.318057,32,3,233126.887911863,159643.901643873,106230.061834615,79472.3876209881,59904.2204260334,38308.0852151774,21580.5185102952,12159.5785153894,6852.80368046777,3862.95609871948,2178.12294885053,1228.47546766291,693.080095916347,391.152128946648,220.834563564765,124.727613268834,70.4772722335816,133.563306365853,17126.3644166346,68122.2043226998,1112862830.02528,25676.735555579
"5",5,"1-0.576057-32",11,0.318057,32,4,254075.499176015,180112.722076632,123340.117245004,79926.094334858,59793.9739496767,45071.143611696,28822.4969450067,16236.896867615,9148.70614502873,5155.95890620913,2906.43710664831,1638.79091545459,924.288703411925,521.464302770198,294.297691421312,166.153006550574,93.8434075262689,200.982532437804,20544.5779885368,82848.1470427642,1302708842.80001,40402.6782756434
"6",6,"1-0.576057-32",11,0.318057,32,5,269493.192726047,196297.519258577,139154.230318206,92799.4738583914,60135.3368839238,44988.1956201653,33910.9326858599,21685.6657146566,12216.426577693,6883.36557242967,3879.27532759886,2186.7648606471,1233.00462262418,695.422602846243,392.342848490096,221.425692886175,125.011325854789,302.433201484746,24101.1957245503,97792.0931908766,1500193309.29145,55346.6244237558
"7",7,"1-0.576057-32",11,0.318057,32,6,281957.20246919,208209.155785417,151658.527453594,104697.803497686,69821.097472186,45245.0325796273,33848.5237134703,25514.1375051887,16316.0082343007,9191.47787566661,5178.95326974252,2918.71547874336,1645.29297565825,927.696379736683,523.226774020101,295.193573066417,166.597764438229,455.09348623925,27836.3492396019,112997.221529234,1704594197.38037,70551.7527621134
"8",8,"1-0.576057-32",11,0.318057,32,7,292910.832938691,217838.790285904,160861.401040822,114105.871375779,78773.2434161282,52532.4708161551,34041.7644468006,25467.1818193084,19196.4998032955,12275.948924263,6915.54645718854,3896.5759827731,2196.00294551121,1237.89668677469,697.986493469024,393.668908561506,222.099742393846,684.812646893996,31734.6864180141,129018.453769578,1913156256.38201,86572.9850024571
"9",9,"1-0.576057-32",11,0.318057,32,8,302464.210748793,226301.512960901,168301.21074283,121029.991815714,85851.7493281735,59267.9470914951,39524.7366478239,25612.5735927363,19161.1709659174,14443.1927053377,9236.26170243681,5203.16574205587,2931.73226300979,1652.24358859747,931.377104138359,525.155811434197,296.191283135777,1030.48796681616,35729.2411864959,145632.378181324,2122344958.85157,103186.909414203
"10",10,"1-0.576057-32",11,0.318057,32,9,310624.138919046,233682.407107503,174839.469932177,126627.60629326,91061.366021513,64593.7213733249,44592.4199652932,29737.8894007668,19270.5618144005,14416.6117550844,10866.8672758618,6949.24121648072,3914.79312689198,2205.79660193245,1243.12623607431,700.755821855626,395.120290813118,1550.65104969837,39744.0663532571,162478.528244903,2328990128.89205,120033.059477782
"11",11,"1-0.576057-32",11,0.318057,32,10,317503.174010838,239986.728706175,180541.913558527,131546.906082119,95272.9371630143,68513.3681106915,48599.4621368246,33550.7473422583,22374.3948983637,14498.9159835132,10846.8681202484,8176.08729595882,5228.51723355712,2945.43860144367,1659.61220623252,935.311747905212,527.239417506236,2333.37870539117,43716.8931789967,179220.17132241,2530969750.79614,136774.702555289
"12",12,"1-0.576057-32",11,0.318057,32,11,323302.739401778,245301.43841959,185412.60236733,135837.349289508,98974.1532989691,71682.0985674022,51548.5525306326,36565.5929055056,25243.1388137302,16834.1989682366,10908.7927337895,8161.04019563177,6151.58000683666,3933.86725399183,2216.10906979449,1248.67028658172,703.716195816183,3511.20658889184,47606.317611838,195649.478055391,2727619649.98921,153204.00928827
"13",13,"1-0.576057-32",11,0.318057,32,12,328238.00763879,249782.154988922,189518.721751946,139501.991166627,102202.226055493,74466.8446640069,53932.663440773,38784.4495356042,27511.468764138,18992.6039700063,12665.8287828335,8207.63145631691,6140.25876744891,4628.36748321127,2959.7897225445,1667.37117073778,939.483018223614,5283.57085002654,51398.76021951,211705.69990594,2920089790.62943,169260.231138819
"14",14,"1-0.576057-32",11,0.318057,32,13,332508.884486334,253595.119698007,192980.502009835,142591.38111536,104959.454163202,76895.6039361175,56027.8695940215,40578.2230703057,29180.9071629303,20699.265441042,14289.7841755438,9529.60215444444,6175.31341612734,4619.84953234439,3482.32251484009,2226.90666361216,1254.50802891452,7950.5777346074,55115.5220409175,227479.077319095,3111807636.81096,185033.608551974
"15",15,"1-0.576057-32",11,0.318057,32,14,336302.294143197,256894.778787335,195926.380364266,145195.978822262,107283.870323893,78970.1059182646,57855.2359660903,42154.6284847752,30530.5186596565,21955.3288250193,15573.8537070483,10751.4447258574,7169.94669508521,4646.22418664431,3475.91372120137,2620.05342949745,1675.49513759948,11963.8191874946,58822.1885824588,243247.533994096,3309179045.37873,200802.065226975
"16",16,"1-0.576057-32",11,0.318057,32,15,339800.419051413,259825.549001656,198475.681244259,147412.418756392,109243.53521,80718.965912548,59416.0638358988,43529.5147882936,31716.5852559748,22970.7586754762,16518.8991940276,11717.5616680402,8089.24489503485,5394.57311828987,3495.75766246639,2615.23153787757,1971.29356748756,18002.8388286845,62642.4178687208,259537.388481359,3522682360.03216,217091.919714238
"17",17,"1-0.576057-32",11,0.318057,32,16,343187.923416817,262528.183627058,200739.980338244,149330.479040867,110911.155318689,82193.3918692563,60731.8829784987,44703.8610459189,32751.0315369701,23863.1395046651,17282.895191172,12428.6014004714,8816.13851183066,6086.24093229748,4058.80550667468,2630.16185698057,1967.66563997036,27090.1959326136,66779.2281473831,277216.930073159,3771846706.94652,234771.461306039
"18",18,"1-0.576057-32",11,0.318057,32,17,346698.640606312,265145.353348511,202828.022963957,151034.107748811,112354.278523075,83448.0871957954,61841.2215788009,45693.8659758114,33634.5941382503,24641.4432127801,17954.3107312233,13003.4218899322,9351.11540771731,6633.14608121735,4579.20722720482,3053.79161238156,1978.8990147088,40764.6106622961,71611.8851680161,297914.536215632,4086591106.71701,255469.067448512
"19",19,"1-0.576057-32",11,0.318057,32,18,350562.670742859,267857.71671039,204850.035812366,152605.123419853,113636.066243718,84533.874019022,62785.2377574472,46528.5176750178,34379.4607612384,25306.2240347156,18539.8961532936,13508.5860672399,9783.60274579092,7035.65562615366,4990.69143205112,3445.33498803986,2297.6324429727,61341.5084402555,77721.9180883205,324130.651709674,4505034254.22148,281685.182942553
"20",20,"1-0.576057-32",11,0.318057,32,19,354902.730980523,270843.047970604,206945.594813496,154126.459159258,114818.077668325,85498.2741568744,63602.1694108982,47238.782969465,35007.4416669764,25866.6518359205,19040.0684563912,13949.1727983139,10163.6815953443,7361.05338253753,5293.53429313639,3754.93026461093,2592.22450324821,92305.0802299503,85850.2705463138,359052.858025362,5081184119.49328,316607.389258241
"21",21,"10-0.576057-32",2,0.318057,32,0,176958.348523671,136969.251701554,89942.9181316662,50668.5416070175,28549.2727914244,16089.5841424226,9069.77057667427,5113.97875849846,2884.31718249883,1627.27126598835,918.379598282211,518.493810373965,292.845895219848,165.472418969579,93.5451845580588,52.9111236627982,29.9450341270776,39.1988840684049,130012.795403317,509345.62520545,586703772.311464,0
"22",22,"10-0.576057-32",2,0.318057,32,1,177968.601181278,136717.176350904,105821.790809874,53310.202327664,30031.8275282506,16921.4824294506,9536.48162432191,5375.7573642451,3031.11404408554,1709.56797678143,964.502400342855,544.334153427767,307.317246436392,173.573131151274,98.0774064057247,55.4453070809701,31.361031712565,46.4672591041849,103348.434906397,404883.788769458,626098194.686015,-19570.8989017506
"23",23,"10-0.576057-32",2,0.318057,32,2,182983.9537267,137497.692737395,105627.038595831,62721.7928430096,31597.5702284436,17800.2096780634,10029.5573096425,5652.38237147725,3186.27323535147,1796.57616547281,1013.28060761492,571.671668830283,322.63311504539,182.150467503418,102.878791710704,58.1316071111652,32.8630713791054,55.08335811008,110930.542592235,433089.349463781,664451205.979345,8634.66179257294
"24",24,"10-0.576057-32",2,0.318057,32,3,189848.586519179,141372.530201323,106230.061834615,62606.3609652131,37175.928202817,18728.2433896021,10550.3890592395,5944.63400277089,3350.23205957873,1888.54080316975,1064.85136204064,600.583073450797,338.836374929735,191.228359029845,107.962677644846,60.9774434191089,34.4552723116221,65.2970801200118,118229.052672407,460577.869604806,699096705.885859,36123.1819335981
"25",25,"10-0.576057-32",2,0.318057,32,4,196713.546620919,146676.112766957,109223.742784435,62963.7797763396,37107.5104008575,22034.6003374015,11100.4453166604,6253.33697268169,3523.45296366422,1985.7210845585,1119.35986081357,631.149652896229,355.972497060444,200.832217574191,113.343248389437,63.9907210999945,36.1420322313503,77.4046611987334,124612.571412798,488012.860156286,730542805.433266,63558.172485078
"26",26,"10-0.576057-32",2,0.318057,32,5,201931.566366428,151979.948210166,113321.265387729,64738.1689161911,37319.3566421477,21994.0483190654,13060.1611177047,6579.36164459394,3706.42476541301,2088.39110723511,1176.95973160618,663.457467213621,374.08966035189,210.988994304098,119.035565836552,67.1798472812529,37.9280365791555,91.7572663935164,130291.731638717,511706.57536102,760152653.350895,87251.8876898114
"27",27,"10-0.576057-32",2,0.318057,32,6,206129.588286494,156011.365386586,117418.983363032,67166.8177032367,38371.0574988513,22119.6120234696,13036.125469905,7740.90774548269,3899.66333921612,2196.84059913625,1237.81343521699,697.597573291857,393.238873584037,221.727245416392,125.055604253313,70.5537493195964,39.8182683561861,108.771174831374,135625.698894604,533076.168666133,788626458.930648,108621.480994925
"28",28,"10-0.576057-32",2,0.318057,32,7,209926.129759741,159254.73710631,120533.637052168,69595.5822895193,39810.5455753967,22742.9672205622,13110.5485220568,7726.66154051296,4588.12507625517,2311.37532494837,1302.09269672726,733.666263515259,413.474107222491,233.077204401788,131.420289226105,74.1218953469251,41.8180189094705,128.939853367661,140825.805476793,553590.08168242,815788321.168003,129135.394011212
"29",29,"10-0.576057-32",2,0.318057,32,8,213565.693617326,162187.926947036,123039.450578777,71441.6733636978,41250.1022874822,23596.1683641648,13480.0183187823,7770.77293972559,4579.68118667372,2719.43451692033,1369.97874638432,771.765321315108,434.852434871241,245.070860176159,138.147540492697,77.8943173530098,43.9329001097122,152.848268966921,145825.010153805,573445.335797,841281875.975825,148990.648125792
"30",30,"10-0.576057-32",2,0.318057,32,9,216990.536811192,164999.836630355,125305.619064587,72926.8978691265,42344.3017055585,24449.4101888417,13985.720452274,7989.76193882127,4605.82652046797,2714.42972642242,1611.84012399543,812.002163943965,457.434184740976,257.74204092119,145.256318251542,81.8816365725845,46.1688580326618,181.189854928466,150523.751141827,592382.16999254,864943584.954698,167927.482321331
"31",31,"10-0.576057-32",2,0.318057,32,10,220093.977296414,167645.85415265,127478.087079035,74270.0820018698,43224.6113567363,25097.9547721858,14491.4466979064,8289.4974112073,4735.62381959756,2729.92636655206,1608.87372708956,955.356184955613,481.283024273074,271.126503861408,152.766672855105,86.0950909334011,48.5321880063385,214.78662304055,154879.039295537,610042.972146019,886822502.772226,185588.284474811
"32",32,"10-0.576057-32",2,0.318057,32,11,222861.023961557,170043.55747466,129522.387600831,75557.7287872572,44020.7320449158,25619.724429988,14875.8465336553,8589.24717513652,4913.28048239658,2806.85871900312,1618.05876397596,953.597967382496,566.250601747353,285.261985421779,160.699798021731,90.5465645100349,51.0295508798078,254.613004990687,158903.596501567,626358.586457773,907050031.306154,201903.898786565
"33",33,"10-0.576057-32",2,0.318057,32,12,225335.653221278,172181.364535167,131374.841755422,76769.4092252431,44783.9351083864,26091.5943208665,15185.1054125494,8817.08538012443,5090.94561595766,2912.15786690055,1663.65745434428,959.042044414603,565.2084859643,335.623246102852,169.078060564638,95.2486190631727,53.6679904807911,301.824114522014,162627.908459198,641430.825308579,925751356.551778,216976.137637371
"34",34,"10-0.576057-32",2,0.318057,32,13,227569.319868286,174093.25130246,133026.501297535,77867.3801142844,45502.1120437949,26543.9535568783,15464.7881255146,9000.38667552314,5225.98794122552,3017.46203551612,1726.06947072033,986.068912787422,568.435253052779,335.005572089184,198.927759152959,100.214511660329,56.454952309365,357.789250043727,166076.553245271,655387.749090348,943035434.900683,230933.06141914
"35",35,"10-0.576057-32",2,0.318057,32,14,229597.563192655,175818.971504055,134503.615898274,78846.3377264618,46152.892021369,26969.6252887832,15732.9066488793,9166.15783711584,5334.63272780364,3097.5031753009,1788.48446293377,1023.06123291444,584.454388868774,336.918114064965,198.561656659009,117.906771420388,59.3982939819614,424.131609396359,169268.101633318,668327.362298626,959014858.822607,243872.674627418
"36",36,"10-0.576057-32",2,0.318057,32,15,231443.738147318,177385.982626014,135836.899097976,79721.8405438292,46733.131460554,27355.3500684094,15985.2071815327,9325.07477049176,5432.88720239898,3161.89819021299,1835.92576731993,1060.05531685451,606.380162587323,346.412840155739,199.695242290951,117.689778260387,69.8846998828867,502.775368648333,172221.536012565,680328.203593355,973819290.663686,255873.515922146
"37",37,"10-0.576057-32",2,0.318057,32,16,233128.638154132,178812.328593622,137047.564419461,80512.09283509,47252.0520526564,27699.2646593965,16213.8306959995,9474.61619879455,5527.07909707557,3220.13474767723,1874.09343349272,1088.17432375411,628.306981738165,359.40849848445,205.322875677317,118.361667505809,69.7560855405493,596.001490384643,174959.946580663,691476.688266061,987524160.846714,267022.000594853
"38",38,"10-0.576057-32",2,0.318057,32,17,234665.103858083,180114.074305464,138149.55251337,81229.6680992698,47720.4436771681,28006.8348642733,16417.6728306534,9610.12398602518,5615.71402203451,3275.96336728554,1908.61091108601,1110.7967385958,644.973440623523,372.404776452909,213.025551877689,121.697230557187,70.1543220260815,706.513880136347,177496.602463824,701817.778810504,1000419802.02065,277363.091139296
"39",39,"10-0.576057-32",2,0.318057,32,18,236094.858393938,181301.140382632,139155.275043754,81882.8291203848,48145.7587916138,28284.455968747,16599.9732295346,9730.94356434257,5696.03104647955,3328.49830701189,1941.70117620991,1131.25564467271,658.382006160447,382.283178374042,220.728595345668,126.262695356819,72.1313486207191,837.517809734285,179886.235246035,711579.072966326,1012643359.86069,287124.385295118
"40",40,"10-0.576057-32",2,0.318057,32,19,237437.46746567,182405.761920117,140072.39663517,82478.932434509,48532.8948431394,28536.5451301296,16764.5224520566,9838.9951080399,5767.64220052077,3376.1031314101,1972.83923937552,1150.8686254996,670.508235162337,390.230589427025,226.583637810697,130.828377840187,74.8373521309891,992.812882157033,182154.38542755,720864.51355246,1024340608.27288,296409.825881252
"41",41,"11-0.576057-32",1,0.318057,32,0,176958.348523671,136969.251701554,89942.9181316662,50668.5416070175,28549.2727914244,16089.5841424226,9069.77057667427,5113.97875849846,2884.31718249883,1627.27126598835,918.379598282211,518.493810373965,292.845895219848,165.472418969579,93.5451845580588,52.9111236627982,29.9450341270776,39.1988840684049,130012.795403317,509345.62520545,586703772.311464,0
"42",42,"11-0.576057-32",1,0.318057,32,1,177968.601181278,136717.176350904,105821.790809874,51915.7896526857,29246.2975709496,16478.8742878791,9287.0398613753,5235.14592630236,2951.83046124713,1664.85152192896,939.274314284978,530.096232545418,299.278877700959,169.033051325176,95.512036689426,53.9950473635792,30.5407343171131,45.2518344342854,113627.077964213,445151.993589654,613865345.290044,-21748.1628486755
"43",43,"11-0.576057-32",1,0.318057,32,2,180373.446075764,137497.692737395,105627.038595831,61081.2051296091,29966.2193672254,16881.2027044819,9511.74132453884,5360.5555384968,3021.76914377142,1703.82073986259,960.965946078052,542.156833906653,305.975890889179,172.746221547648,97.5672628733609,55.130330537075,31.1663839626686,52.2394595747813,119378.47001022,465675.333669266,641611455.094033,-1224.82276906254
"44",44,"11-0.576057-32",1,0.318057,32,3,185070.780319388,139355.664436831,106230.061834615,60968.7925551817,35256.5723140007,17296.7474668513,9743.96858468921,5490.25506502507,3094.15659997537,1744.18992073797,983.459298119515,554.677421594772,312.937368861666,176.611792458656,99.7105351644855,56.3166239381593,31.8216787168944,60.3060885990864,125175.084208773,486411.328924967,666867451.372718,19511.1724866384
"45",45,"11-0.576057-32",1,0.318057,32,4,190379.624026486,142984.802477068,107665.521910989,61316.862511891,35191.6868545391,20350.3825553992,9983.8244279571,5624.29854326687,3169.02022989938,1785.97255385508,1006.76072024715,567.660768782362,320.164354712768,180.630014611092,101.941774382337,57.5537382740714,32.5064169926406,69.6183373971302,130359.526922434,508669.132611949,689246609.931592,41768.9761736201
"46",46,"11-0.576057-32",1,0.318057,32,5,194497.259318842,147086.389813173,110469.376657534,62145.4218351584,35392.5956868553,20312.9301362994,11746.4076332412,5762.74530221943,3246.39122436198,1829.18445474184,1030.87799859549,581.110540647847,327.658449140436,184.801490087566,104.261125148101,58.8416278411994,33.2204895285741,80.3685500839143,134810.986713729,527359.141659787,709872706.2097,60458.9852214576
"47",47,"11-0.576057-32",1,0.318057,32,6,197714.126702967,150267.655207602,113638.243477479,63763.8297794639,35870.8469203603,20428.8963612625,11724.7897899206,6780.12277708554,3326.30382854673,1873.8436269944,1055.82026201689,595.031231411901,335.421767715701,189.127142824057,106.668934988792,60.1803761160763,33.9638699441954,92.7787718592789,138865.63676817,543796.647386791,729560067.213188,76896.4909484618
"48",48,"11-0.576057-32",1,0.318057,32,7,200507.225593843,152752.991610897,116096.073953281,65592.9256847225,36805.0052527129,20704.9468937062,11791.7264456024,6767.6447807086,3913.54244699149,1919.96983721342,1081.59790233464,609.428110322943,343.456904539578,193.608193945505,109.165737207834,61.5701836941451,34.7366064228435,107.10533534235,142789.945554738,559217.845469225,748323692.857414,92317.6890308957
"49",49,"11-0.576057-32",1,0.318057,32,8,203194.59095395,154910.926496791,118016.233008649,67011.6055834216,37860.7744032422,21244.1507409032,11951.0650758532,6806.28116708141,3906.34004519434,2258.92878166842,1108.22232899268,624.307175626559,351.766901065449,198.246140788283,111.752236648551,63.0113584025124,35.5388147498527,123.644155111222,146569.172201177,574079.896794532,765912388.825257,107179.740356203
"50",50,"11-0.576057-32",1,0.318057,32,9,205775.322674626,156987.172160939,119683.443212688,68119.937130684,38679.6480704,21853.5493492565,12262.2979565789,6898.25273064063,3928.64128413051,2254.77149630941,1303.87221034811,639.67501294732,360.355219529837,203.042738904214,114.429297585772,64.5043070825243,36.3706726055523,142.736839806363,150123.224379361,588288.303958123,782182197.358492,121388.147519794
"51",51,"11-0.576057-32",1,0.318057,32,10,208149.134493595,158981.033183681,121287.540713491,69082.2645274111,39319.386125028,22326.2099426571,12614.0478288657,7077.89890072713,3981.7280245538,2267.64395423778,1301.47259115955,752.605728305615,369.22566120923,207.9999867246,117.197933338402,66.0495286006958,37.2324148221022,164.777748043006,153404.769991082,601526.195604658,797176441.075915,134626.039166329
"52",52,"11-0.576057-32",1,0.318057,32,11,210278.174904261,160815.028876936,122827.988233145,70008.1627544645,39874.8493870979,22695.4719920412,12886.8713980118,7280.93181048067,4085.42126657724,2298.28605598867,1308.90267939778,751.220648439098,434.410195863597,213.120078377393,120.059297417369,67.6476078530055,38.1243293493445,190.222133872086,156423.528165946,613714.484140374,811017757.208473,146814.327702045
"53",53,"11-0.576057-32",1,0.318057,32,12,212186.578899593,162459.915347179,124244.924561458,70897.3216906275,40409.2854338039,23016.0899403181,13100.012479942,7438.40781106306,4202.6135264493,2358.13864530997,1326.58955171703,755.509356278354,433.610716410451,250.745126130129,123.014656291313,69.299210655418,39.0467537940326,219.595550033892,159210.942278126,624937.496372229,823816339.662589,158037.3399339
"54",54,"11-0.576057-32",1,0.318057,32,13,213916.723551181,163934.339174906,125515.756005725,71715.1889546658,40922.5152606378,23324.5708075164,13285.0757879531,7561.43459077723,4293.50996489499,2425.78297839169,1361.13695691489,765.718363969162,436.086193731953,250.28366003604,144.732142285528,71.0050680240134,40.0000724705994,253.504703228248,161792.185436163,635317.75058907,835653067.657117,168417.594150741
"55",55,"11-0.576057-32",1,0.318057,32,14,215498.476528121,165271.040683578,126654.888825132,72448.7232819377,41394.5949499078,23620.8112707665,13463.133473272,7668.25464921776,4364.52203065807,2478.24914778612,1400.1818204841,785.659409451731,441.97891665943,251.712525838737,144.465780273151,83.5405789689697,40.9847073275188,292.649985616392,164182.844993728,644943.848295209,846599312.378916,178043.69185688
"56",56,"11-0.576057-32",1,0.318057,32,15,216948.01696466,166493.095491933,127687.618037483,73106.2400833408,41817.9969767569,23893.2995372865,13634.1258970912,7771.0310048117,4426.17944404739,2519.23789426599,1430.46572354999,808.196424774151,453.489051578693,255.113853818074,145.290533327596,83.3868326319234,48.2203070048008,337.839941392185,166395.593345706,653873.175658705,856733955.212526,186973.019220376
"57",57,"11-0.576057-32",1,0.318057,32,16,218277.274843685,167613.00352195,128631.771755791,73702.3398505073,42197.5210645209,24137.690658022,13791.4083582491,7869.72923355058,4485.50279900541,2554.82705871096,1454.12476402343,825.676541876088,466.497601569981,261.757598047805,147.253807719656,83.8628868558619,48.131563358722,390.007967229102,168445.425844044,662160.604322955,866087216.786229,195260.447884626
"58",58,"11-0.576057-32",1,0.318057,32,17,219490.296220213,168639.981821525,129497.00736018,74247.3131164151,42541.5947366573,24356.7550726281,13932.4729165339,7960.51395945394,4542.47222571224,2589.06898549594,1474.66712148325,839.332733982344,476.587268454482,269.266239740368,151.088631351151,84.9961049289011,48.4063457592339,450.231591550042,170337.805912812,669818.710716133,874845554.524066,202918.554277804
"59",59,"11-0.576057-32",1,0.318057,32,18,220617.549894082,169577.156353474,130290.445897909,74746.7342000376,42856.1577731577,24555.3572167293,14058.9186924252,8041.93757887267,4594.87391371146,2621.95220559801,1494.43184232174,851.189951104132,484.46973448485,275.090078176148,155.42268088819,87.2095965649679,49.0604485205475,519.754730832477,172111.476537402,677007.418843809,883084069.273201,210107.26240548
"60",60,"11-0.576057-32",1,0.318057,32,19,221671.580027259,170448.06716728,131014.502472945,75204.7134282274,43144.4277166291,24736.9255800279,14173.5534780414,8114.92311725637,4641.87229431009,2652.19888947401,1513.41230652486,862.598309993412,491.313817407085,279.639902185393,158.784248174239,89.7112454861185,50.3380940379834,600.013382652015,173781.934177708,683789.256962354,890884515.329279,216889.100524025
"61",61,"12-0.576057-32",0,0.318057,32,0,176958.348523671,136969.251701554,89942.9181316662,50668.5416070175,28549.2727914244,16089.5841424226,9069.77057667427,5113.97875849846,2884.31718249883,1627.27126598835,918.379598282211,518.493810373965,292.845895219848,165.472418969579,93.5451845580588,52.9111236627982,29.9450341270776,39.1988840684049,130012.795403317,509345.62520545,586703772.311464,0
"62",62,"12-0.576057-32",0,0.318057,32,1,177968.601181278,136717.176350904,105821.790809874,50557.850047087,28481.3143923366,16047.8432624262,9044.1226423384,5098.21240295669,2874.62066593907,1621.30469669153,914.706108727054,516.230727007165,291.45076521595,164.611724469026,93.0137682762968,52.5827214833084,29.7418930976936,44.0682011193459,123918.999434651,485472.218684914,601952465.421556,-23873.4065205355
"63",63,"12-0.576057-32",0,0.318057,32,2,177769.702378871,137497.692737395,105627.038595831,59483.5295831503,28419.0935148657,16009.6431392604,9020.6596594207,5083.79543222564,2865.75823345602,1615.85418385082,911.352238049181,514.16582030926,290.178662510374,163.827507378916,92.5299629428783,52.2840068624799,29.5572948159092,49.5423886686716,127446.139564187,496716.297104684,619860390.162102,-12629.328100766
"64",64,"12-0.576057-32",0,0.318057,32,3,180320.26367312,137344.024470984,106230.061834615,59374.0573374361,33436.3108447732,15974.6681366886,8999.18697275549,5070.60664541894,2857.65430421407,1610.87251834744,908.288448074332,512.280574707589,289.017956972212,163.112445213167,92.0891463575401,52.0120548510593,29.3893842197174,55.6965842184155,131515.331969092,509744.837991044,636711682.507458,399.212785594573
"65",65,"12-0.576057-32",0,0.318057,32,4,184105.136101907,139314.575966117,106111.338464659,59713.0229738048,33374.775356509,18794.8981969117,8979.52715993028,5058.5366248428,2850.24074993401,1606.31721540733,905.48820206568,510.558386487085,287.958240805435,162.460000554196,91.6872024746724,51.764267262189,29.2365171647117,62.6152589118233,135395.721164894,526372.77598329,651049442.254637,17027.1507778404
"66",66,"12-0.576057-32",0,0.318057,32,5,187164.031535864,142238.75035873,107633.77715442,59646.287332356,33565.3114673071,18760.3084587437,10564.8078184288,5047.48563951323,2843.45606579178,1602.14997941596,902.927618889717,508.984339071888,286.990180889059,161.864323071574,91.320456543837,51.5383304238087,29.097233183028,70.3933769658057,138530.442322423,539740.307928698,663753694.35344,30394.6827232478
"67",67,"12-0.576057-32",0,0.318057,32,6,189420.499740526,144602.038386519,109892.980348003,60502.0659593085,33527.7986689318,18867.4107889593,10545.3645667333,5938.58839090036,2837.24419196368,1598.33623787182,900.585172183084,507.545008628395,286.105392460602,161.320166520893,90.985620033432,51.3321787204649,28.9702317355296,79.1376991290274,141221.213813797,550986.722380175,675778070.373493,41641.0971747251
"68",68,"12-0.576057-32",0,0.318057,32,7,191203.608541647,146345.374962842,111718.845410368,61771.9875791499,34008.8407386546,18846.3244547097,10605.5679008391,5927.6591368349,3338.14231954306,1594.84447896477,898.441428382992,506.228294963803,285.296329843535,160.822817739927,90.6797439748945,51.1439636343303,28.8543517182797,88.9682480566129,143801.945906647,561101.414200889,687323747.660101,51755.7889954394
"69",69,"12-0.576057-32",0,0.318057,32,8,192917.823755269,147722.996320916,113065.738937192,62798.3253269885,34722.6768934201,19116.7232068581,10593.7150529754,5961.5000572907,3331.99887212501,1876.40452781657,896.478674373112,505.023274270282,284.556191393591,160.368035225393,90.4001790507014,50.9720275194948,28.7485540601755,100.019955714882,146321.582287263,570850.809018702,698201674.967156,61505.1838132519
"70",70,"12-0.576057-32",0,0.318057,32,9,194631.440481225,149047.390821765,114130.082630089,63555.4281914843,35299.5920194885,19517.9779361965,10745.709004784,5954.83744818959,3351.02120559383,1872.95123210651,1054.74650718082,503.919989820854,283.878836724738,159.951995702286,90.1445410677292,50.814881167015,28.6519069812047,112.444515428035,148715.192530659,580302.536691638,708238387.98916,70956.9114861878
"71",71,"12-0.576057-32",0,0.318057,32,10,196253.157100545,150371.322933898,115153.303506874,64153.7068546832,35725.1674165126,19842.267930779,10971.2584627956,6040.2748298449,3347.27608370038,1883.64388365751,1052.80537373414,592.883985259113,283.258669057154,159.571247595732,89.9106809233194,50.6711843971311,28.5635733815266,126.412463987566,150918.954457688,589144.966692648,717442180.428796,79799.3414871978
"72",72,"12-0.576057-32",0,0.318057,32,11,197717.325414146,151624.253461813,116176.16714434,64728.8699551043,36061.4660775824,20081.4882891288,11153.5452426605,6167.05852680763,3395.30132481854,1881.53871167699,1058.8158244172,591.792853953201,333.266256473574,159.222644897565,89.6966584513259,50.5397291768796,28.482799932155,142.115522403004,152931.330592408,597254.042101721,725918708.553952,87908.4168962709
"73",73,"12-0.576057-32",0,0.318057,32,12,199025.214133553,152755.462919903,117144.175296369,65303.8322475881,36384.7712403206,20270.5252653642,11288.0134949353,6269.52382227966,3466.56775993769,1908.53419936367,1057.63248534476,595.171390814825,332.652920214401,187.332430062805,89.5007052478266,50.4194249186842,28.4089075851928,159.769227422583,154782.334342013,604679.499441655,733766168.913427,95333.8742362047
"74",74,"12-0.576057-32",0,0.318057,32,13,200211.81988426,153765.931508644,118018.142330204,65847.9597009911,36707.963526828,20452.2584610032,11394.2731460161,6345.10982588974,3524.16456857049,1948.59380399946,1072.80692983424,594.506223610756,334.552030934586,186.98766737038,105.30150794315,50.309277584302,28.3412833100168,179.615889943558,156498.39547379,611537.325007619,741043612.645958,102191.699802169
"75",75,"12-0.576057-32",0,0.318057,32,14,201305.061924317,154682.697454031,118798.825544059,66339.2256634546,37013.8232294828,20633.9282077386,11496.4272660353,6404.8394812867,3566.65224759579,1980.96956936862,1095.32485037978,603.035936733073,334.178133528785,188.055177264526,105.107713246829,59.1910731707464,28.2793683473887,201.92792091862,158092.851244894,617910.555889265,747789518.357483,108564.930683815
"76",76,"12-0.576057-32",0,0.318057,32,15,202316.861767098,155527.331041717,119507.114542423,66778.0558201831,37289.96893811,20805.8551287623,11598.5457207656,6462.26137495998,3600.2269083212,2004.85233579016,1113.52360493094,615.693494147951,338.972774017895,187.8450056427,105.707771664692,59.0821391557065,33.2719180526471,227.011570409106,159572.381272143,623839.0401965,754044512.920447,114493.41499105
"77",77,"12-0.576057-32",0,0.318057,32,16,203251.862004645,156309.042776097,120159.674425147,67176.1924351955,37536.6399347919,20961.079504599,11695.1876317991,6519.66322080332,3632.50435217179,2023.72500189436,1126.94835641256,625.923203420831,346.087718729907,190.540122945023,105.58963200944,59.4194382353891,33.2106851094448,255.21113110642,160944.660783066,629350.35950947,759811268.44962,120004.734304021
"78",78,"12-0.576057-32",0,0.318057,32,17,204106.969602668,157031.419501644,120763.62118401,67543.0031345016,37760.4366683,21099.7358381966,11782.4408684098,6573.98664445679,3664.7705269286,2041.868488897,1137.55687838078,633.46939589964,351.837944741992,194.539507391463,107.104585485051,59.3530307060482,33.4002844313908,286.91366401827,162209.587798458,634433.863569694,765208080.203225,125088.238364244
"79",79,"12-0.576057-32",0,0.318057,32,18,204903.362889897,157692.071554815,121321.725997953,67882.4878911153,37966.624778675,21225.5343104807,11860.3810361043,6623.03259653755,3695.30628854461,2060.00564142478,1147.75552118963,639.432556468937,356.079738044846,197.771769258154,109.352681091953,60.2046018162511,33.362956068245,322.554311183483,163394.170210571,639199.372711182,770273550.72371,129853.747505732
"80",80,"12-0.576057-32",0,0.318057,32,19,205648.468584595,158307.36121141,121832.142624315,68196.2044135499,38157.4526923638,21341.4347925017,11931.0936661812,6666.84357568737,3722.87552848283,2077.17011072292,1157.95060332426,645.165319698378,359.431692641515,200.156125405266,111.169569115642,61.4682797460563,33.8416330490278,362.622268336533,164507.363884943,643682.743074273,775051929.573959,134337.117868823
"81",81,"2-0.576057-32",10,0.318057,32,0,176958.348523671,136969.251701554,89942.9181316662,50668.5416070175,28549.2727914244,16089.5841424226,9069.77057667427,5113.97875849846,2884.31718249883,1627.27126598835,918.379598282211,518.493810373965,292.845895219848,165.472418969579,93.5451845580588,52.9111236627982,29.9450341270776,39.1988840684049,130012.795403317,509345.62520545,586703772.311464,0
"82",82,"2-0.576057-32",10,0.318057,32,1,177968.601181278,136717.176350904,105821.790809874,65901.7980811957,37125.1908145363,20918.2495959403,11788.9495625674,6645.48362008636,3747.04760013156,2113.35914501799,1192.31290936668,672.903082367032,379.90400030822,214.570212492258,121.24278564074,68.5412036019202,38.7683461945322,57.4425868438601,20894.5372352933,81857.644076296,736561257.2154,-3033.29345794569
"83",83,"2-0.576057-32",10,0.318057,32,2,204002.855289406,137497.692737395,105627.038595831,77536.3578968379,48286.7031729719,27201.8840349816,15326.9461311637,8637.84486650083,4869.19180275779,2745.48768790235,1548.47285968799,873.615913680497,493.040741656275,278.358288107802,157.217078471969,88.8354274474517,50.2206138498142,84.177161205821,26719.5353844536,104974.57325323,893851494.525861,20083.6357189888
"84",84,"2-0.576057-32",10,0.318057,32,3,228363.942007151,157611.633332795,106230.061834615,77393.6616028729,56811.425604277,35380.0013232112,19931.008536739,11230.1594179842,6329.00866542392,3567.69050492906,2011.63781430445,1134.57677216992,640.10442111308,361.25436084773,203.955042577712,115.194040571466,65.09033199844,123.354376221449,32796.5314918347,130172.734722536,1053218395.43412,45281.797188294
"85",85,"2-0.576057-32",10,0.318057,32,4,247844.707786983,176432.892779868,121769.996437503,77835.5008999085,56706.8710429268,41626.1243981119,25923.1716264919,14603.5877801959,8228.41546346346,4637.30841501415,2614.07150397154,1473.94093725891,831.312246704082,469.008935748806,264.693568310595,149.439270070401,84.403470107393,180.765208935681,38711.0140492669,155650.737925332,1215624241.9831,70759.8003910906
"86",86,"2-0.576057-32",10,0.318057,32,5,262230.324004562,191483.639539158,136311.211748559,89221.718443966,57030.6097512368,41549.5165480032,30499.7491961659,18994.0871125881,10700.1497521199,6029.01691056475,3397.78794322771,1915.34826757959,1079.96671720891,609.108231784503,343.646090476492,193.942807889114,109.495186571154,264.895837200779,44764.5711168235,181041.073635469,1382557671.4628,96150.136101227
"87",87,"2-0.576057-32",10,0.318057,32,6,273946.39199672,202597.89803978,147939.346934435,99876.167456634,65373.3700828349,41786.7221382741,30443.6180946387,22347.377145474,13917.0989737959,7840.07371620395,4417.50238174968,2489.58272211626,1403.38892051978,791.299081799035,446.297813485372,251.791866846277,142.103236478255,388.182023407329,51046.6209373158,206516.233161254,1553571407.43172,121625.295627013
"88",88,"2-0.576057-32",10,0.318057,32,7,284377.318316853,211649.676309562,156526.170060419,108396.182517283,73179.9585512164,47899.5203244297,30617.4202709355,22306.2494992317,16374.0777692963,10197.1546565178,5744.4762269177,3236.73454266961,1824.13447625929,1028.27276666844,579.790309162715,327.005494143925,184.489642009386,568.847305752095,57539.5857452964,233087.637834714,1726322547.00794,148196.700300472
"89",89,"2-0.576057-32",10,0.318057,32,8,293600.771346998,219708.560250955,163519.530793742,114687.807200608,79422.632503085,53619.4616787133,35096.3097726682,22433.5955556673,16343.9432584919,11997.4000102855,7471.52573138453,4209.01745520836,2371.57778182365,1336.55594486503,753.422566768134,424.816368843418,239.599186841675,833.596709144536,64127.3907069815,260381.272062451,1897845718.52388,175490.334528209
"90",90,"2-0.576057-32",10,0.318057,32,9,301569.105695862,226834.556085607,169745.786102966,119811.890969847,84032.5494159012,58193.5120520906,39287.350357036,25715.3088656478,16437.2505946556,11975.3202458353,8790.57795100383,5474.43856988676,3083.97619529437,1737.67144048851,979.303783248122,552.037924678905,311.265891107985,1221.56414642391,70681.1990898247,287788.221695299,2065570487.22763,202897.284161057
"91",91,"2-0.576057-32",10,0.318057,32,10,308344.434038009,232990.853211373,175251.296508832,124373.911290221,87787.0010272791,61571.2300522423,42638.7886957193,28786.1132833651,18841.7846303216,12043.687176274,8774.39995490698,6440.91725260696,4011.15899655883,2259.65068435943,1273.20388065346,717.54265398964,404.482004821046,1790.09699469633,77100.4211750376,314748.356065565,2227814192.46645,229857.418531324
"92",92,"2-0.576057-32",10,0.318057,32,11,314094.829798653,238225.439584475,180007.622315632,128407.836835867,91129.6248629381,64322.1427103845,45113.6660317577,31241.7353297186,21091.7842621658,13805.5058918492,8824.49287760495,6429.06352299401,4719.30461070454,2939.00393442676,1655.66168218709,932.885287713143,525.74846447218,2623.23289350112,83320.0837752883,340927.519415976,2383993678.40105,256036.581881734
"93",93,"2-0.576057-32",10,0.318057,32,12,319012.204599062,242668.167931877,184051.838789542,131892.829645077,94085.3100053146,66771.3063094186,47129.2787592712,33055.0950679091,22891.0355164516,15454.0961811202,10115.3896336958,6465.76695385341,4710.61930104716,3457.86712282363,2153.42850632107,1213.11476363865,683.531501321667,3844.12176208005,89316.7611871586,366223.033847999,2534773042.5972,281332.096313758
"94",94,"2-0.576057-32",10,0.318057,32,13,323276.528403748,246467.308257156,187484.269528291,134856.055021755,96638.7883357677,68936.9572521571,48923.7978645452,34531.9484515633,24219.696736225,16772.4200171748,11323.3231388453,7411.61593374788,4737.51215864649,3451.50333637771,2533.60315246097,1577.83195779922,888.8575761529,5633.22919528309,95114.4310361824,390738.457077964,2682270588.71981,305847.519543722
"95",95,"2-0.576057-32",10,0.318057,32,14,327055.54526909,249761.904496816,190419.467229707,137371.020759709,98809.9640603208,70807.9084824906,50510.585286027,35846.8050093135,25301.7974230477,17745.9392807553,12289.2681298907,8296.67716597676,5430.54224687491,3471.20791910809,2528.94036212569,1856.38854997944,1156.08838637772,8255.01197168608,100793.352764201,414813.091126909,2830392452.47699,329922.153592667
"96",96,"2-0.576057-32",10,0.318057,32,15,330512.115411208,252681.554909031,192964.856576186,139521.660412782,100652.696847811,72398.7439498126,51881.4441903457,37009.4551258596,26265.2019153029,18538.801936847,13002.5724263193,9004.43174054184,6079.03273203415,3978.99585713968,2543.3780461518,1852.97209125702,1360.18872772059,12097.008712115,106503.381056144,439081.595832746,2985362436.68745,354190.658298505
"97",97,"2-0.576057-32",10,0.318057,32,16,333811.336511977,255352.084520274,195220.564564082,141386.684788621,102228.48539355,73748.927005926,53047.0603380716,38013.8929247085,27117.083695562,19244.6950703806,13583.5083771785,9527.07473112025,6597.60940302621,4454.14932000575,2915.43777976236,1863.55068218128,1357.68546478945,17727.1238712811,112484.548583396,464566.704121883,3158262095.18119,379675.766587641
"98",98,"2-0.576057-32",10,0.318057,32,17,337157.365528161,257901.047012395,197283.803008929,143039.457629846,103595.001650596,74903.5181701569,54036.3487999645,38867.9479365235,27853.042216587,19868.8747416417,14100.7211574547,9952.73051955696,6980.55353636231,4834.11403286183,3263.58600774782,2136.16142183566,1365.43647151189,25977.5724913733,119165.683269548,493105.617341004,3366149493.12491,408214.679806762
"99",99,"2-0.576057-32",10,0.318057,32,18,340772.182644569,260486.17307679,199253.119277161,144551.206705928,104805.999740485,75904.7740813191,54882.3257301336,39592.8064336014,28478.8142296373,20408.1166392387,14558.0619188654,10331.6959002541,7292.43447601098,5114.69984746205,3541.98878035928,2391.25203596758,1565.18024559279,38067.8940049506,127207.773530758,527536.733330281,3629354877.32107,442645.79579604
"100",100,"2-0.576057-32",10,0.318057,32,19,344799.785592073,263278.963545865,201250.375348908,145994.138353721,105913.668742457,76792.0807559783,55615.9528600476,40212.6595803688,29009.9230629302,20866.6241204895,14953.1681861574,10666.7926387062,7570.10503103907,5343.21716863694,3747.5759470016,2595.23967264874,1752.0869025496,55785.2183630088,137398.550547701,571244.838267189,3975613826.47676,486353.900732947
"101",101,"3-0.576057-32",9,0.318057,32,0,176958.348523671,136969.251701554,89942.9181316662,50668.5416070175,28549.2727914244,16089.5841424226,9069.77057667427,5113.97875849846,2884.31718249883,1627.27126598835,918.379598282211,518.493810373965,292.845895219848,165.472418969579,93.5451845580588,52.9111236627982,29.9450341270776,39.1988840684049,130012.795403317,509345.62520545,586703772.311464,0
"102",102,"3-0.576057-32",9,0.318057,32,1,177968.601181278,136717.176350904,105821.790809874,64178.0323002394,36154.1227192664,20371.0996865167,11480.5909374456,6471.66048330189,3649.03764257679,2058.08089339024,1161.12607906462,655.302237761014,369.967010197983,208.957789149105,118.071488784502,66.7483999942101,37.7542987709389,55.9400851147106,31278.4842432548,122538.393724537,721439071.673954,-4798.01257682499
"103",103,"3-0.576057-32",9,0.318057,32,2,201370.942682657,137497.692737395,105627.038595831,75508.2717988247,45793.7091156091,25797.4780434324,14535.6312740355,8191.88159906736,4617.80031336679,2603.74091206667,1468.52675892892,828.512000219655,467.585542642504,263.986928862492,149.100118385823,84.2489434227202,47.627773923754,79.8311787953,39118.74264427,153574.947151231,859983072.566291,26238.5408498683
"104",104,"3-0.576057-32",9,0.318057,32,3,223575.883732334,155578.230201499,106230.061834615,75369.3079521641,53878.3086773577,32675.7259361658,18407.5790904678,10371.780600267,5845.24999617045,3294.99357841014,1857.87799447923,1047.85523669955,591.177949478966,333.641832866777,188.365710156041,106.389167846734,60.1151432993228,113.92576709132,47129.1765771514,186651.624858932,997594398.645164,59315.2185575698
"105",105,"3-0.576057-32",9,0.318057,32,4,241544.524129528,172733.661785694,120198.998873312,75799.5902434262,53779.1521631506,38444.4257136053,23315.496518527,13134.5772405102,7400.69906783,4170.83024266618,2351.11567088278,1325.67362074072,747.688518716211,421.830182130733,238.067396202218,134.406809138159,75.9131190347646,162.581595351688,54759.1591357971,219516.284220984,1135755522.54924,92179.8779196212
"106",106,"3-0.576057-32",9,0.318057,32,5,254847.710035172,186616.14768401,133453.203519998,85767.0108151843,54086.176566633,38373.6733953156,27431.7049798194,16636.5815090819,9372.06997395244,5280.70818343089,2976.061746638,1677.61932347612,945.923550389223,533.50701646618,300.993470262676,169.871039993761,95.904877420293,232.017530554894,62444.6688484508,251693.951834188,1276184462.02318,124357.545532825
"107",107,"3-0.576057-32",9,0.318057,32,6,265750.148382823,196894.125686543,144178.745934828,95224.4399446659,61198.3478491783,38592.7481428661,27381.2202428013,19573.6683311553,11870.8964266917,6687.36374138899,3768.00605766701,2123.54447543764,1197.05152296643,674.955999110099,380.67956039683,214.771424565089,121.210088776924,331.108415859398,70330.7444754976,283552.11843703,1418680296.34849,156215.712135668
"108",108,"3-0.576057-32",9,0.318057,32,7,275573.059562012,205317.297572278,152119.462735285,102877.562856788,67946.6189166188,43667.5796891124,27537.5392339628,19537.6453606944,13966.6306640409,8470.38088301463,4771.71360584542,2688.62984990602,1515.23776153367,854.146306366534,481.60932302326,271.630781285349,153.248390303827,472.519394507483,78408.7688885439,316464.696267598,1561280614.05783,189128.289966236
"109",109,"3-0.576057-32",9,0.318057,32,8,284374.022729025,212906.431914729,158627.165173421,108543.596268787,73407.4420659508,48482.7532184277,31158.6437039833,19649.1854960636,13940.926768617,9965.77487701897,6043.97087839263,3404.81714719484,1918.44980055085,1081.1854898892,609.46909859957,343.648386455911,193.819918423715,674.324684880645,86529.5587685591,349971.917911136,1701539632.21545,222635.511609774
"110",110,"3-0.576057-32",9,0.318057,32,9,292061.140214891,219706.014095512,164490.494182218,113187.114023722,77450.3937833636,52379.2788342708,34594.4713234883,22232.9949217187,14020.5153183237,9947.43407303986,7110.99701054795,4312.62589998871,2429.47937856763,1368.89413667792,771.4710477937,434.881681720197,245.207490528682,962.317707854807,94531.4252723543,383314.20553203,1837429896.96634,255977.799230667
"111",111,"3-0.576057-32",9,0.318057,32,10,298651.301645249,225645.044413738,169743.81895541,117370.844397721,80763.7378314931,55264.0939069661,37374.8052511269,24684.601568724,15864.1713639793,10004.2238305873,7097.91008014103,5073.99365408378,3077.23887614093,1733.5351050344,976.763195415974,550.476845231154,310.306260859408,1373.30783169363,102295.728289983,415805.539282847,1967680760.46421,288469.132981484
"112",112,"3-0.576057-32",9,0.318057,32,11,304281.453844895,230736.571713648,174332.28546261,121119.311247373,83749.0043611478,57628.3034051655,39433.2414099874,26668.4860625785,17613.4952001113,11319.7494962702,7138.43194634144,5064.65558211756,3620.50659893311,2195.73858721618,1236.94977076052,696.961375139343,392.788242672557,1959.82510266309,109749.881990869,447058.332801735,2091850409.44098,319721.926500372
"113",113,"3-0.576057-32",9,0.318057,32,12,309121.016327586,235086.40045913,178265.975178663,124393.373928735,86423.6921692666,59758.4158781069,41120.2037266632,28137.2663182729,19029.0797260676,12567.965186743,8077.11450654473,5093.56962773556,3613.84349419158,2583.38281963917,1566.75127848258,882.615374180228,497.311078791472,2796.83428899666,116867.74645742,476960.261797997,2210348190.03076,349623.855496635
"114",114,"3-0.576057-32",9,0.318057,32,13,313329.773338296,238825.423358741,181626.632127904,127200.22599558,88759.8727700543,61666.9174489723,42640.1280290018,29340.9844574867,20077.1158433072,13578.0439268784,8967.76858543016,5763.35887762636,3634.4748745398,2578.62841584391,1843.35164442829,1117.94253784051,629.782968681374,3991.31638301714,123670.885513776,505608.669121064,2324504438.28547,378272.262819701
"115",115,"3-0.576057-32",9,0.318057,32,14,317055.25837412,242077.088958312,184515.383392882,129598.195226717,90762.6790648675,63333.8799755501,44001.9236878969,30425.5139901689,20936.0190590752,14325.861511422,9688.50199453862,6398.87779818632,4112.39750599054,2593.34976825154,1839.95917855462,1315.30846268115,797.698738196483,5695.94220580584,130233.970768221,533319.245623831,2436715426.77087,405982.839322468
"116",116,"3-0.576057-32",9,0.318057,32,15,320439.496548103,244955.380934276,187027.604731516,131659.440023331,92473.7303623761,64762.9659975478,45191.3711407513,31397.2121249231,21709.8762212049,14938.72486375,10222.1011048684,6913.15121704418,4565.86682473561,2934.36754614218,1850.46347894808,1312.8877964526,938.527576781049,8128.585784361,136693.832797689,560667.758072878,2550686645.20946,433331.351771515
"117",117,"3-0.576057-32",9,0.318057,32,16,323625.760603818,247570.027211809,189251.359388758,133452.014976038,93944.5146985271,65983.8726316656,46211.0837627648,32245.9326093639,22403.2234638088,15490.9043013154,10659.4047285263,7293.89649026284,4932.82240914637,3257.93686310592,2093.79392028848,1320.38305393309,936.800330227003,11600.1715723813,143263.64036036,588557.574732481,2672651741.94336,461221.168431119
"118",118,"3-0.576057-32",9,0.318057,32,17,326784.892218069,250031.719629488,191271.422636426,135038.756891742,95223.5918688612,67033.3387440949,47082.2516882405,32973.5401959528,23008.8210116289,15985.636545448,11053.407842009,7605.93090794808,5204.50007927732,3519.77501377156,2324.6741552956,1494.0094966633,942.148509791035,16554.4147627227,150303.692128454,618527.189505864,2812372091.65609,491190.783204501
"119",119,"3-0.576057-32",9,0.318057,32,18,330117.636149493,252472.449652257,193173.314461239,136480.156471057,96355.798562101,67946.013779077,47831.0896341352,33595.1549314038,23527.9994435054,16417.7557138304,11406.419981302,7887.06860137354,5427.14968141359,3713.62838934688,2511.50662237494,1658.75219667313,1066.03823542127,23624.5340360938,158379.420514612,653000.105222991,2980620673.51637,525663.698921629
"120",120,"3-0.576057-32",9,0.318057,32,19,333765.046236686,255047.311723508,195059.01083969,137837.235799812,97384.2974220496,68753.8905884876,48482.3214274928,34129.4821122156,23971.5475448877,16788.2112300922,11714.7550734034,8138.95752101873,5627.75317910155,3872.49818870806,2649.82911021074,1792.06497277628,1183.58903922088,33714.1853953865,168114.652017773,694651.758168336,3191521111.56273,567315.351866973
"121",121,"4-0.576057-32",8,0.318057,32,0,176958.348523671,136969.251701554,89942.9181316662,50668.5416070175,28549.2727914244,16089.5841424226,9069.77057667427,5113.97875849846,2884.31718249883,1627.27126598835,918.379598282211,518.493810373965,292.845895219848,165.472418969579,93.5451845580588,52.9111236627982,29.9450341270776,39.1988840684049,130012.795403317,509345.62520545,586703772.311464,0
"122",122,"4-0.576057-32",8,0.318057,32,1,177968.601181278,136717.176350904,105821.790809874,62499.3543401637,35208.4544461916,19838.2613485277,11180.2979199661,6302.38396563634,3553.59129050692,2004.24853188024,1130.75498964455,638.161771089,360.289937783718,203.492167616962,114.983142214314,65.0024900009525,36.7667753618634,54.4768836951422,41628.3724485692,163085.712643333,706712430.817609,-6696.16242515034
"123",123,"4-0.576057-32",8,0.318057,32,2,198738.48496889,137497.692737395,105627.038595831,73533.2335009986,43429.4258411668,24465.580124727,13785.1712093593,7768.94296786824,4379.38791444874,2469.31238010742,1392.70819517289,785.736756575406,443.444570024415,250.357548481766,141.402228808305,79.8992549683321,45.1687997226783,75.7095750979833,50922.915135816,199766.66019617,827751890.968656,29984.7851276866
"124",124,"4-0.576057-32",8,0.318057,32,3,218768.50256813,153544.405923119,106230.061834615,73397.9044735788,51096.6256357083,30178.1522194277,17000.5931886108,9579.01208844856,5398.46748897477,3043.14027989934,1715.87082815085,967.762274014047,545.991179599139,308.139872353327,173.967950554939,98.2572968095383,55.5202338495481,105.217835028774,60233.8746599866,238020.220810921,945702947.851604,68238.3457424373
"125",125,"4-0.576057-32",8,0.318057,32,4,235189.030363525,169019.50201931,118627.675932892,73816.9320508357,51002.5884728842,35505.920616428,20970.1338145639,11813.3380566165,6656.24468474834,3751.27624826862,2114.61120687491,1192.3208754864,672.476705637947,379.39725449442,214.119615736184,120.886500142774,68.2768331000359,146.227115841219,68922.0544531458,275438.281578235,1062443717.46651,105656.406509752
"126",126,"4-0.576057-32",8,0.318057,32,5,247369.775655112,181705.923502711,130583.661393206,82431.7612402399,51293.7615143341,35440.5762615575,24672.2828197697,14571.6844756858,8208.82862683854,4625.27794037019,2606.67930659275,1469.39678915783,828.517535700934,467.28926283719,263.634802348977,148.78700861679,84.001368471338,203.220009244573,77537.782414101,311447.254416544,1179853363.65368,141665.379348061
"127",127,"4-0.576057-32",8,0.318057,32,6,257402.086779569,191116.7092385,140385.130143781,90739.7124085142,57280.0167223359,35642.905999906,24626.8764656729,17144.2263422697,10125.5428475843,5704.13435236134,3214.00384734864,1811.32408218535,1021.05149020667,575.718601491328,324.709024613391,183.194022060606,103.388817773745,282.426223890021,86283.6454468525,346648.364470115,1297938863.55834,176866.489401631
"128",128,"4-0.576057-32",8,0.318057,32,7,266537.422601566,198867.624980269,147655.858333631,97550.5373319336,63053.0291472456,39802.6229980565,24767.4709479654,17112.6744661138,11913.1455740064,7036.01688118761,3963.67742449994,2233.34053951904,1258.64924097362,709.5062091777,400.054185724288,225.633154986733,127.297494184086,392.503534653325,95168.516370387,382684.234247211,1415079794.95338,212902.359178728
"129",129,"4-0.576057-32",8,0.318057,32,8,274825.409186288,205925.541880039,153644.178880184,102602.806336407,67785.7214934565,43814.1622792973,27657.9667426607,17210.3704776464,11891.2208696614,8278.18267410251,4889.17328162489,2754.27220941714,1551.89918940944,874.607657119062,493.020249899267,277.98884924154,156.787513651283,545.484135975085,104023.832312527,419064.535257668,1529292582.66435,249282.660189184
"130",130,"4-0.576057-32",8,0.318057,32,9,282141.085100101,212328.800799161,159097.091825554,106763.958492862,71296.4320340034,47102.8060332814,30445.4971029802,19218.9123911627,11959.1076779753,8262.94767957348,5752.32695345674,3397.37891216088,1913.88314212391,1078.38059242338,607.745612510426,342.588921233609,193.16833334146,758.089842078227,112671.557408624,454960.769872979,1639024324.37628,285178.894804496
"131",131,"4-0.576057-32",8,0.318057,32,10,288462.367059532,217980.857129813,164044.219136414,110553.067690541,74187.92508862,49542.3215239639,32730.7032709404,21155.9058904012,13354.7992495581,8310.12072861356,5741.74049105125,3997.16540237526,2360.76383632683,1329.91527459853,749.342940605519,422.309050828939,238.057501646207,1053.55989434025,120990.747531788,489639.390002569,1743367155.24491,319857.514934086
"132",132,"4-0.576057-32",8,0.318057,32,11,293897.900061657,222864.649432473,168410.970909075,113990.717582161,76820.8936791276,51551.5564114518,34425.8688964018,22743.8453635523,14700.7734027013,9279.95608523651,5774.52000464171,3989.80910263724,2777.54226823713,1640.44283402106,924.128855457561,520.701917839109,293.453265216258,1464.19116752615,128913.600297004,522716.587867009,1842032964.22325,352934.712798525
"133",133,"4-0.576057-32",8,0.318057,32,12,298595.937461131,227064.116313874,172184.165556711,117025.077285229,79209.6409327944,53381.1483384533,35822.0420003464,23921.7786493712,15804.1975951199,10215.2439019699,6448.43724976005,4012.5868652176,2772.43053744709,1930.05299386897,1139.90762238976,642.15680337013,361.824303065075,2034.86843660093,136418.037616759,554100.009971454,1935304033.80826,384318.13490297
"134",134,"4-0.576057-32",8,0.318057,32,13,302696.529767404,230693.797608968,175428.653646672,119646.987205161,81318.1507100728,55041.0362333231,37093.3851646428,24891.9486122348,16622.7175114039,10981.9890890509,7098.34816973363,4480.87712723623,2788.25830336972,1926.50096464228,1341.15134870904,792.096719638325,446.220630033644,2827.97058615693,143523.514008976,583883.518033717,2024036029.7754,414101.642965234
"135",135,"4-0.576057-32",8,0.318057,32,14,306326.789230296,233861.895673609,178232.92810933,121901.510573972,83140.058210271,56506.193273335,38246.8047318682,25775.3769973022,17296.8672670348,11550.7605648377,7631.1425256588,4932.48592224451,3113.66290028424,1937.49933084342,1338.68312177269,931.936556072708,550.410577961085,3930.18904432355,150293.114217628,612335.071227432,2109713216.30174,442553.196158948
"136",136,"4-0.576057-32",8,0.318057,32,15,309607.450607873,236666.616825951,180680.585568918,123850.13918142,84706.6768815627,57772.1966985651,39264.9101137021,26576.862870035,17910.7422092694,12019.2123932944,8026.36930662376,5302.71299440444,3427.47591290007,2163.61582371401,1346.32564439312,930.22143949554,647.582202695217,5462.00374209398,156838.768264294,639921.840289239,2194553256.68758,470139.965220755
"137",137,"4-0.576057-32",8,0.318057,32,16,312659.380812126,239201.240164424,182847.499758607,125550.962481885,86060.7360153343,58860.8055350012,40144.6280316096,27284.3218933426,18467.6771030788,12445.780580454,8351.88617250034,5577.34738632056,3684.73855736277,2381.67757976377,1503.44901890256,935.532060267343,646.39040593214,7590.85238450241,163329.444160214,667354.42668487,2282030463.27801,497572.551616387
"138",138,"4-0.576057-32",8,0.318057,32,17,315620.107379259,241559.146888953,184805.737665099,127056.703462713,87242.6006949989,59801.7114268385,40901.0783538757,27895.618513608,18959.2748085715,12832.7823811031,8648.2990178174,5803.54189242205,3875.5759521339,2560.44372954806,1654.97533406438,1044.71363523261,650.080639429981,10549.4325240458,170031.513489733,695764.480957135,2377770618.01168,525982.605888652
"139",139,"4-0.576057-32",8,0.318057,32,18,318662.705569624,243846.590118292,186627.445158222,128417.439886908,88288.9069641316,60622.9631821835,41554.893150596,28421.2591945433,19384.0513765385,13174.3828075361,8917.21805192797,6009.51265515991,4032.75353632059,2693.05243521286,1779.19599725255,1150.00593683766,725.948512998219,14661.1369767388,177377.863032287,727002.578232036,2487455365.44745,557220.703163553
"140",140,"4-0.576057-32",8,0.318057,32,19,321910.932210794,246197.286973385,188394.712890925,129683.304331624,89234.45275813,61350.0183814281,42125.5629212238,28875.5807075862,19749.3075173866,13469.5506961063,9154.58867029205,6196.37857357593,4175.87808632932,2802.27167928979,1871.34286835809,1236.32414183078,799.113816103818,20375.4028437792,185805.312134709,762936.690174466,2618229743.42164,593154.815105983
"141",141,"5-0.576057-32",7,0.318057,32,0,176958.348523671,136969.251701554,89942.9181316662,50668.5416070175,28549.2727914244,16089.5841424226,9069.77057667427,5113.97875849846,2884.31718249883,1627.27126598835,918.379598282211,518.493810373965,292.845895219848,165.472418969579,93.5451845580588,52.9111236627982,29.9450341270776,39.1988840684049,130012.795403317,509345.62520545,586703772.311464,0
"142",142,"5-0.576057-32",7,0.318057,32,1,177968.601181278,136717.176350904,105821.790809874,60864.5848576877,34287.5216227817,19319.3602401827,10887.8595414018,6137.53514307423,3460.64148876504,1951.82424094465,1101.17830411325,621.46964043784,350.865984506916,198.169508062232,111.975576234222,63.3022470454789,35.8050821897469,53.0519546233872,51950.2553321848,203523.316298754,692370988.549402,-8704.0275368506
"143",143,"5-0.576057-32",7,0.318057,32,2,196106.406648461,137497.692737395,105627.038595831,71609.8554542279,41187.2081410089,23202.446759784,13073.4566451747,7367.84023402645,4153.28450857947,2341.82425843284,1320.80406782402,745.169955860577,420.549971611254,237.431839340987,134.101773549345,75.7741365664765,42.836779893462,71.8007656659411,62163.933914588,243678.069422239,797076268.03515,31450.725586635
"144",144,"5-0.576057-32",7,0.318057,32,3,213947.664402587,151510.874762223,106230.061834615,71478.0661716015,48458.5580997077,27871.4809016975,15701.1504524408,8846.8389495514,4985.83486567916,2810.5374237525,1584.71799959306,893.791228218459,504.258266842996,284.587157785572,160.670685737941,90.74698648105,51.276536951102,97.1754949805887,72211.7945134937,284704.145030822,897277345.797449,72476.8011952176
"145",145,"5-0.576057-32",7,0.318057,32,4,228792.688108128,165294.945437852,117056.579453643,71886.1334197022,48369.3759812889,32792.0205704605,18860.6968696243,10625.005547151,5986.67678514749,3373.9262142275,1901.8973041688,1072.38240836861,604.830632416479,341.232758620609,192.58080095969,108.726232030011,61.4086998063578,131.517773343213,81408.6510956537,324306.903572988,995092496.479387,112079.559737384
"146",146,"5-0.576057-32",7,0.318057,32,5,239821.816120838,176764.139973267,127706.086736659,79212.4634301651,48645.5160506306,32731.6708205631,22190.4376700799,12763.0780604194,7189.96631609505,4051.1983019247,2283.14382760868,1287.01839193979,725.683705286221,409.290315634989,230.913012660802,130.319882270373,73.5752976789106,177.996774892806,90389.2888129162,361778.599560066,1092484188.6903,149551.255724462
"147",147,"5-0.576057-32",7,0.318057,32,6,248937.44380025,185285.191690184,136567.131750828,86419.0101287145,53603.2608501097,32918.5354568478,22149.5988519709,15016.3215143038,8636.80502912431,4865.46716584474,2741.45544690755,1545.00881363855,870.928381653708,491.071875115024,276.967722027078,156.259380346806,88.1877717318178,240.901674860018,99410.8877309626,397964.217298086,1189627948.47503,185736.873462482
"148",148,"5-0.576057-32",7,0.318057,32,7,257312.700759931,192327.88217296,143150.455679855,92415.300191298,58479.9479998712,36273.4530570186,22276.0505921223,14988.6857897586,10161.5801893344,5844.54633576499,3292.47310782537,1855.14936748676,1045.51110856688,589.359290217068,332.309496234136,187.424710809138,105.741091266411,326.037463236685,108505.854857235,434681.25526747,1285207304.7774,222453.911431866
"149",149,"5-0.576057-32",7,0.318057,32,8,265001.091568678,198798.565767679,148591.604768052,96870.2510228613,62537.6516293127,39573.5187544263,24546.3312457612,15074.2559805943,10142.8790293473,6876.36528332954,3955.01829156925,2228.0243183742,1255.38395291769,707.499833326179,398.820821874737,224.874619955622,126.830743903272,441.260640863461,117497.975563783,471455.582700591,1377642018.4949,259228.238864987
"150",150,"5-0.576057-32",7,0.318057,32,9,271856.5618443,204738.579849092,153590.824061805,100552.289445465,65552.327365401,42319.3763718093,26779.4934874152,16610.5602540657,10200.7845793294,6863.71016425384,4653.25260724799,2676.37020702993,1507.70931172328,849.521282147919,478.766806067418,269.882990904,152.173185759807,597.204233042026,126205.93022021,507456.251861269,1465781212.59952,295228.908025665
"151",151,"5-0.576057-32",7,0.318057,32,10,277825.053501473,210035.083497889,158180.050619752,103935.272933741,68043.9714511952,44359.4145534586,28637.6218140465,18121.7464105918,11240.4053050329,6902.89498651475,4644.68885831848,3148.86701544975,1811.10603213806,1020.27044763849,574.873055486284,323.982626984338,182.630456546638,808.259026378185,134517.579831724,541961.186137871,1549020566.35217,329733.842302267
"152",152,"5-0.576057-32",7,0.318057,32,11,282989.998314124,214646.31169509,162272.104085649,107040.813370604,70333.244357517,46045.5159836232,30018.1204636251,19379.1462321894,12263.0285417506,7606.40878386298,4671.20531997187,3143.07190634893,2130.84573692456,1225.5797239975,690.419418538091,389.017952662183,219.239807892805,1093.90157935441,142378.222896311,574629.771790408,1627211727.03017,362402.427954804
"153",153,"5-0.576057-32",7,0.318057,32,12,287480.101951715,218636.72343144,165834.717004964,109809.915603342,72434.7708965129,47594.6723592842,31159.1092786054,20313.3329246892,13113.9139669893,8298.42034032079,5147.27476609072,3161.01565849699,2126.92417292648,1441.94833643079,829.352690135195,467.208449090916,263.249366184787,1480.49155810377,149774.645662971,605409.669900788,1700575954.36594,393182.326065184
"154",154,"5-0.576057-32",7,0.318057,32,13,291416.698198864,222105.756093509,168917.690086612,112220.744169358,74308.628909184,49016.7803253183,32207.4270521762,21085.4427471588,13746.08030537,8874.21651465433,5615.56061866746,3483.17297564158,2139.06675233093,1439.29460482308,975.769840540611,561.224921697456,316.161059554405,2003.70425912548,156725.890583235,634399.005792097,1769680497.118,422171.661956493
"155",155,"5-0.576057-32",7,0.318057,32,14,294907.004042868,225147.151584786,171597.848181349,114306.999325848,75940.042286487,50284.8244625624,33169.7708672698,21794.8418573135,14268.5688434933,9302.00496699499,6005.20324803103,3800.06311667623,2357.07136874962,1447.51151694807,973.974054102032,660.305752746608,379.782228333969,2711.82279700388,163283.341098534,661818.639394789,1835456907.68361,449591.295559185
"156",156,"5-0.576057-32",7,0.318057,32,15,298050.896797456,227843.745238458,173947.615836862,116120.668630532,77351.8160719567,51388.8057431726,34027.8593260143,22446.0621869707,14748.6208946706,9655.57419319267,6294.68870280038,4063.73520305834,2571.51167467046,1595.03575510942,979.534457919125,659.090539827708,446.830460417492,3670.19376679849,169533.787278145,688027.277329041,1899243713.29315,475799.933493437
"157",157,"5-0.576057-32",7,0.318057,32,16,300947.508300234,230272.701790909,176030.991236619,117710.761945666,78579.1303685328,52344.156393902,34774.926062682,23026.7326710682,15189.3032278528,9980.4265485745,6533.94983216993,4259.63069314109,2749.93919747681,1740.14801594936,1079.36445786413,662.853278206654,446.00812296882,4967.25755854292,175603.696195943,713551.184689904,1962958284.34888,501323.8408543
"158",158,"5-0.576057-32",7,0.318057,32,17,303703.519561348,232510.610027221,177907.591488037,119120.586992962,79655.1502656071,53174.6828733926,35421.4141015184,23532.2744939576,15582.2443141312,10278.6373229235,6753.77818732084,4421.5392637563,2882.50213769547,1860.89034150852,1177.56226706634,730.408474649144,448.554376905426,6722.70981333626,181675.635127305,739159.949132359,2029879390.54806,526932.605296755
"159",159,"5-0.576057-32",7,0.318057,32,18,306462.948737473,234639.891187191,179636.588721304,120390.486809635,80609.1822006177,53902.8280758661,35983.4333292415,23969.7544747787,15924.345658156,10544.5414828803,6955.57812174445,4570.29763021959,2992.06604934186,1950.59599584488,1259.26888358007,796.859163765964,494.269137687733,9098.54717651986,188063.69150953,766191.695526372,2102998064.53103,553964.351690768
"160",160,"5-0.576057-32",7,0.318057,32,19,309326.543275267,236771.813012001,181281.661193312,121560.503315758,81468.5264020086,54548.423736665,36476.1709053093,24350.0742118738,16220.3893931085,10776.0422693329,7135.51609400383,4706.85612185116,3092.73118681986,2024.73815329612,1319.97291146781,852.150223890947,539.236475757439,12314.0166721364,195053.883911168,795864.253896467,2185918312.64735,583636.910060863
"161",161,"6-0.576057-32",6,0.318057,32,0,176958.348523671,136969.251701554,89942.9181316662,50668.5416070175,28549.2727914244,16089.5841424226,9069.77057667427,5113.97875849846,2884.31718249883,1627.27126598835,918.379598282211,518.493810373965,292.845895219848,165.472418969579,93.5451845580588,52.9111236627982,29.9450341270776,39.1988840684049,130012.795403317,509345.62520545,586703772.311464,0
"162",162,"6-0.576057-32",6,0.318057,32,1,177968.601181278,136717.176350904,105821.790809874,59272.5753571195,33390.677254221,18814.0318111926,10603.0703512465,5976.9982022458,3370.12293612796,1900.77119027013,1072.37524358031,605.214118869672,341.688529636119,192.98607108824,109.046677900104,61.646476634174,34.86854362388,51.6642968256444,62250.1402347975,243874.739395157,678404669.390901,-10798.0732075677
"163",163,"6-0.576057-32",6,0.318057,32,2,193475.631688903,137497.692737395,105627.038595831,69736.7864029231,39060.7538919565,22004.5277036577,12398.4871901498,6987.44603206096,3938.85459479275,2220.91822062057,1252.61227845645,706.697578381604,398.837398352829,225.173471599759,127.178233473669,71.8619938905655,40.6251599092106,68.0937641446716,72872.0868830477,285431.075479268,767878666.458488,30758.2628765429
"164",164,"6-0.576057-32",6,0.318057,32,3,209119.2824501,149478.350571722,106230.061834615,69608.4442774655,45956.6913448334,25741.1203312044,14501.0308049332,8170.62956770692,4604.74187509515,2595.71359969466,1463.58985596872,825.474169732583,465.715215154554,262.834698274956,148.389799231141,83.8107277809057,47.3572076231289,89.7478723273484,83156.3401324688,327096.034506063,852070508.507928,72423.2219033381
"165",165,"6-0.576057-32",6,0.318057,32,4,222370.201700961,161564.560562569,115486.260954921,70005.8378811576,45872.1136097465,30285.5578569613,16963.4533357532,9556.21030533033,5384.46235486895,3034.53474115789,1710.58081213438,964.50884440761,543.989242812926,306.907322539792,173.20862813415,97.7891949678583,55.2314488046367,118.288079510087,92406.2563393019,366919.518844182,933162111.246023,112246.706241457
"166",166,"6-0.576057-32",6,0.318057,32,5,232229.631485814,171802.157596819,124824.009168092,76105.6928922624,46133.996844253,30229.8209487021,19958.2473817596,11178.9520180846,6297.56302349449,3548.3722044613,1999.76488260895,1127.27641261598,635.613390695969,358.490074125574,202.25258175704,114.144856280465,64.4432885684165,155.904194621458,101300.067314655,403974.33487959,1013120430.17971,149301.522276865
"167",167,"6-0.576057-32",6,0.318057,32,6,240392.423274113,179419.506039889,132733.527824985,82259.288929927,50153.814338766,30402.4025601785,19921.5166400448,13152.5276976185,7366.95328180886,4150.10749740026,2338.38486956976,1317.84933336768,742.877566161151,418.870583483514,236.245725341954,133.284883817279,75.221704343718,205.482395193445,110142.003985007,439332.07888695,1092255314.17894,184659.266284225
"168",168,"6-0.576057-32",6,0.318057,32,7,247943.243162804,185726.04005621,138618.654913399,87471.6786362844,54209.0472846863,33051.4708838968,20035.2482910072,13128.3220602939,8667.54387435453,4854.83796410937,2734.92971419612,1541.00062878351,868.465528403446,489.557904458271,276.036610109342,155.686438121005,87.8350234140685,270.826675555168,118992.253591798,474893.249290164,1169520650.18409,220220.43668744
"169",169,"6-0.576057-32",6,0.318057,32,8,254951.015809658,191559.767500711,143491.053025528,91349.9899706305,57644.0232458673,35723.8780658149,21780.9899803517,13203.2714614495,8651.59230760316,5711.92994540992,3199.34859855259,1802.32452925098,1015.52270920573,572.320640097517,322.619705769366,181.908716260223,102.597695597336,356.950716499161,127677.259568608,510240.813919134,1243682472.32464,255568.001316409
"170",170,"6-0.576057-32",6,0.318057,32,9,261261.148192668,196973.93923536,147998.163034561,94560.9107442742,60199.8387074791,37987.5345686087,23542.112027151,14353.718967325,8700.98412321519,5701.41782881448,3764.17404679135,2108.37756702313,1187.73571835449,669.231636671469,377.160525511921,212.60707590022,119.878232957341,470.462570749645,136022.372221831,544594.353554459,1313919586.81394,289921.540951734
"171",171,"6-0.576057-32",6,0.318057,32,10,266795.028343053,201849.117428437,152181.126302559,97531.1058769488,62315.8423626299,39671.8224224396,25033.8665024513,15514.3021616482,9459.13148937683,5733.96714090822,3757.24653947883,2480.59874507454,1389.42532462309,782.720377911811,441.025079461063,248.549592725138,140.108517596739,620.071680054704,143930.958233236,577284.094300176,1379869230.75238,322611.281697452
"172",172,"6-0.576057-32",6,0.318057,32,11,271613.833236567,206124.566847675,155947.665730202,100287.687614218,64273.2073056828,41066.2733554443,26143.8157993279,16497.3715504145,10223.9582958968,6233.5878762154,3778.69660574279,2476.03350294378,1634.71987681086,915.634259678502,515.814402590491,290.636470327419,163.794713033614,817.257125881895,151365.751684198,608034.721413821,1441496193.25437,353361.908811097
"173",173,"6-0.576057-32",6,0.318057,32,12,275828.318386344,209847.552532858,159250.85756662,102769.845150331,66089.8005644336,42356.1810379886,27062.7619456752,17228.8305102561,10871.8031250097,6737.61037700014,4107.94773855709,2490.16914247445,1631.71137248567,1077.28389403834,603.404934859977,339.922794177926,191.530055360124,1077.14838669267,158324.79476621,636842.559562596,1498991474.66095,382169.746959872
"174",174,"6-0.576057-32",6,0.318057,32,13,279542.514807434,213103.643665361,162127.218556194,104946.655633136,67725.5476878718,43553.3198795917,27912.8138664436,17834.417985512,11353.8361434891,7164.54150455267,4440.09964423257,2707.14634297604,1641.02678916002,1075.30128325551,709.932389528703,397.645142222196,224.009848157463,1419.68617979635,164828.101843558,663815.432847678,1552743713.2102,409142.620244953
"175",175,"6-0.576057-32",6,0.318057,32,14,282844.915864913,215973.214111404,164642.859040472,106842.183675258,69160.0704503127,44631.2807313538,28701.7309226812,18394.6040188075,11752.9195844987,7482.20229437285,4721.44817011777,2926.03515899534,1784.01522821289,1081.44016276134,708.625844783768,467.846962616893,262.048998935687,1871.15245587777,170917.139933969,689135.360636563,1603347033.375,434462.548033838
"176",176,"6-0.576057-32",6,0.318057,32,15,285815.705281943,218524.633422917,166859.875485279,108499.996133127,70409.2274829289,45576.6342989778,29412.1094287973,18914.5020456639,12122.083378183,7745.19913528471,4930.78730980474,3111.44443910933,1928.26342597918,1175.66984982298,712.671379503745,466.985946836438,308.312148675396,2466.18693832721,176657.403006768,713070.051365187,1651619041.63739,458397.238762462
"177",177,"6-0.576057-32",6,0.318057,32,16,288533.809552178,220819.851162108,168831.08988046,109961.014710493,71501.7294372592,46399.8314543139,30035.0994511366,19382.6430000658,12464.6972894834,7988.47886463748,5104.10279028329,3249.39937975432,2050.44853800077,1270.72972057029,774.768944751327,469.651962866722,307.744737435124,3250.44493070052,182140.731599779,735996.273062046,1698606623.09657,481323.460459321
"178",178,"6-0.576057-32",6,0.318057,32,17,291078.897264939,222919.845561662,170604.364162406,111260.049211601,72464.5438035695,47119.792578113,30577.5881365938,19793.1947568121,12773.2031793736,8214.26216473259,5264.42465208694,3363.61465195821,2141.36113884942,1351.2499706384,837.413602822788,510.574391136649,309.501647699332,4284.10031831695,187485.7532594,758408.102322805,1746250508.73841,503735.28972008
"179",179,"6-0.576057-32",6,0.318057,32,18,293567.669426751,224886.168193835,172226.809822953,112428.640754869,73320.6103172857,47754.2893041199,31052.0440565374,20150.6959604318,13043.7576648765,8417.5682057915,5413.2163296004,3469.26710167347,2216.62924743723,1411.16156897931,890.476619779274,551.857354747259,336.469615426094,5646.46253934472,192914.601638975,781247.925186123,1796129186.10144,526575.112583398
"180",180,"6-0.576057-32",6,0.318057,32,19,296077.892717583,226808.98169985,173745.981313353,113497.835914145,74090.714642883,48318.4389670279,31470.1787556033,20463.3634261162,13279.3517224408,8595.86419021466,5547.19544535003,3567.32113528864,2286.25443769674,1460.76341347059,929.958491183849,586.825996376444,363.675176713232,7442.06177243499,198607.350853661,805277.7850673,1850066097.69063,550604.972464575
"181",181,"7-0.576057-32",5,0.318057,32,0,176958.348523671,136969.251701554,89942.9181316662,50668.5416070175,28549.2727914244,16089.5841424226,9069.77057667427,5113.97875849846,2884.31718249883,1627.27126598835,918.379598282211,518.493810373965,292.845895219848,165.472418969579,93.5451845580588,52.9111236627982,29.9450341270776,39.1988840684049,130012.795403317,509345.62520545,586703772.311464,0
"182",182,"7-0.576057-32",5,0.318057,32,1,177968.601181278,136717.176350904,105821.790809874,57722.2073834888,32517.2912688664,18321.9210466578,10325.7302728766,5820.66035906321,3281.97203942928,1851.05351289844,1044.32557266009,589.383786183243,332.751125615574,187.938215108146,106.194389535231,60.0340155172924,33.9565017057434,50.3129354127814,72533.9920021004,284163.350156029,664803661.403754,-12954.9312138168
"183",183,"7-0.576057-32",5,0.318057,32,2,190847.082228179,137497.692737395,105627.038595831,67912.7104357225,37044.0863431297,20868.4560069882,11758.3657311508,6626.69120123992,3735.49548239985,2106.25444028207,1187.94116278335,670.211491167345,378.245823475872,213.54799109091,120.612148828378,68.1518312174654,38.5277236466793,64.578151394138,83076.151307879,325141.456834294,740085481.251978,28023.1754644488
"184",184,"7-0.576057-32",5,0.318057,32,3,204289.287769342,147447.54579101,106230.061834615,67787.7253015847,43583.9934613536,23773.5941711367,13392.6424718089,7546.10634525811,4252.77778095174,2397.3098649026,1351.72015907222,762.378935239614,430.118207053576,242.744891072485,137.047604015164,77.4046429919951,43.7374527846687,82.8879810583419,93153.7434619931,365558.070325728,809853502.849995,68439.7889558825
"185",185,"7-0.576057-32",5,0.318057,32,4,215936.377946545,157832.929701114,113917.270864002,68174.7244469227,43503.782389905,27970.6769741902,15257.0581598032,8594.92778563193,4842.82614403519,2729.28348476125,1538.50931300474,867.486545546484,489.268037093085,276.034765856901,155.785149457312,87.9523411592363,49.6755825587987,106.389192871069,102082.733966939,403990.149441871,876163930.797823,106871.868072026
"186",186,"7-0.576057-32",5,0.318057,32,5,224619.152879646,166831.416039941,121940.968956548,73108.1053401796,43752.1448556606,27919.2003243685,17950.5985629385,9791.44432330859,5515.9229252724,3107.9558103615,1751.55832819543,987.361267250484,556.722411553503,313.995050303539,177.149422442801,99.9774400367922,56.4447249623916,136.553698319552,110532.117607558,439153.72602382,940914761.696798,142035.444653974
"187",187,"7-0.576057-32",5,0.318057,32,6,231803.52776838,173539.686554712,128893.156598105,78257.4331016212,46918.2155251206,28078.5906360508,17917.5626561863,11520.0639964882,6283.80523507741,3539.92569529293,1994.57693335886,1124.08864604959,633.653799704675,357.284899825965,201.511000393357,113.688280439598,64.1620112772645,175.270739645003,118841.854251913,472306.409756138,1004524691.81887,175188.128386293
"188",188,"7-0.576057-32",5,0.318057,32,7,238474.541865167,179090.300339416,134075.934413501,82719.1030713172,50222.8733137013,30110.4636458393,18019.8537627788,11498.8627112702,7393.17265760628,4032.72560498445,2271.80004107405,1280.04945560165,721.400631561848,406.656764041678,229.292906113556,129.322685947683,72.9611473245751,224.9652155434,127103.297494278,505344.951855727,1066190620.16109,208226.670485882
"189",189,"7-0.576057-32",5,0.318057,32,8,244727.883161495,184244.294023912,138364.312158831,86045.2279302514,53086.216471975,32231.2770035367,19323.838530943,11564.5095525209,7379.5664170309,4744.67867208373,2588.06172322381,1457.961514132,821.490804080849,462.969600348471,260.978035352936,147.152137746682,82.9947599291181,288.749555727291,135155.099478851,537947.367805875,1124970968.02063,240829.08643603
"190",190,"7-0.576057-32",5,0.318057,32,9,250413.374066136,189075.595694192,142346.263105782,88797.3582224029,55220.8066418172,34068.8701239869,20684.9020921171,12401.361199948,7421.69625519334,4735.94666453364,3044.96820835982,1660.92715927347,935.668517588867,527.20395937531,297.117636815442,167.486541376447,94.4370761854038,370.618656450128,142836.491346775,569425.162054606,1180304336.87358,272306.88068476
"191",191,"7-0.576057-32",5,0.318057,32,10,255435.339248086,193468.178859306,146078.90374111,91352.8345525606,56987.0272489517,35438.7751595564,21864.2048475583,13274.8440129605,7958.75826458119,4762.98411568556,3039.36431245395,1954.15370159304,1065.92474347014,600.4792076615,338.340993472215,190.679668903415,107.486982589581,475.700086058748,150068.994542553,599185.197383576,1232009159.09974,302066.91601373
"192",192,"7-0.576057-32",5,0.318057,32,11,259835.110516229,197348.125214687,149472.59255111,93748.3122768329,58627.0422468753,36572.2735415053,22743.3618084552,14031.6791216218,8519.32887009362,5107.65165958599,3056.71599944532,1950.55731792712,1254.10724452416,684.073080747793,385.366475472482,217.135372047296,122.371517634615,610.575231273472,156833.533269619,627023.992361561,1280132524.33924,329905.710991715
"193",193,"7-0.576057-32",5,0.318057,32,12,263706.743046864,200747.367518815,152470.220606108,95926.262618616,60164.3757563415,37624.777593949,23470.8012781856,14595.8911960538,9005.03907390649,5467.40619520277,3277.91152946198,1961.69302150195,1251.79921173951,804.842003720503,439.014088631002,247.314675551262,139.349859176877,783.69149800535,163139.572059208,652984.645670249,1324847035.78217,355866.364300403
"194",194,"7-0.576057-32",5,0.318057,32,13,267138.602007689,203738.572352454,155096.459003054,97850.0350716722,61562.1078280907,38611.3842717653,24146.26143057,15062.7363107436,9367.13057644093,5779.11795300588,3508.78936112877,2103.64854753049,1258.94571537159,803.360789303505,516.519343765225,281.743830360672,158.717876712121,1005.89138338431,169008.679096719,677185.766499275,1366427322.68504,380067.485129429
"195",195,"7-0.576057-32",5,0.318057,32,14,270202.189133088,206390.010222851,157407.449595778,99535.4626799366,62796.7174538468,39508.3996476057,24779.4309612659,15496.2229243104,9666.73538230953,6011.4955680005,3708.83502455103,2251.81783485794,1350.04778858491,807.947164454395,515.568752350877,331.483982260333,180.813299622881,1291.09155546804,174474.412563654,699779.297045925,1405259015.01729,402661.015676079
"196",196,"7-0.576057-32",5,0.318057,32,15,272959.757638448,208756.923029078,159455.937852675,101018.575314322,63878.3657253836,40300.7287640707,25355.1039394835,15902.5689015027,9944.93187321771,6203.7714146894,3857.96682016793,2380.20011897868,1445.13763566391,866.413276876802,518.512126916627,330.873926061405,212.734782968968,1657.15447227767,179585.551569206,720962.433735733,1441849068.68166,423844.152365887
"197",197,"7-0.576057-32",5,0.318057,32,16,275472.100738945,210887.407308527,161284.603401579,102333.223164796,64830.1753490131,40994.8926531525,25863.5929514769,16272.0156097483,10205.710456481,6382.3081563821,3981.36270867097,2475.9076700887,1527.52887871359,927.438602574189,556.033625398723,332.762880529647,212.343270316704,2127.00713079511,184407.843216682,740999.969458597,1476762202.28209,443881.688088752
"198",198,"7-0.576057-32",5,0.318057,32,17,277796.223139405,212828.431609389,162930.60539796,103506.796518224,65673.8701883364,41605.7306560325,26309.0829666557,16598.3460069846,10442.8083842943,6549.66669640921,4095.94132190288,2555.09881947986,1588.95062517339,980.314409993897,595.197537118742,356.842861051874,213.555534982102,2730.077014628,189015.144728423,760193.792931913,1511169507.93325,463075.511562067
"199",199,"7-0.576057-32",5,0.318057,32,18,280024.774153774,214624.037494817,164430.231518209,104563.142816103,66427.0283679181,42147.184385747,26701.0973532508,16884.2458596644,10652.235777313,6701.82782308514,4203.34615771999,2628.63135113515,1639.77272482333,1019.73273064277,629.131374099458,381.976884732785,229.00922114625,3504.13517561362,193563.1653064,779201.323135147,1545910640.91572,482083.041765301
"200",200,"7-0.576057-32",5,0.318057,32,19,282215.476989592,216345.805383025,165817.508064034,105525.550215249,67104.9543385393,42630.5348655562,27048.5833490842,17135.8269311971,10835.7162661619,6836.23097191245,4300.99782715811,2697.56000428324,1686.96332225787,1052.34857007288,654.428668499804,403.754430049372,245.139355207136,4497.66188396183,198162.920023099,798488.535508065,1581918952.8488,501370.254138219
"201",201,"8-0.576057-32",4,0.318057,32,0,176958.348523671,136969.251701554,89942.9181316662,50668.5416070175,28549.2727914244,16089.5841424226,9069.77057667427,5113.97875849846,2884.31718249883,1627.27126598835,918.379598282211,518.493810373965,292.845895219848,165.472418969579,93.5451845580588,52.9111236627982,29.9450341270776,39.1988840684049,130012.795403317,509345.62520545,586703772.311464,0
"202",202,"8-0.576057-32",4,0.318057,32,1,177968.601181278,136717.176350904,105821.790809874,56212.3917367848,31666.7500755958,17842.682217655,10055.6444629896,5668.41177948485,3196.12686888244,1802.63628002838,1017.00958525545,573.967520890733,324.047493535549,183.022393786575,103.416707284668,58.4637308717261,33.0683156867636,48.9969209954333,82807.7365876791,324412.364438889,651558409.296376,-15151.3856980777
"203",203,"8-0.576057-32",4,0.318057,32,2,188221.677283385,137497.692737395,105627.038595831,66136.3460610076,35131.5373173029,19791.0385526344,11151.2931010926,6284.56178052774,3542.63559702791,1997.51063592442,1126.60895195283,635.609144043516,358.717370958213,202.522722481364,114.385064548099,64.6332205221998,36.5385759148322,61.2440462040537,92803.4721066317,362919.186815044,713626838.57648,23355.436678077
"204",204,"8-0.576057-32",4,0.318057,32,3,199463.599693032,145419.170448312,106230.061834615,66014.6301107711,41333.7955899836,21956.4561503862,12368.973957126,6969.31864332775,3927.7161119445,2214.0711475393,1248.40123822318,704.106393886775,397.242061283282,224.19065111468,126.572351088913,71.4882081966986,40.3943744173979,76.552426545208,102283.612120723,400424.31453819,770414193.945903,60860.5644012237
"205",205,"8-0.576057-32",4,0.318057,32,4,209505.98520679,154104.626101721,112350.157745311,66391.5066812566,41257.725735709,25832.7343379169,13722.3134396227,7730.34302091724,4355.67444169114,2454.73819731198,1383.74690596984,780.223956542739,440.051371021767,248.267755005405,140.114341028328,79.1050004853119,44.6785944595547,95.6872442822298,110588.483265738,436157.976514516,823655509.304721,96594.2263775497
"206",206,"8-0.576057-32",4,0.318057,32,5,217016.072209916,161863.32526863,119060.499371811,70216.4351575056,41493.2654964441,25785.1923130786,16144.9040391322,8576.15112591552,4831.29832985184,2722.20296028,1534.1586422241,864.812091476439,487.623212573569,275.022653990097,155.162013751281,87.5684532971902,49.4389260209399,119.604944369987,118313.476617761,468290.123848836,875116252.579401,128726.373711869
"207",207,"8-0.576057-32",4,0.318057,32,6,223206.902087612,167665.582679954,125054.833355517,74410.2545268559,43883.7636294638,25932.3996038255,16115.1912948753,10090.218210087,5359.91022637393,3019.45767333616,1701.31837357432,958.816195587862,540.488979839609,304.754033052487,171.883250885304,96.9729255046778,54.7284022219528,149.501041910603,125820.30259633,498205.386572,925309091.798058,158641.636435033
"208",208,"8-0.576057-32",4,0.318057,32,7,228952.317627914,172448.588326247,129537.629766962,78156.5845002723,46504.8106463966,27426.4095858304,16207.1926893804,10071.6483831963,6306.16962977273,3349.82875336412,1887.09618380122,1063.28743686468,599.239525573975,337.794001965594,190.464724129071,107.423339518657,60.6059953308523,186.869879419168,133235.016077673,527718.700803597,973653174.236995,188154.950666631
"209",209,"8-0.576057-32",4,0.318057,32,8,234386.066143583,176887.468979158,133232.957124429,80958.235960897,48846.186403548,29064.5076677792,17140.9168347788,10129.1472784476,6294.56388687105,3941.2205535568,2093.57101200115,1179.39457749791,664.531807188453,374.511831008405,211.113994956552,119.03636114084,67.1372796005648,233.579320838551,140417.860896401,556640.757307416,1019448802.77583,217077.00717045
"210",210,"8-0.576057-32",4,0.318057,32,9,239375.568678884,181085.557174831,136662.415152759,83267.736178685,50597.1583831766,30527.8172200814,18164.6929474348,10712.7048116644,6330.49946124912,3933.96721355031,2463.178183226,1308.43690976435,737.096275945838,415.318104450953,234.06184935969,131.941711833755,74.3951686510209,291.964115848851,147226.711705293,584406.367534924,1062328048.17146,244842.617397958
"211",211,"8-0.576057-32",4,0.318057,32,10,243815.281151932,184940.42304419,139905.838076701,85411.0737769956,52040.5464081064,31622.1370941034,19079.2299837558,11352.5428899791,6695.21038390463,3956.42617559187,2458.6450015335,1539.43345211805,817.744961608568,460.669338641404,259.564893687349,146.283627884772,82.4607356097089,364.942601243032,153600.224676322,610508.565930913,1102234397.07495,270944.815793947
"212",212,"8-0.576057-32",4,0.318057,32,11,247728.144709665,188370.523732793,142884.08906778,87438.143431349,53380.0863652606,32524.2236037579,19763.1563975489,11924.1088921875,7095.09543826421,4184.36266776776,2472.68137036059,1536.6003109391,962.112838461533,511.073034737786,287.908440850544,162.222482749681,91.4241250578441,456.162572632654,159535.233881094,634808.955741723,1139267292.1961,295245.205604756
"213",213,"8-0.576057-32",4,0.318057,32,12,251192.118318697,191393.583461382,145534.168505441,89299.4863239144,54646.9613550342,33361.4073018496,20326.9410880449,12351.5482091439,7452.31191163382,4434.28223667079,2615.13678158645,1545.37273993586,960.342186084397,601.299856553673,319.409668171232,179.936590868957,101.385566960256,570.183617813008,165051.057902416,657387.139874402,1173583830.41568,317823.389737436
"214",214,"8-0.576057-32",4,0.318057,32,13,254281.6092817,194069.832955865,147869.770038123,90955.7290451627,55810.2606787252,34153.1769562702,20850.1629155143,12703.9015298464,7719.45230275707,4657.5348590339,2771.33114354055,1634.40431181715,965.82476576373,600.19323685397,375.79949361202,199.624181255427,112.456504011807,712.705025635979,170170.705519344,678369.810398491,1205382978.51401,338806.060261524
"215",215,"8-0.576057-32",4,0.318057,32,14,257053.348212418,196456.758943518,149937.427637489,92415.4298312101,56845.3768011721,34880.2140443346,21345.0019412443,13030.9039325024,7939.66555917032,4824.49186494909,2910.85923674927,1732.02243277235,1021.46758567098,603.619731380328,375.107880071394,234.866610826216,124.760825087287,890.850662309564,174921.513415245,697885.913655608,1234919207.28473,358322.163518642
"216",216,"8-0.576057-32",4,0.318057,32,15,259553.908107739,198598.191226036,151781.555274942,93707.6714147324,57757.658436105,35527.1393851698,21799.3845035447,13340.1676937723,8144.03503637652,4962.12041972884,3015.20377898401,1819.22449377569,1082.47681429874,638.395298539345,377.249365544631,234.434367220118,146.786586513986,1113.5250545332,179339.569390055,716080.205483097,1262511981.10675,376516.45534613
"217",217,"8-0.576057-32",4,0.318057,32,16,261828.318034189,200530.111878759,153436.015646296,94860.2115737854,58565.2816667097,36097.2958099597,22203.6989447356,13624.1470344582,8337.31824376638,5089.84695284999,3101.21866927389,1884.43759121053,1136.97622920764,676.524755870964,398.983347992809,235.772749638888,146.516443545353,1391.85847811863,183471.69298959,733137.048416475,1288461192.39523,393573.298279509
"218",218,"8-0.576057-32",4,0.318057,32,17,263915.204669125,202287.310143791,154928.608331398,95894.2137658352,59285.5945079967,36602.0429802486,22560.0344624983,13876.8348749815,8514.79923143482,5210.64480548399,3181.04500873596,1938.19504992555,1177.7330142389,710.585719467895,422.813439752767,249.356021793666,147.35290380682,1739.7632996438,187362.08949168,749231.772274112,1313488802.95231,409668.022137146
"219",219,"8-0.576057-32",4,0.318057,32,18,265886.870428915,203899.62880789,156286.211332829,96827.0521311149,59931.8236662625,37052.2230327591,22875.4906012771,14099.5369190144,8672.72370368542,5321.56661024515,3256.54107173099,1988.08479731162,1211.33027115288,736.057834601577,444.100810325292,264.249317241045,155.842157116502,2174.62937961821,191120.042020878,764823.467437764,1338047435.67515,425259.717300797
"220",220,"8-0.576057-32",4,0.318057,32,19,267784.845971765,205422.928373213,157531.881045349,97675.5248438607,60514.8276059329,37456.102374799,23156.8434636199,14296.6902293267,8811.90769726493,5420.26601297056,3325.86481695635,2035.26821492599,1242.51029156994,757.055398458304,460.020335108365,277.553466567367,165.150146842988,2718.19329656334,194813.480193223,780194.439704923,1362625272.75322,440630.689567957
"221",221,"9-0.576057-32",3,0.318057,32,0,176958.348523671,136969.251701554,89942.9181316662,50668.5416070175,28549.2727914244,16089.5841424226,9069.77057667427,5113.97875849846,2884.31718249883,1627.27126598835,918.379598282211,518.493810373965,292.845895219848,165.472418969579,93.5451845580588,52.9111236627982,29.9450341270776,39.1988840684049,130012.795403317,509345.62520545,586703772.311464,0
"222",222,"9-0.576057-32",3,0.318057,32,1,177968.601181278,136717.176350904,105821.790809874,54742.0677067455,30838.4561327332,17375.9786383478,9792.62317471754,5520.14550235221,3112.52711457245,1755.48547647678,990.408090713406,558.954492404428,315.571518721129,178.235153548163,100.711679707471,56.9345195051477,32.2033615781599,47.7153290170159,93077.2646158111,364644.859693124,638659607.710951,-17364.3592109637
"223",223,"9-0.576057-32",3,0.318057,32,2,185600.331468747,137497.692737395,105627.038595831,64406.4453066004,33317.7312795554,18769.2470808909,10575.563022082,5960.09615868021,3359.73287411565,1894.38116512498,1068.44326165649,602.793281398478,340.197152858664,192.066677432723,108.479478383975,61.2962721682634,34.6521258854344,58.0820775211095,102080.036122189,398868.734381211,688436404.903098,16859.5154771238
"224",224,"9-0.576057-32",3,0.318057,32,3,194648.09648304,143393.93117022,106230.061834615,64287.9130295887,39199.7731779553,20278.2113303308,11423.5496896228,6436.61779067789,3627.50057741696,2044.83830736047,1152.97951364938,650.287922444264,366.878808347993,207.054607102795,116.897775596298,66.0239969287506,37.3068247162509,70.7011310341197,110619.435539081,432002.868975832,733555994.14464,49993.6500717446
"225",225,"9-0.576057-32",3,0.318057,32,4,203093.614681173,150384.191281486,110785.467535181,64654.9317971802,39127.6307339653,23858.2056483355,12341.9524368961,6952.72894798968,3917.52651814038,2207.81009044563,1244.55242720731,701.739324360031,395.78552952008,223.293895550016,126.019897468995,71.1476354046326,40.1842655900124,86.0618308235796,118058.218871108,463994.988841208,775236133.891215,81985.7699371208
"226",226,"9-0.576057-32",3,0.318057,32,5,209445.486406536,156909.158374036,116186.109168332,67427.4939118208,39351.00981308,23814.2975048655,14520.8487348691,7511.69752959273,4231.64787982902,2384.32893165726,1343.74214185363,757.473458166471,427.100458875127,240.887428431237,135.903635356905,76.699643539985,43.3026719101302,104.759833631686,124842.521012593,492229.485125672,815059093.64418,110220.266221584
"227",227,"9-0.576057-32",3,0.318057,32,6,214637.713255951,161816.584184006,121227.267633691,70714.4930006103,41038.4776666206,23950.2529855991,14494.1248680807,8837.84183475087,4571.85360781379,2575.51299825071,1451.17701897177,817.843414887607,461.021992552104,259.946671989207,146.611608682551,82.7151949574257,46.6817973773398,127.52021003406,131340.459177843,518146.380865406,853627787.101659,136137.161961318
"228",228,"9-0.576057-32",3,0.318057,32,7,219421.642130327,165828.073891882,125018.721416392,73782.69941156,43039.0479217141,24977.2985986427,14576.8716177528,8821.57685518935,5378.98642994003,2782.57282444294,1567.53761005899,883.231634876846,497.765032770612,280.592376307398,158.211659280892,89.2324017922811,50.3430497563752,155.225561204139,137717.43293516,543412.824026186,890568822.659254,161403.605122099
"229",229,"9-0.576057-32",3,0.318057,32,8,223980.514575427,169524.114530963,128117.979238344,76090.2965408392,44906.4541230629,26194.9081073326,15201.9636389484,8871.9391101301,5369.08705563796,3273.81905610835,1693.56068402874,954.052323020061,537.562344668304,302.955337585226,170.777279422162,96.2925547031134,54.3096252825356,188.950244394236,143864.939526464,568011.512587419,925376828.450697,186002.293683331
"230",230,"9-0.576057-32",3,0.318057,32,9,228212.598005888,173046.277645831,130973.522613771,77976.6016002497,46310.9297717846,27331.4698159552,15943.0387958329,9252.38962761435,5399.73909614431,3267.79398788114,1992.5484757651,1030.75389987757,580.666026268882,327.177223951651,184.388075756367,103.940383379783,58.606654739585,230.002034327897,149661.991471282,591522.986681438,957815072.918177,209513.767777351
"231",231,"9-0.576057-32",3,0.318057,32,10,232009.015095327,176315.965126084,133694.729043021,79714.5744395161,47458.9939153858,28186.2775390296,16634.785731542,9703.43110210346,5631.29315754024,3286.44977659251,1988.88143115855,1212.72720337615,627.349000323616,353.411470133598,199.13027192922,112.224338914548,63.261362013091,279.972836047758,155060.058696057,613522.741678305,987901705.498249,231513.522774217
"232",232,"9-0.576057-32",3,0.318057,32,11,235374.459788811,179249.058868474,136220.874000744,81370.7856197668,48516.7784393472,28885.0252157362,17155.0483961832,10124.449881315,5905.81107899448,3427.38080673934,2000.23592654268,1210.49532555514,738.10363346057,381.824185437269,215.097253105273,121.196899709819,68.3032359502913,340.800415760137,160067.175638523,633919.917117352,1015762449.08189,251910.698213264
"233",233,"9-0.576057-32",3,0.318057,32,12,238370.527332285,181849.185392579,138486.968241437,82908.2762992476,49524.8002652928,29528.8258976873,17580.3280449067,10441.0979799612,6162.05625088976,3594.46098331271,2086.01095090853,1217.40602589715,736.745242946574,449.232912571778,232.390118593684,130.914902891929,73.7642165451015,414.843543473162,164709.827764169,652814.657302229,1041538605.12981,270805.438398142
"234",234,"9-0.576057-32",3,0.318057,32,13,241059.343233971,184163.932891737,140495.813596836,84287.4919943875,50460.5650883933,30142.3394481929,17972.1652373517,10699.9364500522,6354.77816847226,3750.41979408738,2187.70116208274,1269.61138334963,740.951310904804,448.406153700329,273.417174213793,141.439880656432,79.6788966468821,504.973461307316,169012.007621586,670336.890112667,1065376788.03568,288327.67120858
"235",235,"9-0.576057-32",3,0.318057,32,14,243485.520249306,186241.299237394,142284.176478217,85510.1379874453,51299.9988151824,30711.8751311331,18345.5687361309,10938.420797285,6512.31534148337,3867.71636929335,2282.6225628582,1331.50322031519,772.72512113559,450.96609795977,272.913982955847,166.410227441008,86.0847266706861,614.685224433748,172996.145582822,686597.933155113,1087446718.24351,304588.714251025
"236",236,"9-0.576057-32",3,0.318057,32,15,245682.580050879,188115.752031689,143889.13981221,86598.5914640545,52044.1393336763,31222.7807017079,18692.2059318608,11165.6858231116,6657.46435993201,3963.59841059735,2354.01292015454,1389.27534797134,810.394425179116,470.304630743516,274.47204494546,166.103969533391,101.28245921858,748.233232215787,176688.722223163,701704.281786756,1107952216.97092,319695.062882668
"237",237,"9-0.576057-32",3,0.318057,32,16,247682.250864313,189813.189959038,145337.333103892,87575.422250973,52706.606097596,31675.6878509633,19003.1590109594,11376.6600413435,6795.78494914127,4051.94063431586,2412.36972362451,1432.72574800177,845.556345532713,493.231345100259,286.242079685129,167.052254698009,101.096061095607,910.796205176111,180122.93046768,715783.370882206,1127048386.27933,333774.151978118
"238",238,"9-0.576057-32",3,0.318057,32,17,249508.648147606,191358.12609528,146648.76555336,88456.8378962789,53301.1358080647,32078.88580359,19278.8124403168,11565.9157922489,6924.19044430122,4136.12686283744,2466.13755874281,1468.24352030737,872.001615374512,514.631987470769,300.19599374174,174.215865263618,101.67321704924,1108.67800526129,183324.02152428,728930.317647351,1145189543.00552,346921.098743264
"239",239,"9-0.576057-32",3,0.318057,32,18,251217.25409344,192769.191928285,147842.37584613,89255.0166237744,53837.5928847908,32440.7351447077,19524.2113008431,11733.6870743791,7039.37740226484,4214.27845560291,2517.37592544732,1500.96830322116,893.61884035158,530.727404233695,313.221092748416,182.708652955284,106.033214064605,1349.55208680572,186369.146763494,741467.626978222,1162623547.64965,359458.408074135
"240",240,"9-0.576057-32",3,0.318057,32,19,252837.081053099,194089.252735586,148932.558580899,89981.4851086711,54323.3893749456,32767.2396680868,19744.4441056328,11883.0444814673,7141.48824185506,4284.38483399002,2564.94142444853,1532.15357269636,913.536164796544,543.884322175742,323.017265838048,190.636134812907,111.202189771571,1642.7590575069,189299.922110816,753566.395103748,1179613358.78218,371557.176199661
