"","Months.closed","F.Mortality","Selectivity","NPV","Label"
"1",0,0.025,29,3267.58809625024,"0-0.025-29"
"2",0,0.025,31,3356.77616187006,"0-0.025-31"
"3",0,0.025,38,3356.77616187006,"0-0.025-38"
"4",0,0.025,45,3325.35433881767,"0-0.025-45"
"5",0,0.025,62,3171.77219128291,"0-0.025-62"
"6",0,0.025,70,2804.04130640481,"0-0.025-70"
"7",0,0.025,76,2367.34638273873,"0-0.025-76"
"8",0,0.025,101,858.702109937848,"0-0.025-101"
"9",0,0.05,29,5291.42183170565,"0-0.05-29"
"10",0,0.05,31,5619.68981055503,"0-0.05-31"
"11",0,0.05,38,5619.68981055503,"0-0.05-38"
"12",0,0.05,45,5735.51377888466,"0-0.05-45"
"13",0,0.05,62,5609.34462844878,"0-0.05-62"
"14",0,0.05,70,5041.05598281,"0-0.05-70"
"15",0,0.05,76,4306.92576995198,"0-0.05-76"
"16",0,0.05,101,1600.64622713097,"0-0.05-101"
"17",0,0.075,29,6383.49936124096,"0-0.075-29"
"18",0,0.075,31,7041.63453235898,"0-0.075-31"
"19",0,0.075,38,7041.63453235898,"0-0.075-38"
"20",0,0.075,45,7428.87241341983,"0-0.075-45"
"21",0,0.075,62,7463.37983845026,"0-0.075-62"
"22",0,0.075,70,6822.35871025865,"0-0.075-70"
"23",0,0.075,76,5899.23387030064,"0-0.075-76"
"24",0,0.075,101,2244.89508249125,"0-0.075-101"
"25",0,0.1,29,6774.62820618625,"0-0.1-29"
"26",0,0.1,31,7812.57497271791,"0-0.1-31"
"27",0,0.1,38,7812.57497271791,"0-0.1-38"
"28",0,0.1,45,8556.47950521668,"0-0.1-45"
"29",0,0.1,62,8849.83914151166,"0-0.1-62"
"30",0,0.1,70,8234.37885459911,"0-0.1-70"
"31",0,0.1,76,7207.26866210569,"0-0.1-76"
"32",0,0.1,101,2806.78673923928,"0-0.1-101"
"33",0,0.125,29,6637.25690473521,"0-0.125-29"
"34",0,0.125,31,8076.63616081702,"0-0.125-31"
"35",0,0.125,38,8076.63616081702,"0-0.125-38"
"36",0,0.125,45,9234.47394142266,"0-0.125-45"
"37",0,0.125,62,9858.83239987856,"0-0.125-62"
"38",0,0.125,70,9344.84762804936,"0-0.125-70"
"39",0,0.125,76,8280.78287378291,"0-0.125-76"
"40",0,0.125,101,3298.76393554316,"0-0.125-101"
"41",0,0.15,29,6101.49314111688,"0-0.15-29"
"42",0,0.15,31,7944.21964576922,"0-0.15-31"
"43",0,0.15,38,7944.21964576922,"0-0.15-38"
"44",0,0.15,45,9552.98540919109,"0-0.15-45"
"45",0,0.15,62,10561.0131841065,"0-0.15-62"
"46",0,0.15,70,10207.3077879778,"0-0.15-70"
"47",0,0.15,76,9159.40677967411,"0-0.15-76"
"48",0,0.15,101,3730.99920813882,"0-0.15-101"
"49",0,0.175,29,5266.44608618425,"0-0.175-29"
"50",0,0.175,31,7500.68059282405,"0-0.175-31"
"51",0,0.175,38,7500.68059282405,"0-0.175-38"
"52",0,0.175,45,9582.57215947026,"0-0.175-45"
"53",0,0.175,62,11012.2481535151,"0-0.175-62"
"54",0,0.175,70,10864.4340699679,"0-0.175-70"
"55",0,0.175,76,9874.96400791181,"0-0.175-76"
"56",0,0.175,101,4111.87030355055,"0-0.175-101"
"57",0,0.2,29,4208.32351669645,"0-0.2-29"
"58",0,0.2,31,6812.6022573907,"0-0.2-31"
"59",0,0.2,38,6812.6022573907,"0-0.2-38"
"60",0,0.2,45,9378.923941066,"0-0.2-45"
"61",0,0.2,62,11257.0607138641,"0-0.2-62"
"62",0,0.2,70,11350.5019291135,"0-0.2-70"
"63",0,0.2,76,10453.2051674148,"0-0.2-76"
"64",0,0.2,101,4448.32484008864,"0-0.2-101"
"65",0,0.225,29,2986.24937068615,"0-0.225-29"
"66",0,0.225,31,5932.37464672455,"0-0.225-31"
"67",0,0.225,38,5932.37464672455,"0-0.225-38"
"68",0,0.225,45,8986.33108596066,"0-0.225-45"
"69",0,0.225,62,11331.1954270566,"0-0.225-62"
"70",0,0.225,70,11693.2403179085,"0-0.225-70"
"71",0,0.225,76,10915.117437967,"0-0.225-76"
"72",0,0.225,101,4746.16232535761,"0-0.225-101"
"73",0,0.25,29,1646.45978679852,"0-0.25-29"
"74",0,0.25,31,4901.56392331213,"0-0.25-31"
"75",0,0.25,38,4901.56392331213,"0-0.25-38"
"76",0,0.25,45,8440.26753778048,"0-0.25-45"
"77",0,0.25,62,11263.545557355,"0-0.25-62"
"78",0,0.25,70,11915.2347130733,"0-0.25-70"
"79",0,0.25,76,11277.9224383671,"0-0.25-76"
"80",0,0.25,101,5010.25398038338,"0-0.25-101"
"81",0,0.275,29,225.331793221964,"0-0.275-29"
"82",0,0.275,31,3753.41062798277,"0-0.275-31"
"83",0,0.275,38,3753.41062798277,"0-0.275-38"
"84",0,0.275,45,7769.33156038538,"0-0.275-45"
"85",0,0.275,62,11077.6149393415,"0-0.275-62"
"86",0,0.275,70,12034.9987072834,"0-0.275-70"
"87",0,0.275,76,11555.8428853976,"0-0.275-76"
"88",0,0.275,101,5244.715379438,"0-0.275-101"
"89",0,0.3,29,-1248.43546253793,"0-0.3-29"
"90",0,0.3,31,2514.69389244987,"0-0.3-31"
"91",0,0.3,38,2514.69389244987,"0-0.3-38"
"92",0,0.3,45,6996.71653704659,"0-0.3-45"
"93",0,0.3,62,10792.6362024548,"0-0.3-62"
"94",0,0.3,70,12067.7991730516,"0-0.3-70"
"95",0,0.3,76,11760.6962834123,"0-0.3-76"
"96",0,0.3,101,5453.04301201582,"0-0.3-101"
"97",0,0.325,29,-2752.25414793387,"0-0.325-29"
"98",0,0.325,31,1207.12973817925,"0-0.325-31"
"99",0,0.325,38,1207.12973817925,"0-0.325-38"
"100",0,0.325,45,6141.33493585159,"0-0.325-45"
"101",0,0.325,62,10424.4331476781,"0-0.325-62"
"102",0,0.325,70,12026.2966286939,"0-0.325-70"
"103",0,0.325,76,11902.3581437394,"0-0.325-76"
"104",0,0.325,101,5638.2230514097,"0-0.325-101"
"105",0,0.35,29,-4268.51888610993,"0-0.35-29"
"106",0,0.35,31,-151.575996939586,"0-0.35-31"
"107",0,0.35,38,-151.575996939586,"0-0.35-38"
"108",0,0.35,45,5218.68408814162,"0-0.35-45"
"109",0,0.35,62,9986.09100542257,"0-0.35-62"
"110",0,0.35,70,11921.0458809061,"0-0.35-70"
"111",0,0.35,76,11989.1260104283,"0-0.35-76"
"112",0,0.35,101,5802.81855719953,"0-0.35-101"
"113",0,0.375,29,-5783.77578889451,"0-0.375-29"
"114",0,0.375,31,-1546.93244914133,"0-0.375-31"
"115",0,0.375,38,-1546.93244914133,"0-0.375-38"
"116",0,0.375,45,4241.51818843404,"0-0.375-45"
"117",0,0.375,62,9488.48123777425,"0-0.375-62"
"118",0,0.375,70,11760.8901906062,"0-0.375-70"
"119",0,0.375,76,12028.0074983987,"0-0.375-76"
"120",0,0.375,101,5949.0398275997,"0-0.375-101"
"121",0,0.4,29,-7288.07833192025,"0-0.4-29"
"122",0,0.4,31,-2967.06142046505,"0-0.4-31"
"123",0,0.4,38,-2967.06142046505,"0-0.4-38"
"124",0,0.4,45,3220.37371197364,"0-0.4-45"
"125",0,0.4,62,8940.67534165543,"0-0.4-62"
"126",0,0.4,70,11553.2736856294,"0-0.4-70"
"127",0,0.4,76,12024.9496978834,"0-0.4-76"
"128",0,0.4,101,6078.80149876031,"0-0.4-101"
"129",0,0.425,29,-8774.4466982516,"0-0.425-29"
"130",0,0.425,31,-4402.23913476601,"0-0.425-31"
"131",0,0.425,38,-4402.23913476601,"0-0.425-38"
"132",0,0.425,45,2163.98311865291,"0-0.425-45"
"133",0,0.425,62,8350.27330445254,"0-0.425-62"
"134",0,0.425,70,11304.4905508411,"0-0.425-70"
"135",0,0.425,76,11985.023021109,"0-0.425-76"
"136",0,0.425,101,6193.76915373043,"0-0.425-101"
"137",0,0.45,29,-10238.3765605027,"0-0.45-29"
"138",0,0.45,31,-5844.54459328419,"0-0.45-31"
"139",0,0.45,38,-5844.54459328419,"0-0.45-38"
"140",0,0.45,45,1079.60280898205,"0-0.45-45"
"141",0,0.45,62,7723.66595979359,"0-0.45-62"
"142",0,0.45,70,11019.8849898188,"0-0.45-70"
"143",0,0.45,76,11912.56941554,"0-0.45-76"
"144",0,0.45,101,6295.39757710773,"0-0.45-101"
"145",0,0.475,29,-11677.3721627678,"0-0.475-29"
"146",0,0.475,31,-7287.58544274408,"0-0.475-31"
"147",0,0.475,38,-7287.58544274408,"0-0.475-38"
"148",0,0.475,45,-26.7251851825896,"0-0.475-45"
"149",0,0.475,62,7066.24579613278,"0-0.475-62"
"150",0,0.475,70,10704.0126032865,"0-0.475-70"
"151",0,0.475,76,11811.322528671,"0-0.475-76"
"152",0,0.475,101,6384.96231746937,"0-0.475-101"
"153",0,0.5,29,-13090.502060003,"0-0.5-29"
"154",0,0.5,31,-8726.27878761434,"0-0.5-31"
"155",0,0.5,38,-8726.27878761434,"0-0.5-38"
"156",0,0.5,45,-1149.96305122776,"0-0.5-45"
"157",0,0.5,62,6382.57730169862,"0-0.5-62"
"158",0,0.5,70,10360.7713384493,"0-0.5-70"
"159",0,0.5,76,11684.5056603322,"0-0.5-76"
"160",0,0.5,101,6463.58585888597,"0-0.5-101"
"161",0,0.525,29,-14477.9897575495,"0-0.525-29"
"162",0,0.525,31,-10156.6697778911,"0-0.525-31"
"163",0,0.525,38,-10156.6697778911,"0-0.525-38"
"164",0,0.525,45,-2285.90738428894,"0-0.525-45"
"165",0,0.525,62,5676.53534665869,"0-0.525-62"
"166",0,0.525,70,9993.50829699526,"0-0.525-70"
"167",0,0.525,76,11534.9120216664,"0-0.525-76"
"168",0,0.525,101,6532.25942639065,"0-0.525-101"
"169",1,0.025,29,3001.85949433254,"1-0.025-29"
"170",1,0.025,31,3076.23030591951,"1-0.025-31"
"171",1,0.025,38,3076.23030591951,"1-0.025-38"
"172",1,0.025,45,3041.75256125311,"1-0.025-45"
"173",1,0.025,62,2896.81446522904,"1-0.025-62"
"174",1,0.025,70,2558.83863311633,"1-0.025-70"
"175",1,0.025,76,2159.10325870173,"1-0.025-76"
"176",1,0.025,101,782.322667912723,"1-0.025-101"
"177",1,0.05,29,4944.83844541618,"1-0.05-29"
"178",1,0.05,31,5222.72549233946,"1-0.05-31"
"179",1,0.05,38,5222.72549233946,"1-0.05-38"
"180",1,0.05,45,5306.50792938769,"1-0.05-45"
"181",1,0.05,62,5170.79309812892,"1-0.05-62"
"182",1,0.05,70,4636.94828559354,"1-0.05-70"
"183",1,0.05,76,3955.74238142422,"1-0.05-76"
"184",1,0.05,101,1465.88002721895,"1-0.05-101"
"185",1,0.075,29,6075.8868692678,"1-0.075-29"
"186",1,0.075,31,6639.35615110981,"1-0.075-31"
"187",1,0.075,38,6639.35615110981,"1-0.075-38"
"188",1,0.075,45,6950.85471470849,"1-0.075-45"
"189",1,0.075,62,6940.72378121187,"1-0.075-62"
"190",1,0.075,70,6322.01790902115,"1-0.075-70"
"191",1,0.075,76,5453.27985023252,"1-0.075-76"
"192",1,0.075,101,2065.63729253703,"1-0.075-101"
"193",1,0.1,29,6582.03891960073,"1-0.1-29"
"194",1,0.1,31,7479.63655230647,"1-0.1-31"
"195",1,0.1,38,7479.63655230647,"1-0.1-38"
"196",1,0.1,45,8096.56236755171,"1-0.1-45"
"197",1,0.1,62,8299.90977398546,"1-0.1-62"
"198",1,0.1,70,7683.48235576581,"1-0.1-70"
"199",1,0.1,76,6702.25618979566,"1-0.1-76"
"200",1,0.1,101,2593.84017871458,"1-0.1-101"
"201",1,0.125,29,6606.13899315769,"1-0.125-29"
"202",1,0.125,31,7862.47490334484,"1-0.125-31"
"203",1,0.125,38,7862.47490334484,"1-0.125-38"
"204",1,0.125,45,8839.1169421495,"1-0.125-45"
"205",1,0.125,62,9322.23488332888,"1-0.125-62"
"206",1,0.125,70,8776.7563824442,"1-0.125-70"
"207",1,0.125,76,7743.29620790387,"1-0.125-76"
"208",1,0.125,101,3060.57912185324,"1-0.125-101"
"209",1,0.15,29,6258.1814956941,"1-0.15-29"
"210",1,0.15,31,7880.72723351434,"1-0.15-31"
"211",1,0.15,38,7880.72723351434,"1-0.15-38"
"212",1,0.15,45,9253.98980889693,"1-0.15-45"
"213",1,0.15,62,10066.656427454,"1-0.15-62"
"214",1,0.15,70,9646.39606619561,"1-0.15-70"
"215",1,0.15,76,8609.29405459176,"1-0.15-76"
"216",1,0.15,101,3474.22383865629,"1-0.15-101"
"217",1,0.175,29,5623.55308222134,"1-0.175-29"
"218",1,0.175,31,7607.47777419473,"1-0.175-31"
"219",1,0.175,38,7607.47777419473,"1-0.175-38"
"220",1,0.175,45,9401.28165965431,"1-0.175-45"
"221",1,0.175,62,10580.5627689277,"1-0.175-62"
"222",1,0.175,70,10328.4796722629,"1-0.175-70"
"223",1,0.175,76,9327.06978504081,"1-0.175-76"
"224",1,0.175,101,3841.76056474652,"1-0.175-101"
"225",1,0.2,29,4769.06703456637,"1-0.2-29"
"226",1,0.2,31,7100.68828195108,"1-0.2-31"
"227",1,0.2,38,7100.68828195108,"1-0.2-38"
"228",1,0.2,45,9329.1922397852,"1-0.2-45"
"229",1,0.2,62,10902.3038129078,"1-0.2-62"
"230",1,0.2,70,10852.4156329976,"1-0.2-70"
"231",1,0.2,76,9918.6353820508,"1-0.2-76"
"232",1,0.2,101,4169.05568424318,"1-0.2-101"
"233",1,0.225,29,3747.40836790981,"1-0.225-29"
"234",1,0.225,31,6406.66711273448,"1-0.225-31"
"235",1,0.225,38,6406.66711273448,"1-0.225-38"
"236",1,0.225,45,9076.63424553887,"1-0.225-45"
"237",1,0.225,62,11063.1140144835,"1-0.225-62"
"238",1,0.225,70,11242.3265286037,"1-0.225-70"
"239",1,0.225,76,10402.1698252702,"1-0.225-76"
"240",1,0.225,101,4461.0632700753,"1-0.225-101"
"241",1,0.25,29,2600.42299600484,"1-0.25-29"
"242",1,0.25,31,5562.67688522405,"1-0.25-31"
"243",1,0.25,38,5562.67688522405,"1-0.25-38"
"244",1,0.25,45,8675.21833507139,"1-0.25-45"
"245",1,0.25,62,11088.5854630283,"1-0.25-62"
"246",1,0.25,70,11518.1167011331,"1-0.25-70"
"247",1,0.25,76,10792.7756806961,"1-0.25-76"
"248",1,0.25,101,4721.98957602032,"1-0.25-101"
"249",1,0.275,29,1361.55718688991,"1-0.275-29"
"250",1,0.275,31,4598.90800734139,"1-0.275-31"
"251",1,0.275,38,4598.90800734139,"1-0.275-38"
"252",1,0.275,45,8150.77229497839,"1-0.275-45"
"253",1,0.275,62,10999.8050446577,"1-0.275-62"
"254",1,0.275,70,11696.3019380297,"1-0.275-70"
"255",1,0.275,76,11103.0703716915,"1-0.275-76"
"256",1,0.275,101,4955.42425861563,"1-0.275-101"
"257",1,0.3,29,57.6664409156553,"1-0.3-29"
"258",1,0.3,31,3539.98135297213,"1-0.3-31"
"259",1,0.3,38,3539.98135297213,"1-0.3-38"
"260",1,0.3,45,7524.51242111139,"1-0.3-45"
"261",1,0.3,62,10814.2388199688,"1-0.3-62"
"262",1,0.3,70,11790.6588397298,"1-0.3-70"
"263",1,0.3,76,11343.6514293569,"1-0.3-76"
"264",1,0.3,101,5164.44571260103,"1-0.3-101"
"265",1,0.325,29,-1289.64627237276,"1-0.325-29"
"266",1,0.325,31,2406.09836375683,"1-0.325-31"
"267",1,0.325,38,2406.09836375683,"1-0.325-38"
"268",1,0.325,45,6813.95326703718,"1-0.325-45"
"269",1,0.325,62,10546.4247207028,"1-0.325-62"
"270",1,0.325,70,11812.7365199887,"1-0.325-70"
"271",1,0.325,76,11523.4649913567,"1-0.325-76"
"272",1,0.325,101,5351.70613380607,"1-0.325-101"
"273",1,0.35,29,-2663.04262998257,"1-0.35-29"
"274",1,0.35,31,1213.92500430091,"1-0.35-31"
"275",1,0.35,38,1213.92500430091,"1-0.35-38"
"276",1,0.35,45,6033.6191123578,"1-0.35-45"
"277",1,0.35,62,10208.5188193066,"1-0.35-62"
"278",1,0.35,70,11772.2624480284,"1-0.35-70"
"279",1,0.35,76,11650.0995086353,"1-0.35-76"
"280",1,0.35,101,5519.50060631868,"1-0.35-101"
"281",1,0.375,29,-4048.7174738322,"1-0.375-29"
"282",1,0.375,31,-22.7266370788277,"1-0.375-31"
"283",1,0.375,38,-22.7266370788277,"1-0.375-38"
"284",1,0.375,45,5195.60408635444,"1-0.375-45"
"285",1,0.375,62,9810.72893814672,"1-0.375-62"
"286",1,0.375,70,11677.4663313072,"1-0.375-70"
"287",1,0.375,76,11730.0212522454,"1-0.375-76"
"288",1,0.375,101,5669.82352394767,"1-0.375-101"
"289",1,0.4,29,-5435.84791782161,"1-0.4-29"
"290",1,0.4,31,-1292.37145764973,"1-0.4-31"
"291",1,0.4,38,-1292.37145764973,"1-0.4-38"
"292",1,0.4,45,4310.015975085,"1-0.4-45"
"293",1,0.4,62,9361.66097792574,"1-0.4-62"
"294",1,0.4,70,11535.3401223807,"1-0.4-70"
"295",1,0.4,76,11768.7642431394,"1-0.4-76"
"296",1,0.4,101,5804.4149117513,"1-0.4-101"
"297",1,0.425,29,-6816.1614636414,"1-0.425-29"
"298",1,0.425,31,-2585.44307430119,"1-0.425-31"
"299",1,0.425,38,-2585.44307430119,"1-0.425-38"
"300",1,0.425,45,3385.33004057251,"1-0.425-45"
"301",1,0.425,62,8868.59717652206,"1-0.425-62"
"302",1,0.425,70,11351.8479272787,"1-0.425-70"
"303",1,0.425,76,11771.0842716252,"1-0.425-76"
"304",1,0.425,101,5924.79864852725,"1-0.425-101"
"305",1,0.45,29,-8183.57507251296,"1-0.45-29"
"306",1,0.45,31,-3893.9764190746,"1-0.45-31"
"307",1,0.45,38,-3893.9764190746,"1-0.45-38"
"308",1,0.45,45,2428.67277923994,"1-0.45-45"
"309",1,0.45,62,8337.72094066135,"1-0.45-62"
"310",1,0.45,70,11132.0963819168,"1-0.45-70"
"311",1,0.45,76,11741.0844566371,"1-0.45-76"
"312",1,0.45,101,6032.31415976026,"1-0.45-101"
"313",1,0.475,29,-9533.87146750836,"1-0.475-29"
"314",1,0.475,31,-5211.35949935605,"1-0.475-31"
"315",1,0.475,38,-5211.35949935605,"1-0.475-38"
"316",1,0.475,45,1446.05080293739,"1-0.475-45"
"317",1,0.475,62,7774.29948518503,"1-0.475-62"
"318",1,0.475,70,10880.4736524414,"1-0.475-70"
"319",1,0.475,76,11682.3181220393,"1-0.475-76"
"320",1,0.475,101,6128.14281908026,"1-0.475-101"
"321",1,0.5,29,-10864.3936151814,"1-0.5-29"
"322",1,0.5,31,-6532.13715973746,"1-0.5-31"
"323",1,0.5,38,-6532.13715973746,"1-0.5-38"
"324",1,0.5,45,442.536486073295,"1-0.5-45"
"325",1,0.5,62,7182.83295580531,"1-0.5-62"
"326",1,0.5,70,10600.7633936054,"1-0.5-70"
"327",1,0.5,76,11597.8734964815,"1-0.5-76"
"328",1,0.5,101,6213.33004015175,"1-0.5-101"
"329",1,0.525,29,-12173.7514561791,"1-0.525-29"
"330",1,0.525,31,-7851.85321330405,"1-0.525-31"
"331",1,0.525,38,-7851.85321330405,"1-0.525-38"
"332",1,0.525,45,-577.580637072246,"1-0.525-45"
"333",1,0.525,62,6567.17677699357,"1-0.525-62"
"334",1,0.525,70,10296.2386136495,"1-0.525-70"
"335",1,0.525,76,11490.4437722021,"1-0.525-76"
"336",1,0.525,101,6288.80384186409,"1-0.525-101"
"337",2,0.025,29,2735.24852885874,"2-0.025-29"
"338",2,0.025,31,2796.14288990261,"2-0.025-31"
"339",2,0.025,38,2796.14288990261,"2-0.025-38"
"340",2,0.025,45,2759.63647111181,"2-0.025-45"
"341",2,0.025,62,2624.09098244027,"2-0.025-62"
"342",2,0.025,70,2315.99690625373,"2-0.025-70"
"343",2,0.025,76,1953.07556880151,"2-0.025-76"
"344",2,0.025,101,706.898457850354,"2-0.025-101"
"345",2,0.05,29,4583.48217443673,"2-0.05-29"
"346",2,0.05,31,4814.71052941832,"2-0.05-31"
"347",2,0.05,38,4814.71052941832,"2-0.05-38"
"348",2,0.05,45,4870.15224421532,"2-0.05-45"
"349",2,0.05,62,4728.24686548503,"2-0.05-62"
"350",2,0.05,70,4230.91847791418,"2-0.05-70"
"351",2,0.05,76,3603.90318572982,"2-0.05-76"
"352",2,0.05,101,1331.57322371186,"2-0.05-101"
"353",2,0.075,29,5735.49869991708,"2-0.075-29"
"354",2,0.075,31,6209.89963470188,"2-0.075-31"
"355",2,0.075,38,6209.89963470188,"2-0.075-38"
"356",2,0.075,45,6452.19342245953,"2-0.075-45"
"357",2,0.075,62,6403.89289362694,"2-0.075-62"
"358",2,0.075,70,5812.19712445135,"2-0.075-70"
"359",2,0.075,76,5001.17156145049,"2-0.075-76"
"360",2,0.075,101,1885.49364785886,"2-0.075-101"
"361",2,0.1,29,6339.28043456214,"2-0.1-29"
"362",2,0.1,31,7102.83962674523,"2-0.1-31"
"363",2,0.1,38,7102.83962674523,"2-0.1-38"
"364",2,0.1,45,7601.6089145515,"2-0.1-45"
"365",2,0.1,62,7724.33036052576,"2-0.1-62"
"366",2,0.1,70,7114.29888146185,"2-0.1-70"
"367",2,0.1,76,6184.47094380777,"2-0.1-76"
"368",2,0.1,101,2378.20625788538,"2-0.1-101"
"369",2,0.125,29,6510.39966010959,"2-0.125-29"
"370",2,0.125,31,7589.35385739307,"2-0.125-31"
"371",2,0.125,38,7589.35385739307,"2-0.125-38"
"372",2,0.125,45,8395.07930643132,"2-0.125-45"
"373",2,0.125,62,8748.72980420637,"2-0.125-62"
"374",2,0.125,70,8181.50680774524,"2-0.125-70"
"375",2,0.125,76,7186.20113393099,"2-0.125-76"
"376",2,0.125,101,2817.70349974091,"2-0.125-101"
"377",2,0.15,29,6339.73277527829,"2-0.15-29"
"378",2,0.15,31,7745.76296899282,"2-0.15-31"
"379",2,0.15,38,7745.76296899282,"2-0.15-38"
"380",2,0.15,45,8894.35947523728,"2-0.15-45"
"381",2,0.15,62,9525.16448861907,"2-0.15-62"
"382",2,0.15,70,9050.05078206964,"2-0.15-70"
"383",2,0.15,76,8033.04074166509,"2-0.15-76"
"384",2,0.15,101,3210.71402595793,"2-0.15-101"
"385",2,0.175,29,5899.21783188267,"2-0.175-29"
"386",2,0.175,31,7633.25526187837,"2-0.175-31"
"387",2,0.175,38,7633.25526187837,"2-0.175-38"
"388",2,0.175,45,9149.49957340948,"2-0.175-45"
"389",2,0.175,62,10092.9316590983,"2-0.175-62"
"390",2,0.175,70,9749.74886908495,"2-0.175-70"
"391",2,0.175,76,8747.0864590146,"2-0.175-76"
"392",2,0.175,101,3562.93267236256,"2-0.175-101"
"393",2,0.2,29,5246.17871887371,"2-0.2-29"
"394",2,0.2,31,7301.20074984585,"2-0.2-31"
"395",2,0.2,38,7301.20074984585,"2-0.2-38"
"396",2,0.2,45,9201.3077883497,"2-0.2-45"
"397",2,0.2,62,10484.3414738682,"2-0.2-62"
"398",2,0.2,70,10305.281086912,"2-0.2-70"
"399",2,0.2,76,9346.74242914126,"2-0.2-76"
"400",2,0.2,101,3879.20377214691,"2-0.2-101"
"401",2,0.225,29,4426.59099066814,"2-0.225-29"
"402",2,0.225,31,6789.68102211169,"2-0.225-31"
"403",2,0.225,38,6789.68102211169,"2-0.225-38"
"404",2,0.225,45,9083.2464462975,"2-0.225-45"
"405",2,0.225,62,10726.1052762502,"2-0.225-62"
"406",2,0.225,70,10737.1845831965,"2-0.225-70"
"407",2,0.225,76,9847.41906425002,"2-0.225-76"
"408",2,0.225,101,4163.66814195453,"2-0.225-101"
"409",2,0.25,29,3477.55968653194,"2-0.25-29"
"410",2,0.25,31,6131.43278460546,"2-0.25-31"
"411",2,0.25,38,6131.43278460546,"2-0.25-38"
"412",2,0.25,45,8822.90172013397,"2-0.25-45"
"413",2,0.25,62,10840.4202216527,"2-0.25-62"
"414",2,0.25,70,11062.6362314296,"2-0.25-70"
"415",2,0.25,76,10262.0856024492,"2-0.25-76"
"416",2,0.25,101,4419.88161415973,"2-0.25-101"
"417",2,0.275,29,2429.20529595204,"2-0.275-29"
"418",2,0.275,31,5353.34990206407,"2-0.275-31"
"419",2,0.275,38,5353.34990206407,"2-0.275-38"
"420",2,0.275,45,8443.13031888256,"2-0.275-45"
"421",2,0.275,62,10845.8222221151,"2-0.275-62"
"422",2,0.275,70,11296.0719357587,"2-0.275-70"
"423",2,0.275,76,10601.7096729994,"2-0.275-76"
"424",2,0.275,101,4650.91115153242,"2-0.275-101"
"425",2,0.3,29,1306.10132356308,"2-0.3-29"
"426",2,0.3,31,4477.65062232232,"2-0.3-31"
"427",2,0.3,38,4477.65062232232,"2-0.3-38"
"428",2,0.3,45,7962.95985580062,"2-0.3-45"
"429",2,0.3,62,10757.8609432326,"2-0.3-62"
"430",2,0.3,70,11449.6796903851,"2-0.3-70"
"431",2,0.3,76,10875.6090237411,"2-0.3-76"
"432",2,0.3,101,4859.41319912081,"2-0.3-101"
"433",2,0.325,29,128.369561523652,"2-0.325-29"
"434",2,0.325,31,3522.78908396401,"2-0.325-31"
"435",2,0.325,38,3522.78908396401,"2-0.325-38"
"436",2,0.325,45,7398.30016802567,"2-0.325-45"
"437",2,0.325,62,10589.6372401955,"2-0.325-62"
"438",2,0.325,70,11533.7944198708,"2-0.325-70"
"439",2,0.325,76,11091.7345496142,"2-0.325-76"
"440",2,0.325,101,5047.69788380746,"2-0.325-101"
"441",2,0.35,29,-1087.48706940142,"2-0.35-29"
"442",2,0.35,31,2504.17015737325,"2-0.35-31"
"443",2,0.35,38,2504.17015737325,"2-0.35-38"
"444",2,0.35,45,6762.50863076846,"2-0.35-45"
"445",2,0.35,62,10352.2335828995,"2-0.35-62"
"446",2,0.35,70,11557.2159383511,"2-0.35-70"
"447",2,0.35,76,11256.8992749739,"2-0.35-76"
"448",2,0.35,101,5217.78187777655,"2-0.35-101"
"449",2,0.375,29,-2327.95245945806,"2-0.375-29"
"450",2,0.375,31,1434.7120237038,"2-0.375-31"
"451",2,0.375,38,1434.7120237038,"2-0.375-38"
"452",2,0.375,45,6066.84201905319,"2-0.375-45"
"453",2,0.375,62,10055.0607252956,"2-0.375-62"
"454",2,0.375,70,11527.4663746969,"2-0.375-70"
"455",2,0.375,76,11376.9645754947,"2-0.375-76"
"456",2,0.375,101,5371.43213470159,"2-0.375-101"
"457",2,0.4,29,-3582.01691464245,"2-0.4-29"
"458",2,0.4,31,325.290158192867,"2-0.4-31"
"459",2,0.4,38,325.290158192867,"2-0.4-38"
"460",2,0.4,45,5320.81968925949,"2-0.4-45"
"461",2,0.4,62,9706.13843083742,"2-0.4-62"
"462",2,0.4,70,11450.9996631031,"2-0.4-70"
"463",2,0.4,76,11456.9923831687,"2-0.4-76"
"464",2,0.4,101,5510.20224030038,"2-0.4-101"
"465",2,0.425,29,-4840.80814226141,"2-0.425-29"
"466",2,0.425,31,-814.911512637517,"2-0.425-31"
"467",2,0.425,38,-814.911512637517,"2-0.425-38"
"468",2,0.425,45,4532.51704627861,"2-0.425-45"
"469",2,0.425,62,9312.3239792363,"2-0.425-62"
"470",2,0.425,70,11333.3728674325,"2-0.425-70"
"471",2,0.425,76,11501.3701868167,"2-0.425-76"
"472",2,0.425,101,5635.46275766528,"2-0.425-101"
"473",2,0.45,29,-6097.30016633523,"2-0.45-29"
"474",2,0.45,31,-1978.12233370584,"2-0.45-31"
"475",2,0.45,38,-1978.12233370584,"2-0.45-38"
"476",2,0.45,45,3708.80390287365,"2-0.45-45"
"477",2,0.45,62,8879.49909313976,"2-0.45-62"
"478",2,0.45,70,11179.3869560129,"2-0.45-70"
"479",2,0.45,76,11513.9141651883,"2-0.45-76"
"480",2,0.45,101,5748.42666696319,"2-0.45-101"
"481",2,0.475,29,-7346.07292779321,"2-0.475-29"
"482",2,0.475,31,-3157.76388879171,"2-0.475-31"
"483",2,0.475,38,-3157.76388879171,"2-0.475-38"
"484",2,0.475,45,2855.53904565076,"2-0.475-45"
"485",2,0.475,62,8412.72357828589,"2-0.475-62"
"486",2,0.475,70,10993.2029988316,"2-0.475-70"
"487",2,0.475,76,11497.954656187,"2-0.475-76"
"488",2,0.475,101,5850.17077968041,"2-0.475-101"
"489",2,0.5,29,-8583.10174787359,"2-0.5-29"
"490",2,0.5,31,-4348.27379332779,"2-0.5-31"
"491",2,0.5,38,-4348.27379332779,"2-0.5-38"
"492",2,0.5,45,1977.72982112702,"2-0.5-45"
"493",2,0.5,62,7916.36217867775,"2-0.5-62"
"494",2,0.5,70,10778.438494619,"2-0.5-70"
"495",2,0.5,76,11456.4072900459,"2-0.5-76"
"496",2,0.5,101,5941.65383527898,"2-0.5-101"
"497",2,0.525,29,-9805.56263312957,"2-0.525-29"
"498",2,0.525,31,-5544.96432930113,"2-0.525-31"
"499",2,0.525,38,-5544.96432930113,"2-0.525-38"
"500",2,0.525,45,1079.66364455731,"2-0.525-45"
"501",2,0.525,62,7394.18977116565,"2-0.525-62"
"502",2,0.525,70,10538.24755785,"2-0.525-70"
"503",2,0.525,76,11391.8324341386,"2-0.525-76"
"504",2,0.525,101,6023.7318521583,"2-0.525-101"
"505",3,0.025,29,2467.66411815473,"3-0.025-29"
"506",3,0.025,31,2516.42187399685,"3-0.025-31"
"507",3,0.025,38,2516.42187399685,"3-0.025-38"
"508",3,0.025,45,2478.91406170251,"3-0.025-45"
"509",3,0.025,62,2353.51075368996,"3-0.025-62"
"510",3,0.025,70,2075.43526635221,"3-0.025-70"
"511",3,0.025,76,1749.195073725,"3-0.025-76"
"512",3,0.025,101,632.405072406532,"3-0.025-101"
"513",3,0.05,29,4206.71156312494,"3-0.05-29"
"514",3,0.05,31,4395.12381295116,"3-0.05-31"
"515",3,0.05,38,4395.12381295116,"3-0.05-38"
"516",3,0.05,45,4426.02045044632,"3-0.05-45"
"517",3,0.05,62,4281.35447108029,"3-0.05-62"
"518",3,0.05,70,3822.68874806504,"3-0.05-70"
"519",3,0.05,76,3251.1944899933,"3-0.05-76"
"520",3,0.05,101,1197.6646881388,"3-0.05-101"
"521",3,0.075,29,5360.30145138607,"3-0.075-29"
"522",3,0.075,31,5751.63600877596,"3-0.075-31"
"523",3,0.075,38,5751.63600877596,"3-0.075-38"
"524",3,0.075,45,5931.59495622913,"3-0.075-45"
"525",3,0.075,62,5851.87102641809,"3-0.075-62"
"526",3,0.075,70,5292.1237257196,"3-0.075-70"
"527",3,0.075,76,4542.33569015547,"3-0.075-76"
"528",3,0.075,101,1704.31688575407,"3-0.075-101"
"529",3,0.1,29,6042.16831203001,"3-0.1-29"
"530",3,0.1,31,6678.80298043716,"3-0.1-31"
"531",3,0.1,38,6678.80298043716,"3-0.1-38"
"532",3,0.1,45,7068.92856105936,"3-0.1-45"
"533",3,0.1,62,7121.0035718113,"3-0.1-62"
"534",3,0.1,70,6525.24501501565,"3-0.1-70"
"535",3,0.1,76,5652.74647929698,"3-0.1-76"
"536",3,0.1,101,2159.5920538279,"3-0.1-101"
"537",3,0.125,29,6343.17944440022,"3-0.125-29"
"538",3,0.125,31,7251.66622742995,"3-0.125-31"
"539",3,0.125,38,7251.66622742995,"3-0.125-38"
"540",3,0.125,45,7897.86291965299,"3-0.125-45"
"541",3,0.125,62,8134.80263370163,"3-0.125-62"
"542",3,0.125,70,7556.44179028134,"3-0.125-70"
"543",3,0.125,76,6607.5381517283,"3-0.125-76"
"544",3,0.125,101,2569.64246747241,"3-0.125-101"
"545",3,0.15,29,6336.33473283796,"3-0.15-29"
"546",3,0.15,31,7531.21567605601,"3-0.15-31"
"547",3,0.15,38,7531.21567605601,"3-0.15-38"
"548",3,0.15,45,8467.52626475749,"3-0.15-45"
"549",3,0.15,62,8931.37761049414,"3-0.15-62"
"550",3,0.15,70,8414.35471734511,"3-0.15-70"
"551",3,0.15,76,7427.74682115139,"3-0.15-76"
"552",3,0.15,101,2939.72704981931,"3-0.15-101"
"553",3,0.175,29,6080.60003410439,"3-0.175-29"
"554",3,0.175,31,7567.28878226863,"3-0.175-31"
"555",3,0.175,38,7567.28878226863,"3-0.175-38"
"556",3,0.175,45,8818.46309307437,"3-0.175-45"
"557",3,0.175,62,9542.42667276402,"3-0.175-62"
"558",3,0.175,70,9122.95466289825,"3-0.175-70"
"559",3,0.175,76,8131.08032355583,"3-0.175-76"
"560",3,0.175,101,3274.36086462689,"3-0.175-101"
"561",3,0.2,29,5623.86174949492,"3-0.2-29"
"562",3,0.2,31,7400.82369865732,"3-0.2-31"
"563",3,0.2,38,7400.82369865732,"3-0.2-38"
"564",3,0.2,45,8984.30159312556,"3-0.2-45"
"565",3,0.2,62,9994.44314928301,"3-0.2-62"
"566",3,0.2,70,9702.39869341083,"3-0.2-70"
"567",3,0.2,76,8732.51413544466,"3-0.2-76"
"568",3,0.2,101,3577.43668221919,"3-0.2-101"
"569",3,0.225,29,5005.21512551129,"3-0.225-29"
"570",3,0.225,31,7065.62010515871,"3-0.225-31"
"571",3,0.225,38,7065.62010515871,"3-0.225-38"
"572",3,0.225,45,8993.06658747117,"3-0.225-45"
"573",3,0.225,62,10309.6722415454,"3-0.225-62"
"574",3,0.225,70,10169.7131232773,"3-0.225-70"
"575",3,0.225,76,9244.76938825242,"3-0.225-76"
"576",3,0.225,101,3852.3243192376,"3-0.225-101"
"577",3,0.25,29,4256.74411246987,"3-0.25-29"
"578",3,0.25,31,6589.72261642599,"3-0.25-31"
"579",3,0.25,38,6589.72261642599,"3-0.25-38"
"580",3,0.25,45,8868.21911026444,"3-0.25-45"
"581",3,0.25,62,10506.8739658081,"3-0.25-62"
"582",3,0.25,70,10539.3415011608,"3-0.25-70"
"583",3,0.25,76,9678.69830847773,"3-0.25-76"
"584",3,0.25,101,4101.95220074265,"3-0.25-101"
"585",3,0.275,29,3404.91055545348,"3-0.275-29"
"586",3,0.275,31,5996.51319158806,"3-0.275-31"
"587",3,0.275,38,5996.51319158806,"3-0.275-38"
"588",3,0.275,45,8629.48401171983,"3-0.275-45"
"589",3,0.275,62,10601.9348697297,"3-0.275-62"
"590",3,0.275,70,10823.5865436933,"3-0.275-70"
"591",3,0.275,76,10043.5965834856,"3-0.275-76"
"592",3,0.275,101,4328.87463365498,"3-0.275-101"
"593",3,0.3,29,2471.64107480927,"3-0.3-29"
"594",3,0.3,31,5305.57788897017,"3-0.3-31"
"595",3,0.3,38,5305.57788897017,"3-0.3-38"
"596",3,0.3,45,8293.51230013678,"3-0.3-45"
"597",3,0.3,62,10608.3610835904,"3-0.3-62"
"598",3,0.3,70,11032.9683479226,"3-0.3-70"
"599",3,0.3,76,10347.4577453802,"3-0.3-76"
"600",3,0.3,101,4535.32754140776,"3-0.3-101"
"601",3,0.325,29,1475.17836667689,"3-0.325-29"
"602",3,0.325,31,4533.39762784833,"3-0.325-31"
"603",3,0.325,38,4533.39762784833,"3-0.325-38"
"604",3,0.325,45,7874.41395139101,"3-0.325-45"
"605",3,0.325,62,10537.6777569159,"3-0.325-62"
"606",3,0.325,70,11176.5161655487,"3-0.325-70"
"607",3,0.325,76,10597.1813153725,"3-0.325-76"
"608",3,0.325,101,4723.27483756115,"3-0.325-101"
"609",3,0.35,29,430.747792787747,"3-0.35-29"
"610",3,0.35,31,3693.90090215336,"3-0.35-31"
"611",3,0.35,38,3693.90090215336,"3-0.35-38"
"612",3,0.35,45,7384.18866045933,"3-0.35-45"
"613",3,0.35,62,10399.7542560338,"3-0.35-62"
"614",3,0.35,70,11262.0071854264,"3-0.35-70"
"615",3,0.35,76,10798.7438916484,"3-0.35-76"
"616",3,0.35,101,4894.44717113815,"3-0.35-101"
"617",3,0.375,29,-648.92142501689,"3-0.375-29"
"618",3,0.375,31,2798.90759741242,"3-0.375-31"
"619",3,0.375,38,2798.90759741242,"3-0.375-38"
"620",3,0.375,45,6833.07577147983,"3-0.375-45"
"621",3,0.375,62,10203.0701867315,"3-0.375-62"
"622",3,0.375,70,11296.1628399951,"3-0.375-70"
"623",3,0.375,76,10957.3403982692,"3-0.375-76"
"624",3,0.375,101,5050.37442869355,"3-0.375-101"
"625",3,0.4,29,-1753.18941762074,"3-0.4-29"
"626",3,0.4,31,1858.48643726307,"3-0.4-31"
"627",3,0.4,38,1858.48643726307,"3-0.4-38"
"628",3,0.4,45,6229.83988526797,"3-0.4-45"
"629",3,0.4,62,9954.93401425186,"3-0.4-62"
"630",3,0.4,70,11284.8109008929,"3-0.4-70"
"631",3,0.4,76,11077.5011956589,"3-0.4-76"
"632",3,0.4,101,5192.41310511425,"3-0.4-101"
"633",3,0.425,29,-2873.18824850855,"3-0.425-29"
"634",3,0.425,31,881.243578618847,"3-0.425-31"
"635",3,0.425,38,881.243578618847,"3-0.425-38"
"636",3,0.425,45,5582.00502716301,"3-0.425-45"
"637",3,0.425,62,9661.66352664673,"3-0.425-62"
"638",3,0.425,70,11233.019892313,"3-0.425-70"
"639",3,0.425,76,11163.1895765981,"3-0.425-76"
"640",3,0.425,101,5321.76943983801,"3-0.425-101"
"641",3,0.45,29,-4001.57309828089,"3-0.45-29"
"642",3,0.45,31,-125.443919871295,"3-0.45-31"
"643",3,0.45,38,-125.443919871295,"3-0.45-38"
"644",3,0.45,45,4896.04748438143,"3-0.45-45"
"645",3,0.45,62,9328.73543923417,"3-0.45-62"
"646",3,0.45,70,11145.2110037279,"3-0.45-70"
"647",3,0.45,76,11217.8832545666,"3-0.45-76"
"648",3,0.45,101,5439.51904461915,"3-0.45-101"
"649",3,0.475,29,-5132.32452505128,"3-0.475-29"
"650",3,0.475,31,-1155.23891313429,"3-0.475-31"
"651",3,0.475,38,-1155.23891313429,"3-0.475-38"
"652",3,0.475,45,4177.55528405308,"3-0.475-45"
"653",3,0.475,62,8960.90992798284,"3-0.475-62"
"654",3,0.475,70,11025.2516338662,"3-0.475-70"
"655",3,0.475,76,11244.6427331026,"3-0.475-76"
"656",3,0.475,101,5546.62361327846,"3-0.475-101"
"657",3,0.5,29,-6260.58700256181,"3-0.5-29"
"658",3,0.5,31,-2202.69061971339,"3-0.5-31"
"659",3,0.5,38,-2202.69061971339,"3-0.5-38"
"660",3,0.5,45,3431.36062713246,"3-0.5-45"
"661",3,0.5,62,8562.33470379443,"3-0.5-62"
"662",3,0.5,70,10876.5338757919,"3-0.5-70"
"663",3,0.5,76,11246.1688798285,"3-0.5-76"
"664",3,0.5,101,5643.94519546436,"3-0.5-101"
"665",3,0.525,29,-7382.53157945018,"3-0.525-29"
"666",3,0.525,31,-3263.10973445838,"3-0.525-31"
"667",3,0.525,38,-3263.10973445838,"3-0.525-38"
"668",3,0.525,45,2661.65030459991,"3-0.525-45"
"669",3,0.525,62,8136.63231960956,"3-0.525-62"
"670",3,0.525,70,10702.0406062018,"3-0.525-70"
"671",3,0.525,76,11224.8515822591,"3-0.525-76"
"672",3,0.525,101,5732.25842948239,"3-0.525-101"
"673",4,0.025,29,2199.01410170658,"4-0.025-29"
"674",4,0.025,31,2236.974809466,"4-0.025-31"
"675",4,0.025,38,2236.974809466,"4-0.025-38"
"676",4,0.025,45,2199.49349269129,"4-0.025-45"
"677",4,0.025,62,2084.98340828548,"4-0.025-62"
"678",4,0.025,70,1837.0736255973,"4-0.025-70"
"679",4,0.025,76,1547.39431325801,"4-0.025-76"
"680",4,0.025,101,558.818473421768,"4-0.025-101"
"681",4,0.05,29,3813.85507566777,"4-0.05-29"
"682",4,0.05,31,3963.42177768658,"4-0.05-31"
"683",4,0.05,38,3963.42177768658,"4-0.05-38"
"684",4,0.05,45,3973.67041746312,"4-0.05-45"
"685",4,0.05,62,3829.75386491072,"4-0.05-62"
"686",4,0.05,70,3411.97435697708,"4-0.05-70"
"687",4,0.05,76,2897.39818878073,"4-0.05-76"
"688",4,0.05,101,1064.09273689794,"4-0.05-101"
"689",4,0.075,29,4948.11799201526,"4-0.075-29"
"690",4,0.075,31,5262.82616380127,"4-0.075-31"
"691",4,0.075,38,5262.82616380127,"4-0.075-38"
"692",4,0.075,45,5387.68463982309,"4-0.075-45"
"693",4,0.075,62,5283.58425700333,"4-0.075-62"
"694",4,0.075,70,4760.98471696575,"4-0.075-70"
"695",4,0.075,76,4076.17126893901,"4-0.075-76"
"696",4,0.075,101,1521.95448431576,"4-0.075-101"
"697",4,0.1,29,5686.12904388081,"4-0.1-29"
"698",4,0.1,31,6203.84267243186,"4-0.1-31"
"699",4,0.1,38,6203.84267243186,"4-0.1-38"
"700",4,0.1,45,6495.60372035215,"4-0.1-45"
"701",4,0.1,62,6487.66695839983,"4-0.1-62"
"702",4,0.1,70,5914.6197905511,"4-0.1-70"
"703",4,0.1,76,5105.83436957738,"4-0.1-76"
"704",4,0.1,101,1937.68785521386,"4-0.1-101"
"705",4,0.125,29,6096.83603696026,"4-0.125-29"
"706",4,0.125,31,6843.18745595852,"4-0.125-31"
"707",4,0.125,38,6843.18745595852,"4-0.125-38"
"708",4,0.125,45,7342.4996648832,"4-0.125-45"
"709",4,0.125,62,7476.59231467083,"4-0.125-62"
"710",4,0.125,70,6898.65470199922,"4-0.125-70"
"711",4,0.125,76,6005.17195925775,"4-0.125-76"
"712",4,0.125,101,2315.86397232166,"4-0.125-101"
"713",4,0.15,29,6236.86033465944,"4-0.15-29"
"714",4,0.15,31,7227.92213200634,"4-0.15-31"
"715",4,0.15,38,7227.92213200634,"4-0.15-38"
"716",4,0.15,45,7966.11066298666,"4-0.15-45"
"717",4,0.15,62,8279.53113657116,"4-0.15-62"
"718",4,0.15,70,7734.95120325227,"4-0.15-70"
"719",4,0.15,76,6790.20021460803,"4-0.15-76"
"720",4,0.15,101,2660.45170638296,"4-0.15-101"
"721",4,0.175,29,6152.9016425653,"4-0.175-29"
"722",4,0.175,31,7397.26598973172,"4-0.175-31"
"723",4,0.175,38,7397.26598973172,"4-0.175-38"
"724",4,0.175,45,8398.16805481523,"4-0.175-45"
"725",4,0.175,62,8921.18493623215,"4-0.175-62"
"726",4,0.175,70,8442.12575286163,"4-0.175-70"
"727",4,0.175,76,7474.62846050168,"4-0.175-76"
"728",4,0.175,101,2974.90924679159,"4-0.175-101"
"729",4,0.2,29,5883.64097684876,"4-0.2-29"
"730",4,0.2,31,7384.04038690421,"4-0.2-31"
"731",4,0.2,38,7384.04038690421,"4-0.2-38"
"732",4,0.2,45,8665.46087688476,"4-0.2-45"
"733",4,0.2,62,9422.55308001378,"4-0.2-62"
"734",4,0.2,70,9036.091948723,"4-0.2-70"
"735",4,0.2,76,8070.23566778456,"4-0.2-76"
"736",4,0.2,101,3262.26010993854,"4-0.2-101"
"737",4,0.225,29,5461.25263358573,"4-0.225-29"
"738",4,0.225,31,7215.82510748759,"4-0.225-31"
"739",4,0.225,38,7215.82510748759,"4-0.225-38"
"740",4,0.225,45,8790.69377298575,"4-0.225-45"
"741",4,0.225,62,9801.55496379247,"4-0.225-62"
"742",4,0.225,70,9530.50291159626,"4-0.225-70"
"743",4,0.225,76,8587.17897388723,"4-0.225-76"
"744",4,0.225,101,3525.15647824897,"4-0.225-101"
"745",4,0.25,29,4912.60997724471,"4-0.25-29"
"746",4,0.25,31,6915.88812268212,"4-0.25-31"
"747",4,0.25,38,6915.88812268212,"4-0.25-38"
"748",4,0.25,45,8793.18147033199,"4-0.25-45"
"749",4,0.25,62,10073.5368683124,"4-0.25-62"
"750",4,0.25,70,9937.11364471522,"4-0.25-70"
"751",4,0.25,76,9034.24756499826,"4-0.25-76"
"752",4,0.25,101,3765.9321837392,"4-0.25-101"
"753",4,0.275,29,4260.25021516133,"4-0.275-29"
"754",4,0.275,31,6503.93628146231,"4-0.275-31"
"755",4,0.275,38,6503.93628146231,"4-0.275-38"
"756",4,0.275,45,8689.41341855481,"4-0.275-45"
"757",4,0.275,62,10251.6866772626,"4-0.275-62"
"758",4,0.275,70,10266.0791045709,"4-0.275-70"
"759",4,0.275,76,9419.07245259527,"4-0.275-76"
"760",4,0.275,101,3986.6471941646,"4-0.275-101"
"761",4,0.3,29,3523.14842146352,"4-0.3-29"
"762",4,0.3,31,5996.72384559434,"4-0.3-31"
"763",4,0.3,38,5996.72384559434,"4-0.3-38"
"764",4,0.3,45,8493.51483292284,"4-0.3-45"
"765",4,0.3,62,10347.3746575994,"4-0.3-62"
"766",4,0.3,70,10526.2004005819,"4-0.3-70"
"767",4,0.3,76,9748.30049711877,"4-0.3-76"
"768",4,0.3,101,4189.12509973892,"4-0.3-101"
"769",4,0.325,29,2717.33974415312,"4-0.325-29"
"770",4,0.325,31,5408.54766130416,"4-0.325-31"
"771",4,0.325,38,5408.54766130416,"4-0.325-38"
"772",4,0.325,45,8217.62472467516,"4-0.325-45"
"773",4,0.325,62,10370.4346507775,"4-0.325-62"
"774",4,0.325,70,10725.1289654829,"4-0.325-70"
"775",4,0.325,76,10027.7393307246,"4-0.325-76"
"776",4,0.325,101,4374.98481278177,"4-0.325-101"
"777",4,0.35,29,1856.42010877705,"4-0.35-29"
"778",4,0.35,31,4751.65151745761,"4-0.35-31"
"779",4,0.35,38,4751.65151745761,"4-0.35-38"
"780",4,0.35,45,7872.20713101879,"4-0.35-45"
"781",4,0.35,62,10329.3970354548,"4-0.35-62"
"782",4,0.35,70,10869.5365297793,"4-0.35-70"
"783",4,0.35,76,10262.4784985226,"4-0.35-76"
"784",4,0.35,101,4545.66746521585,"4-0.35-101"
"785",4,0.375,29,951.949183413046,"4-0.375-29"
"786",4,0.375,31,4036.55742500185,"4-0.375-31"
"787",4,0.375,38,4036.55742500185,"4-0.375-38"
"788",4,0.375,45,7466.30836820037,"4-0.375-45"
"789",4,0.375,62,10231.6824941058,"4-0.375-62"
"790",4,0.375,70,10965.2571610457,"4-0.375-70"
"791",4,0.375,76,10456.9910894419,"4-0.375-76"
"792",4,0.375,101,4702.45930704413,"4-0.375-101"
"793",4,0.4,29,13.7744176188831,"4-0.4-29"
"794",4,0.4,31,3272.33782516276,"4-0.4-31"
"795",4,0.4,38,3272.33782516276,"4-0.4-38"
"796",4,0.4,45,7007.77049221413,"4-0.4-45"
"797",4,0.4,62,10083.7637946645,"4-0.4-62"
"798",4,0.4,70,11017.4063925119,"4-0.4-70"
"799",4,0.4,76,10615.2192998642,"4-0.4-76"
"800",4,0.4,101,4846.51126308399,"4-0.4-101"
"801",4,0.425,29,-949.708747924285,"4-0.425-29"
"802",4,0.425,31,2466.83983952479,"4-0.425-31"
"803",4,0.425,38,2466.83983952479,"4-0.425-38"
"804",4,0.425,45,6503.4090888191,"4-0.425-45"
"805",4,0.425,62,9891.30136772898,"4-0.425-62"
"806",4,0.425,70,11030.4814894328,"4-0.425-70"
"807",4,0.425,76,10740.6467165269,"4-0.425-76"
"808",4,0.425,101,4978.85568778578,"4-0.425-101"
"809",4,0.45,29,-1931.34816789495,"4-0.45-29"
"810",4,0.45,31,1626.87042126273,"4-0.45-31"
"811",4,0.45,38,1626.87042126273,"4-0.45-38"
"812",4,0.45,45,5959.16189548792,"4-0.45-45"
"813",4,0.45,62,9659.25733168338,"4-0.45-62"
"814",4,0.45,70,11008.44612823,"4-0.45-70"
"815",4,0.45,76,10836.3595823997,"4-0.45-76"
"816",4,0.45,101,5100.42076304326,"4-0.45-101"
"817",4,0.475,29,-2925.06748858584,"4-0.475-29"
"818",4,0.475,31,758.349507614252,"4-0.475-31"
"819",4,0.475,38,758.349507614252,"4-0.475-38"
"820",4,0.475,45,5380.21348220055,"4-0.475-45"
"821",4,0.475,62,9391.99172486991,"4-0.475-62"
"822",4,0.475,70,10954.8021479114,"4-0.475-70"
"823",4,0.475,76,10905.0988913856,"4-0.475-76"
"824",4,0.475,101,5212.04290692088,"4-0.475-101"
"825",4,0.5,29,-3925.7311042407,"4-0.5-29"
"826",4,0.5,31,-133.563102034077,"4-0.5-31"
"827",4,0.5,38,-133.563102034077,"4-0.5-38"
"828",4,0.5,45,4771.10020889873,"4-0.5-45"
"829",4,0.5,62,9093.34399397859,"4-0.5-62"
"830",4,0.5,70,10872.6505416109,"4-0.5-70"
"831",4,0.5,76,10949.3048224559,"4-0.5-76"
"832",4,0.5,101,5314.47749856956,"4-0.5-101"
"833",4,0.525,29,-4929.03403622112,"4-0.525-29"
"834",4,0.525,31,-1044.36249576801,"4-0.525-31"
"835",4,0.525,38,-1044.36249576801,"4-0.525-38"
"836",4,0.525,45,4135.79887612954,"4-0.525-45"
"837",4,0.525,62,8766.70222133824,"4-0.525-62"
"838",4,0.525,70,10764.7434618397,"4-0.525-70"
"839",4,0.525,76,10971.1547538577,"4-0.525-76"
"840",4,0.525,101,5408.40817343999,"4-0.525-101"
"841",5,0.025,29,1929.20519487229,"5-0.025-29"
"842",5,0.025,31,1957.70879934824,"5-0.025-31"
"843",5,0.025,38,1957.70879934824,"5-0.025-38"
"844",5,0.025,45,1921.28305350037,"5-0.025-45"
"845",5,0.025,62,1818.41915859493,"5-0.025-62"
"846",5,0.025,70,1600.83263660549,"5-0.025-70"
"847",5,0.025,76,1347.60658007914,"5-0.025-76"
"848",5,0.025,101,486.114982615356,"5-0.025-101"
"849",5,0.05,29,3404.20944667471,"5-0.05-29"
"850",5,0.05,31,3519.03720475283,"5-0.05-31"
"851",5,0.05,38,3519.03720475283,"5-0.05-38"
"852",5,0.05,45,3512.64330048257,"5-0.05-45"
"853",5,0.05,62,3373.07179863563,"5-0.05-62"
"854",5,0.05,70,2998.48321369981,"5-0.05-70"
"855",5,0.05,76,2542.29147128424,"5-0.05-76"
"856",5,0.05,101,930.795072049394,"5-0.05-101"
"857",5,0.075,29,4496.61559395789,"5-0.075-29"
"858",5,0.075,31,4741.6121627186,"5-0.075-31"
"859",5,0.075,38,4741.6121627186,"5-0.075-38"
"860",5,0.075,45,4819.00048694957,"5-0.075-45"
"861",5,0.075,62,4697.89652516025,"5-0.075-62"
"862",5,0.075,70,4217.92372060104,"5-0.075-70"
"863",5,0.075,76,3602.04762249323,"5-0.075-76"
"864",5,0.075,101,1338.2482743011,"5-0.075-101"
"865",5,0.1,29,5266.15720343707,"5-0.1-29"
"866",5,0.1,31,5673.94031623776,"5-0.1-31"
"867",5,0.1,38,5673.94031623776,"5-0.1-38"
"868",5,0.1,45,5878.46694486271,"5-0.1-45"
"869",5,0.1,62,5821.87678744398,"5-0.1-62"
"870",5,0.1,70,5280.59344968139,"5-0.1-70"
"871",5,0.1,76,4542.39651130699,"5-0.1-76"
"872",5,0.1,101,1712.16568880041,"5-0.1-101"
"873",5,0.125,29,5762.83678001169,"5-0.125-29"
"874",5,0.125,31,6356.99483454967,"5-0.125-31"
"875",5,0.125,38,6356.99483454967,"5-0.125-38"
"876",5,0.125,45,6723.4930008613,"5-0.125-45"
"877",5,0.125,62,6769.84960716767,"5-0.125-62"
"878",5,0.125,70,6204.96020176382,"5-0.125-70"
"879",5,0.125,76,5376.77133926626,"5-0.125-76"
"880",5,0.125,101,2055.79457421774,"5-0.125-101"
"881",5,0.15,29,6028.65211798524,"5-0.15-29"
"882",5,0.15,31,6825.50412888629,"5-0.15-31"
"883",5,0.15,38,6825.50412888629,"5-0.15-38"
"884",5,0.15,45,7381.8023815333,"5-0.15-45"
"885",5,0.15,62,7563.16965988328,"5-0.15-62"
"886",5,0.15,70,7006.9834856133,"5-0.15-70"
"887",5,0.15,76,6116.83475077653,"5-0.15-76"
"888",5,0.15,101,2371.99989758891,"5-0.15-101"
"889",5,0.175,29,6098.99492685583,"5-0.175-29"
"890",5,0.175,31,7109.00219641344,"5-0.175-31"
"891",5,0.175,38,7109.00219641344,"5-0.175-38"
"892",5,0.175,45,7877.15888305807,"5-0.175-45"
"893",5,0.175,62,8220.25656956973,"5-0.175-62"
"894",5,0.175,70,7700.49820315612,"5-0.175-70"
"895",5,0.175,76,6772.74318785193,"5-0.175-76"
"896",5,0.175,101,2663.31634825347,"5-0.175-101"
"897",5,0.2,29,6003.78774544113,"5-0.2-29"
"898",5,0.2,31,7232.68769536158,"5-0.2-31"
"899",5,0.2,38,7232.68769536158,"5-0.2-38"
"900",5,0.2,45,8229.99698990468,"5-0.2-45"
"901",5,0.2,62,8757.0475774271,"5-0.2-62"
"902",5,0.2,70,8297.53359456845,"5-0.2-70"
"903",5,0.2,76,7353.36760032747,"5-0.2-76"
"904",5,0.2,101,2931.9924316569,"5-0.2-101"
"905",5,0.225,29,5768.4110997268,"5-0.225-29"
"906",5,0.225,31,7218.1290106112,"5-0.225-31"
"907",5,0.225,38,7218.1290106112,"5-0.225-38"
"908",5,0.225,45,8457.94241529081,"5-0.225-45"
"909",5,0.225,62,9187.37327211633,"5-0.225-62"
"910",5,0.225,70,8808.57928735535,"5-0.225-70"
"911",5,0.225,76,7866.47833781333,"5-0.225-76"
"912",5,0.225,101,3180.02796361541,"5-0.225-101"
"913",5,0.25,29,5414.46191835022,"5-0.25-29"
"914",5,0.25,31,7083.8448785329,"5-0.25-31"
"915",5,0.25,38,7083.8448785329,"5-0.25-38"
"916",5,0.25,45,8576.24327092453,"5-0.25-45"
"917",5,0.25,62,9523.27054515178,"5-0.25-62"
"918",5,0.25,70,9242.8079767956,"5-0.25-70"
"919",5,0.25,76,8318.90054640724,"5-0.25-76"
"920",5,0.25,101,3409.206048297,"5-0.25-101"
"921",5,0.275,29,4960.37567791293,"5-0.275-29"
"922",5,0.275,31,6845.78411288379,"5-0.275-31"
"923",5,0.275,38,6845.78411288379,"5-0.275-38"
"924",5,0.275,45,8598.12843033346,"5-0.275-45"
"925",5,0.275,62,9775.24415142118,"5-0.275-62"
"926",5,0.275,70,9608.26242740936,"5-0.275-70"
"927",5,0.275,76,8716.64519578803,"5-0.275-76"
"928",5,0.275,101,3621.1204312593,"5-0.275-101"
"929",5,0.3,29,4421.93806267447,"5-0.3-29"
"930",5,0.3,31,6517.72323547283,"5-0.3-31"
"931",5,0.3,38,6517.72323547283,"5-0.3-38"
"932",5,0.3,45,8535.10637950919,"5-0.3-45"
"933",5,0.3,62,9952.48604857145,"5-0.3-62"
"934",5,0.3,70,9912.0130226787,"5-0.3-70"
"935",5,0.3,76,9065.01990546314,"5-0.3-76"
"936",5,0.3,101,3817.19896322818,"5-0.3-101"
"937",5,0.325,29,3812.70667370612,"5-0.325-29"
"938",5,0.325,31,6111.59707892541,"5-0.325-31"
"939",5,0.325,38,6111.59707892541,"5-0.325-38"
"940",5,0.325,45,8397.2152587568,"5-0.325-45"
"941",5,0.325,62,10063.0599349246,"5-0.325-62"
"942",5,0.325,70,10160.2909227302,"5-0.325-70"
"943",5,0.325,76,9368.72297184263,"5-0.325-76"
"944",5,0.325,101,3998.72378366577,"5-0.325-101"
"945",5,0.35,29,3144.35919383466,"5-0.35-29"
"946",5,0.35,31,5637.77447337986,"5-0.35-31"
"947",5,0.35,38,5637.77447337986,"5-0.35-38"
"948",5,0.35,45,8193.23274241695,"5-0.35-45"
"949",5,0.35,62,10114.0570065994,"5-0.35-62"
"950",5,0.35,70,10358.6009546097,"5-0.35-70"
"951",5,0.35,76,9631.92338085824,"5-0.35-76"
"952",5,0.35,101,4166.84872984044,"5-0.35-101"
"953",5,0.375,29,2426.98116409019,"5-0.375-29"
"954",5,0.375,31,5105.28878410045,"5-0.375-31"
"955",5,0.375,38,5105.28878410045,"5-0.375-38"
"956",5,0.375,45,7930.85276387759,"5-0.375-45"
"957",5,0.375,62,10111.7278352097,"5-0.375-62"
"958",5,0.375,70,10511.8176084692,"5-0.375-70"
"959",5,0.375,76,9858.32909306521,"5-0.375-76"
"960",5,0.375,101,4322.61439253623,"5-0.375-101"
"961",5,0.4,29,1669.30396910778,"5-0.4-29"
"962",5,0.4,31,4522.03120118931,"5-0.4-31"
"963",5,0.4,38,4522.03120118931,"5-0.4-38"
"964",5,0.4,45,7616.83478302032,"5-0.4-45"
"965",5,0.4,62,10061.5943691641,"5-0.4-62"
"966",5,0.4,70,10624.2669073999,"5-0.4-70"
"967",5,0.4,76,10051.2454852664,"5-0.4-76"
"968",5,0.4,101,4466.96117011658,"5-0.4-101"
"969",5,0.425,29,878.901620137226,"5-0.425-29"
"970",5,0.425,31,3894.91319382039,"5-0.425-31"
"971",5,0.425,38,3894.91319382039,"5-0.425-38"
"972",5,0.425,45,7257.13024268503,"5-0.425-45"
"973",5,0.425,62,9968.54533832737,"5-0.425-62"
"974",5,0.425,70,10699.7964289824,"5-0.425-70"
"975",5,0.425,76,10213.6255055752,"5-0.425-76"
"976",5,0.425,101,4600.74061550679,"5-0.425-101"
"977",5,0.45,29,62.3533540091559,"5-0.45-29"
"978",5,0.45,31,3230.00335041067,"5-0.45-31"
"979",5,0.45,38,3230.00335041067,"5-0.45-38"
"980",5,0.45,45,6856.99001581038,"5-0.45-45"
"981",5,0.45,62,9836.91775768834,"5-0.45-62"
"982",5,0.45,70,10741.8353594432,"5-0.45-70"
"983",5,0.45,76,10348.1128324116,"5-0.45-76"
"984",5,0.45,101,4724.72532347809,"5-0.45-101"
"985",5,0.475,29,-774.622153269187,"5-0.475-29"
"986",5,0.475,31,2532.64287107262,"5-0.475-31"
"987",5,0.475,38,2532.64287107262,"5-0.475-38"
"988",5,0.475,45,6421.05596328635,"5-0.475-45"
"989",5,0.475,62,9670.56675249193,"5-0.475-62"
"990",5,0.475,70,10753.4461381423,"5-0.475-70"
"991",5,0.475,76,10457.079110279,"5-0.475-76"
"992",5,0.475,101,4839.61756655561,"5-0.475-101"
"993",5,0.5,29,-1627.0561004663,"5-0.5-29"
"994",5,0.5,31,1807.54321121394,"5-0.5-31"
"995",5,0.5,38,1807.54321121394,"5-0.5-38"
"996",5,0.5,45,5953.43917100343,"5-0.5-45"
"997",5,0.5,62,9472.92554278288,"5-0.5-62"
"998",5,0.5,70,10737.3689863675,"5-0.5-70"
"999",5,0.5,76,10542.6561568291,"5-0.5-76"
"1000",5,0.5,101,4946.05685544579,"5-0.5-101"
"1001",5,0.525,29,-2490.6382680839,"5-0.525-29"
"1002",5,0.525,31,1058.86875730788,"5-0.525-31"
"1003",5,0.525,38,1058.86875730788,"5-0.525-38"
"1004",5,0.525,45,5457.78698693635,"5-0.525-45"
"1005",5,0.525,62,9247.05711192293,"5-0.525-62"
"1006",5,0.525,70,10696.0603984996,"5-0.525-70"
"1007",5,0.525,76,10606.7638891621,"5-0.525-76"
"1008",5,0.525,101,5044.62657288622,"5-0.525-101"
"1009",6,0.025,29,1658.14294252853,"6-0.025-29"
"1010",6,0.025,31,1678.53045850103,"6-0.025-31"
"1011",6,0.025,38,1678.53045850103,"6-0.025-38"
"1012",6,0.025,45,1644.19112644048,"6-0.025-45"
"1013",6,0.025,62,1553.72876460834,"6-0.025-62"
"1014",6,0.025,70,1366.63366138085,"6-0.025-70"
"1015",6,0.025,76,1149.76589378395,"6-0.025-76"
"1016",6,0.025,101,414.271272417492,"6-0.025-101"
"1017",6,0.05,29,2977.03793512505,"6-0.05-29"
"1018",6,0.05,31,3061.37795547384,"6-0.05-31"
"1019",6,0.05,38,3061.37795547384,"6-0.05-38"
"1020",6,0.05,45,3042.46263643353,"6-0.05-45"
"1021",6,0.05,62,2910.9231858731,"6-0.05-62"
"1022",6,0.05,70,2581.91542987199,"6-0.05-70"
"1023",6,0.05,76,2185.64651488784,"6-0.05-76"
"1024",6,0.05,101,797.70872001086,"6-0.05-101"
"1025",6,0.075,29,4003.29301271564,"6-0.075-29"
"1026",6,0.075,31,4186.00779129529,"6-0.075-31"
"1027",6,0.075,38,4186.00779129529,"6-0.075-38"
"1028",6,0.075,45,4223.98645773514,"6-0.075-45"
"1029",6,0.075,62,4093.60490819093,"6-0.075-62"
"1030",6,0.075,70,3662.03771915709,"6-0.075-70"
"1031",6,0.075,76,3119.30215376781,"6-0.075-76"
"1032",6,0.075,101,1153.03402412438,"6-0.075-101"
"1033",6,0.1,29,4776.76750203396,"6-0.1-29"
"1034",6,0.1,31,5084.70767615803,"6-0.1-31"
"1035",6,0.1,38,5084.70767615803,"6-0.1-38"
"1036",6,0.1,45,5214.07547348891,"6-0.1-45"
"1037",6,0.1,62,5120.99009751474,"6-0.1-62"
"1038",6,0.1,70,4621.19499403292,"6-0.1-70"
"1039",6,0.1,76,3960.99662699612,"6-0.1-76"
"1040",6,0.1,101,1482.67770634256,"6-0.1-101"
"1041",6,0.125,29,5331.63518108235,"6-0.125-29"
"1042",6,0.125,31,5785.37548744202,"6-0.125-31"
"1043",6,0.125,38,5785.37548744202,"6-0.125-38"
"1044",6,0.125,45,6034.75129635258,"6-0.125-45"
"1045",6,0.125,62,6009.88972751391,"6-0.125-62"
"1046",6,0.125,70,5471.86115034343,"6-0.125-70"
"1047",6,0.125,76,4719.78643655938,"6-0.125-76"
"1048",6,0.125,101,1788.81504403455,"6-0.125-101"
"1049",6,0.15,29,5697.26806634696,"6-0.15-29"
"1050",6,0.15,31,6312.17740773086,"6-0.15-31"
"1051",6,0.15,38,6312.17740773086,"6-0.15-38"
"1052",6,0.15,45,6705.22088372318,"6-0.15-45"
"1053",6,0.15,62,6775.04717917486,"6-0.15-62"
"1054",6,0.15,70,6225.02449091741,"6-0.15-70"
"1055",6,0.15,76,5403.68164352694,"6-0.15-76"
"1056",6,0.15,101,2073.39703696228,"6-0.15-101"
"1057",6,0.175,29,5898.9729691445,"6-0.175-29"
"1058",6,0.175,31,6686.09922235223,"6-0.175-31"
"1059",6,0.175,38,6686.09922235223,"6-0.175-38"
"1060",6,0.175,45,7242.27770015168,"6-0.175-45"
"1061",6,0.175,62,7429.42373857666,"6-0.175-62"
"1062",6,0.175,70,6890.3873106952,"6-0.175-70"
"1063",6,0.175,76,6019.78304166553,"6-0.175-76"
"1064",6,0.175,101,2338.1771704552,"6-0.175-101"
"1065",6,0.2,29,5958.60688806245,"6-0.2-29"
"1066",6,0.2,31,6925.40932563724,"6-0.2-31"
"1067",6,0.2,38,6925.40932563724,"6-0.2-38"
"1068",6,0.2,45,7660.64026616362,"6-0.2-45"
"1069",6,0.2,62,7984.44067765997,"6-0.2-62"
"1070",6,0.2,70,7476.53586706169,"6-0.2-70"
"1071",6,0.2,76,6574.3994218727,"6-0.2-76"
"1072",6,0.2,101,2584.73459979095,"6-0.2-101"
"1073",6,0.225,29,5895.09242626311,"6-0.225-29"
"1074",6,0.225,31,7046.04857718223,"6-0.225-31"
"1075",6,0.225,38,7046.04857718223,"6-0.225-38"
"1076",6,0.225,45,7973.23861476527,"6-0.225-45"
"1077",6,0.225,62,8450.18506147644,"6-0.225-62"
"1078",6,0.225,70,7991.08550437579,"6-0.225-70"
"1079",6,0.225,76,7073.14806917675,"6-0.225-76"
"1080",6,0.225,101,2814.49428039678,"6-0.225-101"
"1081",6,0.25,29,5724.85049587052,"6-0.25-29"
"1082",6,0.25,31,7061.95939731223,"6-0.25-31"
"1083",6,0.25,38,7061.95939731223,"6-0.25-38"
"1084",6,0.25,45,8191.45729849832,"6-0.25-45"
"1085",6,0.25,62,8835.58517209447,"6-0.25-62"
"1086",6,0.25,70,8440.80488006797,"6-0.25-70"
"1087",6,0.25,76,7521.04110257694,"6-0.25-76"
"1088",6,0.25,101,3028.74448551681,"6-0.25-101"
"1089",6,0.275,29,5462.16440385046,"6-0.275-29"
"1090",6,0.275,31,6985.36426337747,"6-0.275-31"
"1091",6,0.275,38,6985.36426337747,"6-0.275-38"
"1092",6,0.275,45,8325.34206416119,"6-0.275-45"
"1093",6,0.275,62,9148.56041786146,"6-0.275-62"
"1094",6,0.275,70,8831.72256774926,"6-0.275-70"
"1095",6,0.275,76,7922.55983181146,"6-0.275-76"
"1096",6,0.275,101,3228.65208400652,"6-0.275-101"
"1097",6,0.3,29,5119.48685235133,"6-0.3-29"
"1098",6,0.3,31,6827.00196135046,"6-0.3-31"
"1099",6,0.3,38,6827.00196135046,"6-0.3-38"
"1100",6,0.3,45,8383.77607016687,"6-0.3-45"
"1101",6,0.3,62,9396.14976226686,"6-0.3-62"
"1102",6,0.3,70,9169.21876196983,"6-0.3-70"
"1103",6,0.3,76,8281.71894630643,"6-0.3-76"
"1104",6,0.3,101,3415.27589343015,"6-0.3-101"
"1105",6,0.325,29,4707.69931085674,"6-0.325-29"
"1106",6,0.325,31,6596.32847772469,"6-0.325-31"
"1107",6,0.325,38,6596.32847772469,"6-0.325-38"
"1108",6,0.325,45,8374.63050790653,"6-0.325-45"
"1109",6,0.325,62,9584.62202338619,"6-0.325-62"
"1110",6,0.325,70,9458.10435667936,"6-0.325-70"
"1111",6,0.325,76,8602.12205565444,"6-0.325-76"
"1112",6,0.325,101,3589.57837562259,"6-0.325-101"
"1113",6,0.35,29,4236.33153222406,"6-0.35-29"
"1114",6,0.35,31,6301.6882191086,"6-0.35-31"
"1115",6,0.35,38,6301.6882191086,"6-0.35-38"
"1116",6,0.35,45,8304.89365947356,"6-0.35-45"
"1117",6,0.35,62,9719.57083412041,"6-0.35-62"
"1118",6,0.35,70,9702.68929668186,"6-0.35-70"
"1119",6,0.35,76,8887.00985638215,"6-0.35-76"
"1120",6,0.35,101,3752.43590168484,"6-0.35-101"
"1121",6,0.375,29,3713.74761403884,"6-0.375-29"
"1122",6,0.375,31,5950.4602686515,"6-0.375-31"
"1123",6,0.375,38,5950.4602686515,"6-0.375-38"
"1124",6,0.375,45,8180.78174449425,"6-0.375-45"
"1125",6,0.375,62,9805.99659214461,"6-0.375-62"
"1126",6,0.375,70,9906.84179363735,"6-0.375-70"
"1127",6,0.375,76,9139.3019971128,"6-0.375-76"
"1128",6,0.375,101,3904.64777966102,"6-0.375-101"
"1129",6,0.4,29,3147.30389060805,"6-0.4-29"
"1130",6,0.4,31,5549.1835875637,"6-0.4-31"
"1131",6,0.4,38,5549.1835875637,"6-0.4-38"
"1132",6,0.4,45,8007.83435040018,"6-0.4-45"
"1133",6,0.4,62,9848.37734812134,"6-0.4-62"
"1134",6,0.4,70,10074.0397435033,"6-0.4-70"
"1135",6,0.4,76,9361.63354592843,"6-0.4-76"
"1136",6,0.4,101,4046.94420979211,"6-0.4-101"
"1137",6,0.425,29,2543.48303160223,"6-0.425-29"
"1138",6,0.425,31,5103.66441289762,"6-0.425-31"
"1139",6,0.425,38,5103.66441289762,"6-0.425-38"
"1140",6,0.425,45,7790.99678059601,"6-0.425-45"
"1141",6,0.425,62,9850.73026638844,"6-0.425-62"
"1142",6,0.425,70,10207.4154710767,"6-0.425-70"
"1143",6,0.425,76,9556.38682363573,"6-0.425-76"
"1144",6,0.425,101,4179.99330834921,"6-0.425-101"
"1145",6,0.45,29,1908.00798283777,"6-0.45-29"
"1146",6,0.45,31,4619.06856247587,"6-0.45-31"
"1147",6,0.45,38,4619.06856247587,"6-0.45-38"
"1148",6,0.45,45,7534.69127537179,"6-0.45-45"
"1149",6,0.45,62,9816.66503194242,"6-0.45-62"
"1150",6,0.45,70,10309.7947516805,"6-0.45-70"
"1151",6,0.45,76,9725.71924974418,"6-0.45-76"
"1152",6,0.45,101,4304.40732087321,"6-0.45-101"
"1153",6,0.475,29,1245.93878261316,"6-0.475-29"
"1154",6,0.475,31,4100.00091270781,"6-0.475-31"
"1155",6,0.475,38,4100.00091270781,"6-0.475-38"
"1156",6,0.475,45,7242.87874635534,"6-0.475-45"
"1157",6,0.475,62,9749.43036134807,"6-0.475-62"
"1158",6,0.475,70,10383.7309136862,"6-0.475-70"
"1159",6,0.475,76,9871.58775020628,"6-0.475-76"
"1160",6,0.475,101,4420.74812857335,"6-0.475-101"
"1161",6,0.5,29,561.754798965906,"6-0.5-29"
"1162",6,0.5,31,3550.57394756368,"6-0.5-31"
"1163",6,0.5,38,3550.57394756368,"6-0.5-38"
"1164",6,0.5,45,6919.11240488687,"6-0.5-45"
"1165",6,0.5,62,9651.95459530113,"6-0.5-62"
"1166",6,0.5,70,10431.5347033249,"6-0.5-70"
"1167",6,0.5,76,9995.77019402901,"6-0.5-76"
"1168",6,0.5,101,4529.53213715748,"6-0.5-101"
"1169",6,0.525,29,-140.575460689012,"6-0.525-29"
"1170",6,0.525,31,2974.46697307382,"6-0.525-31"
"1171",6,0.525,38,2974.46697307382,"6-0.525-38"
"1172",6,0.525,45,6566.58444827847,"6-0.525-45"
"1173",6,0.525,62,9526.88120052208,"6-0.525-62"
"1174",6,0.525,70,10455.3004909036,"6-0.525-70"
"1175",6,0.525,76,10099.8842570284,"6-0.525-76"
"1176",6,0.525,101,4631.23462506192,"6-0.525-101"
"1177",7,0.025,29,1385.73167161259,"7-0.025-29"
"1178",7,0.025,31,1399.34587297371,"7-0.025-31"
"1179",7,0.025,38,1399.34587297371,"7-0.025-38"
"1180",7,0.025,45,1368.12614955383,"7-0.025-45"
"1181",7,0.025,62,1290.82349851363,"7-0.025-62"
"1182",7,0.025,70,1134.39874043182,"7-0.025-70"
"1183",7,0.025,76,953.806975126875,"7-0.025-76"
"1184",7,0.025,101,343.264356935446,"7-0.025-101"
"1185",7,0.05,29,2531.56847532441,"7-0.05-29"
"1186",7,0.05,31,2589.82563179543,"7-0.05-31"
"1187",7,0.05,38,2589.82563179543,"7-0.05-38"
"1188",7,0.05,45,2562.6333891887,"7-0.05-45"
"1189",7,0.05,62,2442.91042857045,"7-0.05-62"
"1190",7,0.05,70,2161.96285188101,"7-0.05-70"
"1191",7,0.05,76,1827.23016427478,"7-0.05-76"
"1192",7,0.05,101,664.769968024893,"7-0.05-101"
"1193",7,0.075,29,3465.46640874341,"7-0.075-29"
"1194",7,0.075,31,3593.88827826642,"7-0.075-31"
"1195",7,0.075,38,3593.88827826642,"7-0.075-38"
"1196",7,0.075,45,3600.98513630312,"7-0.075-45"
"1197",7,0.075,62,3469.43450232943,"7-0.075-62"
"1198",7,0.075,70,3092.37353385849,"7-0.075-70"
"1199",7,0.075,76,2627.23795644282,"7-0.075-76"
"1200",7,0.075,101,966.140995758599,"7-0.075-101"
"1201",7,0.1,29,4211.94108276489,"7-0.1-29"
"1202",7,0.1,31,4431.34710633932,"7-0.1-31"
"1203",7,0.1,38,4431.34710633932,"7-0.1-38"
"1204",7,0.1,45,4498.68285955582,"7-0.1-45"
"1205",7,0.1,62,4382.1447524731,"7-0.1-62"
"1206",7,0.1,70,3934.29838892995,"7-0.1-70"
"1207",7,0.1,76,3360.09087054049,"7-0.1-76"
"1208",7,0.1,101,1248.85441678822,"7-0.1-101"
"1209",7,0.125,29,4792.52882554776,"7-0.125-29"
"1210",7,0.125,31,5119.72085925214,"7-0.125-31"
"1211",7,0.125,38,5119.72085925214,"7-0.125-38"
"1212",7,0.125,45,5269.51162676967,"7-0.125-45"
"1213",7,0.125,62,5191.53840578298,"7-0.125-62"
"1214",7,0.125,70,4695.51105747095,"7-0.125-70"
"1215",7,0.125,76,4031.42304431957,"7-0.125-76"
"1216",7,0.125,101,1514.25543386071,"7-0.125-101"
"1217",7,0.15,29,5226.18149209612,"7-0.15-29"
"1218",7,0.15,31,5674.52705646352,"7-0.15-31"
"1219",7,0.15,38,5674.52705646352,"7-0.15-38"
"1220",7,0.15,45,5925.75206744662,"7-0.15-45"
"1221",7,0.15,62,5907.01069684842,"7-0.15-62"
"1222",7,0.15,70,5382.99527786267,"7-0.15-70"
"1223",7,0.15,76,4646.31334958378,"7-0.15-76"
"1224",7,0.15,101,1763.57108179521,"7-0.15-101"
"1225",7,0.175,29,5529.60511632419,"7-0.175-29"
"1226",7,0.175,31,6109.53466120007,"7-0.175-31"
"1227",7,0.175,38,6109.53466120007,"7-0.175-38"
"1228",7,0.175,45,6478.36368550682,"7-0.175-45"
"1229",7,0.175,62,6536.98494260955,"7-0.175-62"
"1230",7,0.175,70,6003.03556866544,"7-0.175-70"
"1231",7,0.175,76,5209.34756746125,"7-0.175-76"
"1232",7,0.175,101,1997.92225920717,"7-0.175-101"
"1233",7,0.2,29,5717.55090688215,"7-0.2-29"
"1234",7,0.2,31,6436.98212250464,"7-0.2-31"
"1235",7,0.2,38,6436.98212250464,"7-0.2-38"
"1236",7,0.2,45,6937.14368868014,"7-0.2-45"
"1237",7,0.2,62,7089.02568959389,"7-0.2-62"
"1238",7,0.2,70,6561.29639854042,"7-0.2-70"
"1239",7,0.2,76,5724.67284543789,"7-0.2-76"
"1240",7,0.2,101,2218.33438564825,"7-0.2-101"
"1241",7,0.225,29,5803.06572774173,"7-0.225-29"
"1242",7,0.225,31,6667.76587752051,"7-0.225-31"
"1243",7,0.225,38,6667.76587752051,"7-0.225-38"
"1244",7,0.225,45,7310.86485763921,"7-0.225-45"
"1245",7,0.225,62,7569.93731891517,"7-0.225-62"
"1246",7,0.225,70,7062.89143148711,"7-0.225-70"
"1247",7,0.225,76,6196.0454789523,"7-0.225-76"
"1248",7,0.225,101,2425.74685650995,"7-0.225-101"
"1249",7,0.25,29,5797.7080714354,"7-0.25-29"
"1250",7,0.25,31,6811.60360776629,"7-0.25-31"
"1251",7,0.25,38,6811.60360776629,"7-0.25-38"
"1252",7,0.25,45,7607.39543902458,"7-0.25-45"
"1253",7,0.25,62,7985.8501355594,"7-0.25-62"
"1254",7,0.25,70,7512.44420059557,"7-0.25-70"
"1255",7,0.25,76,6626.87290920289,"7-0.25-76"
"1256",7,0.25,101,2621.02144470309,"7-0.25-101"
"1257",7,0.275,29,5711.73458746382,"7-0.275-29"
"1258",7,0.275,31,6877.17588057089,"7-0.275-31"
"1259",7,0.275,38,6877.17588057089,"7-0.275-38"
"1260",7,0.275,45,7833.80359430773,"7-0.275-45"
"1261",7,0.275,62,8342.29566678819,"7-0.275-62"
"1262",7,0.275,70,7914.14136574527,"7-0.275-70"
"1263",7,0.275,76,7020.2507008989,"7-0.275-76"
"1264",7,0.275,101,2804.94977815953,"7-0.275-101"
"1265",7,0.3,29,5554.2614383707,"7-0.3-29"
"1266",7,0.3,31,6872.24925162327,"7-0.3-31"
"1267",7,0.3,38,6872.24925162327,"7-0.3-38"
"1268",7,0.3,45,7996.44855640224,"7-0.3-45"
"1269",7,0.3,62,8644.27264022153,"7-0.3-62"
"1270",7,0.3,70,8271.77954353006,"7-0.3-70"
"1271",7,0.3,76,7378.99515525118,"7-0.3-76"
"1272",7,0.3,101,2978.26000509329,"7-0.3-101"
"1273",7,0.325,29,5333.40409475791,"7-0.325-29"
"1274",7,0.325,31,6803.78343860394,"7-0.325-31"
"1275",7,0.325,38,6803.78343860394,"7-0.325-38"
"1276",7,0.325,45,8101.06032603556,"7-0.325-45"
"1277",7,0.325,62,8896.30489751872,"7-0.325-62"
"1278",7,0.325,70,8588.80655617849,"7-0.325-70"
"1279",7,0.325,76,7705.67212142305,"7-0.325-76"
"1280",7,0.325,101,3141.62274427306,"7-0.325-101"
"1281",7,0.35,29,5056.39862622785,"7-0.35-29"
"1282",7,0.35,31,6678.02478414074,"7-0.35-31"
"1283",7,0.35,38,6678.02478414074,"7-0.35-38"
"1284",7,0.35,45,8152.80947018571,"7-0.35-45"
"1285",7,0.35,62,9102.49231809021,"7-0.35-62"
"1286",7,0.35,70,8868.35782624074,"7-0.35-70"
"1287",7,0.35,76,8002.6224913519,"7-0.35-76"
"1288",7,0.35,101,3295.65640493388,"7-0.35-101"
"1289",7,0.375,29,4729.70707991525,"7-0.375-29"
"1290",7,0.375,31,6500.58789650992,"7-0.375-31"
"1291",7,0.375,38,6500.58789650992,"7-0.375-38"
"1292",7,0.375,45,8156.36835712832,"7-0.375-45"
"1293",7,0.375,62,9266.55567357361,"7-0.375-62"
"1294",7,0.375,70,9113.28854188903,"7-0.375-70"
"1295",7,0.375,76,8271.98479613632,"7-0.375-76"
"1296",7,0.375,101,3440.93195008567,"7-0.375-101"
"1297",7,0.4,29,4359.10914709876,"7-0.4-29"
"1298",7,0.4,31,6276.52707836085,"7-0.4-31"
"1299",7,0.4,38,6276.52707836085,"7-0.4-38"
"1300",7,0.4,45,8115.96496999673,"7-0.4-45"
"1301",7,0.4,62,9391.87620342967,"7-0.4-62"
"1302",7,0.4,70,9326.202130964,"7-0.4-70"
"1303",7,0.4,76,8515.71526525451,"7-0.4-76"
"1304",7,0.4,101,3577.97716760237,"7-0.4-101"
"1305",7,0.425,29,3949.78198915918,"7-0.425-29"
"1306",7,0.425,31,6010.3989188124,"7-0.425-31"
"1307",7,0.425,38,6010.3989188124,"7-0.425-38"
"1308",7,0.425,45,8035.43027755543,"7-0.425-45"
"1309",7,0.425,62,9481.53059124072,"7-0.425-62"
"1310",7,0.425,70,9509.47550800364,"7-0.425-70"
"1311",7,0.425,76,8735.6056612193,"7-0.425-76"
"1312",7,0.425,101,3707.28050537912,"7-0.425-101"
"1313",7,0.45,29,3506.36981680921,"7-0.45-29"
"1314",7,0.45,31,5706.31722552625,"7-0.45-31"
"1315",7,0.45,38,5706.31722552625,"7-0.45-38"
"1316",7,0.45,45,7918.24000240442,"7-0.45-45"
"1317",7,0.45,62,9538.32192702544,"7-0.45-62"
"1318",7,0.45,70,9665.28149541519,"7-0.45-70"
"1319",7,0.45,76,8933.29916061596,"7-0.45-76"
"1320",7,0.45,101,3829.29451984111,"7-0.45-101"
"1321",7,0.475,29,3033.04458275118,"7-0.475-29"
"1322",7,0.475,31,5368.00130497509,"7-0.475-31"
"1323",7,0.475,38,5368.00130497509,"7-0.475-38"
"1324",7,0.475,45,7767.55150913691,"7-0.475-45"
"1325",7,0.475,62,9564.80716053065,"7-0.475-62"
"1326",7,0.475,70,9795.60876602272,"7-0.475-70"
"1327",7,0.475,76,9110.3045167447,"7-0.475-76"
"1328",7,0.475,101,3944.4389810204,"7-0.475-101"
"1329",7,0.5,29,2533.55895086066,"7-0.5-29"
"1330",7,0.5,31,4998.81845623994,"7-0.5-31"
"1331",7,0.5,38,4998.81845623994,"7-0.5-38"
"1332",7,0.5,45,7586.23643478506,"7-0.5-45"
"1333",7,0.5,62,9563.32148185999,"7-0.5-62"
"1334",7,0.5,70,9902.27960804093,"7-0.5-70"
"1335",7,0.5,76,9268.00870840489,"7-0.5-76"
"1336",7,0.5,101,4053.10367215194,"7-0.5-101"
"1337",7,0.525,29,2011.29253896495,"7-0.525-29"
"1338",7,0.525,31,4601.82142224872,"7-0.525-31"
"1339",7,0.525,38,4601.82142224872,"7-0.525-38"
"1340",7,0.525,45,7376.9095984689,"7-0.525-45"
"1341",7,0.525,62,9536.00000713694,"7-0.525-62"
"1342",7,0.525,70,9986.96577391266,"7-0.525-70"
"1343",7,0.525,76,9407.68825296106,"7-0.525-76"
"1344",7,0.525,101,4155.65091716599,"7-0.525-101"
"1345",8,0.025,29,1111.87444251846,"8-0.025-29"
"1346",8,0.025,31,1120.06055867765,"8-0.025-31"
"1347",8,0.025,38,1120.06055867765,"8-0.025-38"
"1348",8,0.025,45,1092.99657914413,"8-0.025-45"
"1349",8,0.025,62,1029.61510926786,"8-0.025-62"
"1350",8,0.025,70,904.050562032214,"8-0.025-70"
"1351",8,0.025,76,759.66522046832,"8-0.025-76"
"1352",8,0.025,101,273.071583049826,"8-0.025-101"
"1353",8,0.05,29,2066.99171808634,"8-0.05-29"
"1354",8,0.05,31,2103.73415860561,"8-0.05-31"
"1355",8,0.05,38,2103.73415860561,"8-0.05-38"
"1356",8,0.05,45,2072.64094095699,"8-0.05-45"
"1357",8,0.05,62,1968.62270732868,"8-0.05-62"
"1358",8,0.05,70,1738.30856932595,"8-0.05-70"
"1359",8,0.05,76,1466.80359518385,"8-0.05-76"
"1360",8,0.05,101,531.914298259369,"8-0.05-101"
"1361",8,0.075,29,2880.25399634587,"8-0.075-29"
"1362",8,0.075,31,2962.97910478104,"8-0.075-31"
"1363",8,0.075,38,2962.97910478104,"8-0.075-38"
"1364",8,0.075,45,2948.22977454609,"8-0.075-45"
"1365",8,0.075,62,2824.03287380986,"8-0.075-62"
"1366",8,0.075,70,2507.92401595445,"8-0.075-70"
"1367",8,0.075,76,2125.12123822593,"8-0.075-76"
"1368",8,0.075,101,777.391469131469,"8-0.075-101"
"1369",8,0.1,29,3565.06528712085,"8-0.1-29"
"1370",8,0.1,31,3708.60729273157,"8-0.1-31"
"1371",8,0.1,38,3708.60729273157,"8-0.1-38"
"1372",8,0.1,45,3728.20730899366,"8-0.1-45"
"1373",8,0.1,62,3602.23724597466,"8-0.1-62"
"1374",8,0.1,70,3217.60725455284,"8-0.1-70"
"1375",8,0.1,76,2738.01742933084,"8-0.1-76"
"1376",8,0.1,101,1010.30274680797,"8-0.1-101"
"1377",8,0.125,29,4133.49560052807,"8-0.125-29"
"1378",8,0.125,31,4350.40551126549,"8-0.125-31"
"1379",8,0.125,38,4350.40551126549,"8-0.125-38"
"1380",8,0.125,45,4420.25251720875,"8-0.125-45"
"1381",8,0.125,62,4309.07033952933,"8-0.125-62"
"1382",8,0.125,70,3871.67138361865,"8-0.125-70"
"1383",8,0.125,76,3308.61345641587,"8-0.125-76"
"1384",8,0.125,101,1231.38954723642,"8-0.125-101"
"1385",8,0.15,29,4596.42578059142,"8-0.15-29"
"1386",8,0.15,31,4897.24282160274,"8-0.15-31"
"1387",8,0.15,38,4897.24282160274,"8-0.15-38"
"1388",8,0.15,45,5031.35655673339,"8-0.15-45"
"1389",8,0.15,62,4949.86417530772,"8-0.15-62"
"1390",8,0.15,70,4474.07011988502,"8-0.15-70"
"1391",8,0.15,76,3839.77845483463,"8-0.15-76"
"1392",8,0.15,101,1441.33996780923,"8-0.15-101"
"1393",8,0.175,29,4963.67543532121,"8-0.175-29"
"1394",8,0.175,31,5357.16572398068,"8-0.175-31"
"1395",8,0.175,38,5357.16572398068,"8-0.175-38"
"1396",8,0.175,45,5567.89162332888,"8-0.175-45"
"1397",8,0.175,62,5529.49700172659,"8-0.175-62"
"1398",8,0.175,70,5028.43167746125,"8-0.175-70"
"1399",8,0.175,76,4334.15258337389,"8-0.175-76"
"1400",8,0.175,101,1640.79323812263,"8-0.175-101"
"1401",8,0.2,29,5244.11606549548,"8-0.2-29"
"1402",8,0.2,31,5737.48260025091,"8-0.2-31"
"1403",8,0.2,38,5737.48260025091,"8-0.2-38"
"1404",8,0.2,45,6035.67224284366,"8-0.2-45"
"1405",8,0.2,62,6052.43680362621,"8-0.2-62"
"1406",8,0.2,70,5538.08911100386,"8-0.2-70"
"1407",8,0.2,76,4794.16783575823,"8-0.2-76"
"1408",8,0.2,101,1830.34375331247,"8-0.2-101"
"1409",8,0.225,29,5445.77121799534,"8-0.225-29"
"1410",8,0.225,31,6044.838728751,"8-0.225-31"
"1411",8,0.225,38,6044.838728751,"8-0.225-38"
"1412",8,0.225,45,6440.00989673134,"8-0.225-45"
"1413",8,0.225,62,6522.78020197151,"8-0.225-62"
"1414",8,0.225,70,6006.10752415317,"8-0.225-70"
"1415",8,0.225,76,5222.06675048062,"8-0.225-76"
"1416",8,0.225,101,2010.54473297976,"8-0.225-101"
"1417",8,0.25,29,5575.90525113116,"8-0.25-29"
"1418",8,0.25,31,6285.28300154312,"8-0.25-31"
"1419",8,0.25,38,6285.28300154312,"8-0.25-38"
"1420",8,0.25,45,6785.76176382049,"8-0.25-45"
"1421",8,0.25,62,6944.28727407805,"8-0.25-62"
"1422",8,0.25,70,6435.30849570166,"8-0.25-70"
"1423",8,0.25,76,5619.91925041452,"8-0.25-76"
"1424",8,0.25,101,2181.91154392853,"8-0.25-101"
"1425",8,0.275,29,5641.10209352509,"8-0.275-29"
"1426",8,0.275,31,6464.32733028604,"8-0.275-31"
"1427",8,0.275,38,6464.32733028604,"8-0.275-38"
"1428",8,0.275,45,7077.37426311872,"8-0.275-45"
"1429",8,0.275,62,7320.41275898305,"8-0.275-62"
"1430",8,0.275,70,6828.29203346429,"8-0.275-70"
"1431",8,0.275,76,5989.63781627041,"8-0.275-76"
"1432",8,0.275,101,2344.9247207167,"8-0.275-101"
"1433",8,0.3,29,5647.33520016302,"8-0.3-29"
"1434",8,0.3,31,6586.99960241076,"8-0.3-31"
"1435",8,0.3,38,6586.99960241076,"8-0.3-38"
"1436",8,0.3,45,7318.92199749423,"8-0.3-45"
"1437",8,0.3,62,7654.33405597509,"8-0.3-62"
"1438",8,0.3,70,7187.45632875271,"8-0.3-70"
"1439",8,0.3,76,6332.99117400992,"8-0.3-76"
"1440",8,0.3,101,2500.03271429772,"8-0.3-101"
"1441",8,0.325,29,5600.0297552523,"8-0.325-29"
"1442",8,0.325,31,6657.890941222,"8-0.325-31"
"1443",8,0.325,38,6657.890941222,"8-0.325-38"
"1444",8,0.325,45,7514.14262424648,"8-0.325-45"
"1445",8,0.325,62,7948.97637497903,"8-0.325-62"
"1446",8,0.325,70,7515.01555198774,"8-0.325-70"
"1447",8,0.325,76,6651.6166553681,"8-0.325-76"
"1448",8,0.325,101,2647.65439574329,"8-0.325-101"
"1449",8,0.35,29,5504.11803815353,"8-0.35-29"
"1450",8,0.35,31,6681.19792975412,"8-0.35-31"
"1451",8,0.35,38,6681.19792975412,"8-0.35-38"
"1452",8,0.35,45,7666.46811433568,"8-0.35-45"
"1453",8,0.35,62,8207.03535448329,"8-0.35-62"
"1454",8,0.35,70,7813.01590169189,"8-0.35-70"
"1455",8,0.35,76,6947.03137226795,"8-0.35-76"
"1456",8,0.35,101,2788.18133913206,"8-0.35-101"
"1457",8,0.375,29,5364.08875302084,"8-0.375-29"
"1458",8,0.375,31,6660.76037670631,"8-0.375-31"
"1459",8,0.375,38,6660.76037670631,"8-0.375-38"
"1460",8,0.375,45,7779.05280608486,"8-0.375-45"
"1461",8,0.375,62,8430.99742514863,"8-0.375-62"
"1462",8,0.375,70,8083.35009434565,"8-0.375-70"
"1463",8,0.375,76,7220.64232980085,"8-0.375-76"
"1464",8,0.375,101,2921.97990511887,"8-0.375-101"
"1465",8,0.4,29,5184.03102242659,"8-0.4-29"
"1466",8,0.4,31,6600.09513188601,"8-0.4-31"
"1467",8,0.4,38,6600.09513188601,"8-0.4-38"
"1468",8,0.4,45,7854.79861037965,"8-0.4-45"
"1469",8,0.4,62,8623.15816442369,"8-0.4-62"
"1470",8,0.4,70,8327.77046090612,"8-0.4-70"
"1471",8,0.4,76,7473.75558830155,"8-0.4-76"
"1472",8,0.4,101,3049.39314442206,"8-0.4-101"
"1473",8,0.425,29,4967.6736580622,"8-0.425-29"
"1474",8,0.425,31,6502.42639685653,"8-0.425-31"
"1475",8,0.425,38,6502.42639685653,"8-0.425-38"
"1476",8,0.425,45,7896.37768180783,"8-0.425-45"
"1477",8,0.425,62,8785.63885878637,"8-0.425-62"
"1478",8,0.425,70,8547.90079676928,"8-0.425-70"
"1479",8,0.425,76,7707.5845726125,"8-0.425-76"
"1480",8,0.425,101,3170.74253844866,"8-0.425-101"
"1481",8,0.45,29,4718.42024579706,"8-0.45-29"
"1482",8,0.45,31,6370.71292267687,"8-0.45-31"
"1483",8,0.45,38,6370.71292267687,"8-0.45-38"
"1484",8,0.45,45,7906.25283297511,"8-0.45-45"
"1485",8,0.45,62,8920.40146509078,"8-0.45-62"
"1486",8,0.45,70,8745.24709526534,"8-0.45-70"
"1487",8,0.45,76,7923.25761569189,"8-0.45-76"
"1488",8,0.45,101,3286.32959248593,"8-0.45-101"
"1489",8,0.475,29,4439.38051640241,"8-0.475-29"
"1490",8,0.475,31,6207.67243967252,"8-0.475-31"
"1491",8,0.475,38,6207.67243967252,"8-0.475-38"
"1492",8,0.475,45,7886.69593669332,"8-0.475-45"
"1493",8,0.475,62,9029.26214046156,"8-0.475-62"
"1494",8,0.475,70,8921.20728010783,"8-0.475-70"
"1495",8,0.475,76,8121.82481408273,"8-0.475-76"
"1496",8,0.475,101,3396.43729529666,"8-0.475-101"
"1497",8,0.5,29,4133.39841578637,"8-0.5-29"
"1498",8,0.5,31,6015.80362317044,"8-0.5-31"
"1499",8,0.5,38,6015.80362317044,"8-0.5-38"
"1500",8,0.5,45,7839.80453224783,"8-0.5-45"
"1501",8,0.5,62,9113.90349083771,"8-0.5-62"
"1502",8,0.5,70,9077.08003931404,"8-0.5-70"
"1503",8,0.5,76,8304.26426426253,"8-0.5-76"
"1504",8,0.5,101,3501.33145754103,"8-0.5-101"
"1505",8,0.525,29,3803.07723850959,"8-0.525-29"
"1506",8,0.525,31,5797.40586328121,"8-0.525-31"
"1507",8,0.525,38,5797.40586328121,"8-0.525-38"
"1508",8,0.525,45,7767.51682698232,"8-0.525-45"
"1509",8,0.525,62,9175.88567127906,"8-0.525-62"
"1510",8,0.525,70,9214.07285175199,"8-0.525-70"
"1511",8,0.525,76,8471.48774139237,"8-0.525-76"
"1512",8,0.525,101,3601.26194018867,"8-0.525-101"
"1513",9,0.025,29,836.472999304577,"9-0.025-29"
"1514",9,0.025,31,840.579419323315,"9-0.025-31"
"1515",9,0.025,38,840.579419323315,"9-0.025-38"
"1516",9,0.025,45,818.710851969769,"9-0.025-45"
"1517",9,0.025,62,770.015787143431,"9-0.025-62"
"1518",9,0.025,70,675.512431610468,"9-0.025-70"
"1519",9,0.025,76,567.276676414376,"9-0.025-76"
"1520",9,0.025,101,203.670621637007,"9-0.025-101"
"1521",9,0.05,29,1582.45895488308,"9-0.05-29"
"1522",9,0.05,31,1602.42828291018,"9-0.05-31"
"1523",9,0.05,38,1602.42828291018,"9-0.05-38"
"1524",9,0.05,45,1571.95002642799,"9-0.05-45"
"1525",9,0.05,62,1487.63523341985,"9-0.05-62"
"1526",9,0.05,70,1310.62639831015,"9-0.05-70"
"1527",9,0.05,76,1104.1219618657,"9-0.05-76"
"1528",9,0.05,101,399.076319394675,"9-0.05-101"
"1529",9,0.075,29,2244.55929288472,"9-0.075-29"
"1530",9,0.075,31,2290.84381428288,"9-0.075-31"
"1531",9,0.075,38,2290.84381428288,"9-0.075-38"
"1532",9,0.075,45,2263.83564160698,"9-0.075-45"
"1533",9,0.075,62,2155.96403933412,"9-0.075-62"
"1534",9,0.075,70,1907.62392447741,"9-0.075-70"
"1535",9,0.075,76,1612.1785379815,"9-0.075-76"
"1536",9,0.075,101,586.600232384853,"9-0.075-101"
"1537",9,0.1,29,2828.86602047694,"9-0.1-29"
"1538",9,0.1,31,2910.73368236163,"9-0.1-31"
"1539",9,0.1,38,2910.73368236163,"9-0.1-38"
"1540",9,0.1,45,2898.19630728062,"9-0.1-45"
"1541",9,0.1,62,2777.897974612,"9-0.1-62"
"1542",9,0.1,70,2468.63785917199,"9-0.1-70"
"1543",9,0.1,76,2092.98500265012,"9-0.1-76"
"1544",9,0.1,101,766.603910667918,"9-0.1-101"
"1545",9,0.125,29,3341.00458297076,"9-0.125-29"
"1546",9,0.125,31,3466.6476424465,"9-0.125-31"
"1547",9,0.125,38,3466.6476424465,"9-0.125-38"
"1548",9,0.125,45,3478.5938534383,"9-0.125-45"
"1549",9,0.125,62,3356.13884791064,"9-0.125-62"
"1550",9,0.125,70,2995.66290630627,"9-0.125-70"
"1551",9,0.125,76,2547.98337037524,"9-0.125-76"
"1552",9,0.125,101,939.428726467711,"9-0.125-101"
"1553",9,0.15,29,3786.17284141798,"9-0.15-29"
"1554",9,0.15,31,3962.80638536819,"9-0.15-31"
"1555",9,0.15,38,3962.80638536819,"9-0.15-38"
"1556",9,0.15,45,4008.3441034998,"9-0.15-45"
"1557",9,0.15,62,3893.2091371387,"9-0.15-62"
"1558",9,0.15,70,3490.56575238976,"9-0.15-70"
"1559",9,0.15,76,2978.52597294994,"9-0.15-76"
"1560",9,0.15,101,1105.39718177917,"9-0.15-101"
"1561",9,0.175,29,4169.17654508662,"9-0.175-29"
"1562",9,0.175,31,4403.12785884299,"9-0.175-31"
"1563",9,0.175,38,4403.12785884299,"9-0.175-38"
"1564",9,0.175,45,4490.53587326859,"9-0.175-45"
"1565",9,0.175,62,4391.46540196017,"9-0.175-62"
"1566",9,0.175,70,3955.09437204519,"9-0.175-70"
"1567",9,0.175,76,3385.88181265469,"9-0.175-76"
"1568",9,0.175,101,1264.81412072331,"9-0.175-101"
"1569",9,0.2,29,4494.46163504707,"9-0.2-29"
"1570",9,0.2,31,4791.25129861277,"9-0.2-31"
"1571",9,0.2,38,4791.25129861277,"9-0.2-38"
"1572",9,0.2,45,4928.04835898114,"9-0.2-45"
"1573",9,0.2,62,4853.11058829103,"9-0.2-62"
"1574",9,0.2,70,4390.88658386896,"9-0.2-70"
"1575",9,0.2,76,3771.24241530906,"9-0.2-76"
"1576",9,0.2,101,1417.96785427626,"9-0.2-101"
"1577",9,0.225,29,4766.14368099701,"9-0.225-29"
"1578",9,0.225,31,5130.55918327569,"9-0.225-31"
"1579",9,0.225,38,5130.55918327569,"9-0.225-38"
"1580",9,0.225,45,5323.56706181478,"9-0.225-45"
"1581",9,0.225,62,5280.2053240305,"9-0.225-62"
"1582",9,0.225,70,4799.47792234846,"9-0.225-70"
"1583",9,0.225,76,4135.72722611384,"9-0.225-76"
"1584",9,0.225,101,1565.13120433874,"9-0.225-101"
"1585",9,0.25,29,4988.03472296757,"9-0.25-29"
"1586",9,0.25,31,5424.19730551526,"9-0.25-31"
"1587",9,0.25,38,5424.19730551526,"9-0.25-38"
"1588",9,0.25,45,5679.59838187146,"9-0.25-45"
"1589",9,0.25,62,5674.67829577648,"9-0.25-62"
"1590",9,0.25,70,5182.30888537575,"9-0.25-70"
"1591",9,0.25,76,4480.38858726062,"9-0.25-76"
"1592",9,0.25,101,1706.56247351326,"9-0.25-101"
"1593",9,0.275,29,5163.66776228595,"9-0.275-29"
"1594",9,0.275,31,5675.0931334431,"9-0.275-31"
"1595",9,0.275,38,5675.0931334431,"9-0.275-38"
"1596",9,0.275,45,5998.48300177862,"9-0.275-45"
"1597",9,0.275,62,6038.33578773865,"9-0.275-62"
"1598",9,0.275,70,5540.73161133711,"9-0.275-70"
"1599",9,0.275,76,4806.21633271296,"9-0.275-76"
"1600",9,0.275,101,1842.50634641178,"9-0.275-101"
"1601",9,0.3,29,5296.31912176813,"9-0.3-29"
"1602",9,0.3,31,5885.97261874593,"9-0.3-31"
"1603",9,0.3,38,5885.97261874593,"9-0.3-38"
"1604",9,0.3,45,6282.40816848619,"9-0.3-45"
"1605",9,0.3,62,6372.87045638601,"9-0.3-62"
"1606",9,0.3,70,5876.01603474858,"9-0.3-70"
"1607",9,0.3,76,5114.142032339,"9-0.3-76"
"1608",9,0.3,101,1973.19472782277,"9-0.3-101"
"1609",9,0.325,29,5389.02887326504,"9-0.325-29"
"1610",9,0.325,31,6059.37559305646,"9-0.325-31"
"1611",9,0.325,38,6059.37559305646,"9-0.325-38"
"1612",9,0.325,45,6533.41897144953,"9-0.325-45"
"1613",9,0.325,62,6679.86940745436,"9-0.325-62"
"1614",9,0.325,70,6189.35556489066,"9-0.325-70"
"1615",9,0.325,76,5405.04291466223,"9-0.325-76"
"1616",9,0.325,101,2098.84752261621,"9-0.325-101"
"1617",9,0.35,29,5444.61951110873,"9-0.35-29"
"1618",9,0.35,31,6197.66988026352,"9-0.35-31"
"1619",9,0.35,38,6197.66988026352,"9-0.35-38"
"1620",9,0.35,45,6753.42870604759,"9-0.35-45"
"1621",9,0.35,62,6960.82163571685,"9-0.35-62"
"1622",9,0.35,70,6481.87232782129,"9-0.35-70"
"1623",9,0.35,76,5679.74549486598,"9-0.35-76"
"1624",9,0.35,101,2219.67336185703,"9-0.35-101"
"1625",9,0.375,29,5465.71303245457,"9-0.375-29"
"1626",9,0.375,31,6303.06424016954,"9-0.375-31"
"1627",9,0.375,38,6303.06424016954,"9-0.375-38"
"1628",9,0.375,45,6944.22840268336,"9-0.375-45"
"1629",9,0.375,62,7217.12488231131,"9-0.375-62"
"1630",9,0.375,70,6754.62200846768,"9-0.375-70"
"1631",9,0.375,76,5939.02893230592,"9-0.375-76"
"1632",9,0.375,101,2335.87027922451,"9-0.375-101"
"1633",9,0.4,29,5454.74656977402,"9-0.4-29"
"1634",9,0.4,31,6377.6202478465,"9-0.4-31"
"1635",9,0.4,38,6377.6202478465,"9-0.4-38"
"1636",9,0.4,45,7107.49559445046,"9-0.4-45"
"1637",9,0.4,62,7450.09195936278,"9-0.4-62"
"1638",9,0.4,70,7008.59832617587,"9-0.4-70"
"1639",9,0.4,76,6183.62813963229,"9-0.4-76"
"1640",9,0.4,101,2447.62634149655,"9-0.4-101"
"1641",9,0.425,29,5413.98670662281,"9-0.425-29"
"1642",9,0.425,31,6423.26320310013,"9-0.425-31"
"1643",9,0.425,38,6423.26320310013,"9-0.425-38"
"1644",9,0.425,45,7244.80238943843,"9-0.425-45"
"1645",9,0.425,62,7660.95658707681,"9-0.425-62"
"1646",9,0.425,70,7244.73717409443,"9-0.425-70"
"1647",9,0.425,76,6414.23666367305,"9-0.425-76"
"1648",9,0.425,101,2555.12023654863,"9-0.425-101"
"1649",9,0.45,29,5345.5425951222,"9-0.45-29"
"1650",9,0.45,31,6441.79215551024,"9-0.45-31"
"1651",9,0.45,38,6441.79215551024,"9-0.45-38"
"1652",9,0.45,45,7357.62290761143,"9-0.45-45"
"1653",9,0.45,62,7850.8787843616,"9-0.45-62"
"1654",9,0.45,70,7463.92045005437,"9-0.45-70"
"1655",9,0.45,76,6631.50935646327,"9-0.45-76"
"1656",9,0.45,101,2658.52182203556,"9-0.45-101"
"1657",9,0.475,29,5251.37798218998,"9-0.475-29"
"1658",9,0.475,31,6434.88912246597,"9-0.475-31"
"1659",9,0.475,38,6434.88912246597,"9-0.475-38"
"1660",9,0.475,45,7447.3401366603,"9-0.475-45"
"1661",9,0.475,62,8020.94985031744,"9-0.475-62"
"1662",9,0.475,70,7666.97960415011,"9-0.475-70"
"1663",9,0.475,76,6836.064853205,"9-0.475-76"
"1664",9,0.475,101,2757.99263766716,"9-0.475-101"
"1665",9,0.5,29,5133.32224130889,"9-0.5-29"
"1666",9,0.5,31,6404.12757036673,"9-0.5-31"
"1667",9,0.5,38,6404.12757036673,"9-0.5-38"
"1668",9,0.5,45,7515.25225623487,"9-0.5-45"
"1669",9,0.5,62,8172.19697056997,"9-0.5-62"
"1670",9,0.5,70,7854.69892600309,"9-0.5-70"
"1671",9,0.5,76,7028.4878724892,"9-0.5-76"
"1672",9,0.5,101,2853.68638375431,"9-0.5-101"
"1673",9,0.525,29,4993.08049740032,"9-0.525-29"
"1674",9,0.525,31,6350.98022262784,"9-0.525-31"
"1675",9,0.525,38,6350.98022262784,"9-0.525-38"
"1676",9,0.525,45,7562.57847545616,"9-0.525-45"
"1677",9,0.525,62,8305.58747938445,"9-0.525-62"
"1678",9,0.525,70,8027.81859267456,"9-0.525-70"
"1679",9,0.525,76,7209.33135279432,"9-0.525-76"
"1680",9,0.525,101,2945.74936848755,"9-0.525-101"
"1681",10,0.025,29,559.427718669573,"10-0.025-29"
"1682",10,0.025,31,560.806703592408,"10-0.025-31"
"1683",10,0.025,38,560.806703592408,"10-0.025-38"
"1684",10,0.025,45,545.177347075607,"10-0.025-45"
"1685",10,0.025,62,511.93812822944,"10-0.025-62"
"1686",10,0.025,70,448.708241251013,"10-0.025-70"
"1687",10,0.025,76,376.57801463654,"10-0.025-76"
"1688",10,0.025,101,135.039458913848,"10-0.025-101"
"1689",10,0.05,29,1077.07991720301,"10-0.05-29"
"1690",10,0.05,31,1085.20198447807,"10-0.05-31"
"1691",10,0.05,38,1085.20198447807,"10-0.05-38"
"1692",10,0.05,45,1060.0036060292,"10-0.05-45"
"1693",10,0.05,62,999.508460086641,"10-0.05-62"
"1694",10,0.05,70,878.580337992693,"10-0.05-70"
"1695",10,0.05,76,738.934027230044,"10-0.05-76"
"1696",10,0.05,101,266.189695542769,"10-0.05-101"
"1697",10,0.075,29,1555.05282774159,"10-0.075-29"
"1698",10,0.075,31,1574.87072463566,"10-0.075-31"
"1699",10,0.075,38,1574.87072463566,"10-0.075-38"
"1700",10,0.075,45,1545.79061235141,"10-0.075-45"
"1701",10,0.075,62,1463.70193160351,"10-0.075-62"
"1702",10,0.075,70,1290.34546147905,"10-0.075-70"
"1703",10,0.075,76,1087.59371804153,"10-0.075-76"
"1704",10,0.075,101,393.574035128111,"10-0.075-101"
"1705",10,0.1,29,1995.33171598846,"10-0.1-29"
"1706",10,0.1,31,2031.41289717739,"10-0.1-31"
"1707",10,0.1,38,2031.41289717739,"10-0.1-38"
"1708",10,0.1,45,2003.78705516784,"10-0.1-45"
"1709",10,0.1,62,1905.46365924893,"10-0.1-62"
"1710",10,0.1,70,1684.7002042478,"10-0.1-70"
"1711",10,0.1,76,1423.06002028464,"10-0.1-76"
"1712",10,0.1,101,517.311068142537,"10-0.1-101"
"1713",10,0.125,29,2399.7972775611,"10-0.125-29"
"1714",10,0.125,31,2456.34828952126,"10-0.125-31"
"1715",10,0.125,38,2456.34828952126,"10-0.125-38"
"1716",10,0.125,45,2435.18187090002,"10-0.125-45"
"1717",10,0.125,62,2325.69532487931,"10-0.125-62"
"1718",10,0.125,70,2062.31022763613,"10-0.125-70"
"1719",10,0.125,76,1745.81424062519,"10-0.125-76"
"1720",10,0.125,101,637.514861459809,"10-0.125-101"
"1721",10,0.15,29,2770.23163721959,"10-0.15-29"
"1722",10,0.15,31,2851.12094086358,"10-0.15-31"
"1723",10,0.15,38,2851.12094086358,"10-0.15-38"
"1724",10,0.15,45,2841.10743686429,"10-0.15-45"
"1725",10,0.15,62,2725.25742367832,"10-0.15-62"
"1726",10,0.15,70,2423.81181699888,"10-0.15-70"
"1727",10,0.15,76,2056.31711835736,"10-0.15-76"
"1728",10,0.15,101,754.295158928477,"10-0.15-101"
"1729",10,0.175,29,3108.32397727938,"10-0.175-29"
"1730",10,0.175,31,3217.10331249245,"10-0.175-31"
"1731",10,0.175,38,3217.10331249245,"10-0.175-38"
"1732",10,0.175,45,3222.64257752485,"10-0.175-45"
"1733",10,0.175,62,3104.97138361369,"10-0.175-62"
"1734",10,0.175,70,2769.81335025237,"10-0.175-70"
"1735",10,0.175,76,2355.00982691511,"10-0.175-76"
"1736",10,0.175,101,867.757571934325,"10-0.175-101"
"1737",10,0.2,29,3415.67581967528,"10-0.2-29"
"1738",10,0.2,31,3555.60020820781,"10-0.2-31"
"1739",10,0.2,38,3555.60020820781,"10-0.2-38"
"1740",10,0.2,45,3580.81539525813,"10-0.2-45"
"1741",10,0.2,62,3465.62156437297,"10-0.2-62"
"1742",10,0.2,70,3100.89668500057,"10-0.2-70"
"1743",10,0.2,76,2642.31492114368,"10-0.2-76"
"1744",10,0.2,101,978.003760501589,"10-0.2-101"
"1745",10,0.225,29,3693.80598443534,"10-0.225-29"
"1746",10,0.225,31,3867.85246092913,"10-0.225-31"
"1747",10,0.225,38,3867.85246092913,"10-0.225-38"
"1748",10,0.225,45,3916.60593668641,"10-0.225-45"
"1749",10,0.225,62,3807.95714321257,"10-0.225-62"
"1750",10,0.225,70,3417.61846915822,"10-0.225-70"
"1751",10,0.225,76,2918.63723353687,"10-0.225-76"
"1752",10,0.225,101,1085.13160545014,"10-0.225-101"
"1753",10,0.25,29,3944.15524574145,"10-0.25-29"
"1754",10,0.25,31,4155.04040047418,"10-0.25-31"
"1755",10,0.25,38,4155.04040047418,"10-0.25-38"
"1756",10,0.25,45,4230.94870489741,"10-0.25-45"
"1757",10,0.25,62,4132.69389466504,"10-0.25-62"
"1758",10,0.25,70,3720.51137966754,"10-0.25-70"
"1759",10,0.25,76,3184.36472244255,"10-0.25-76"
"1760",10,0.25,101,1189.23537209533,"10-0.25-101"
"1761",10,0.275,29,4168.09070528579,"10-0.275-29"
"1762",10,0.275,31,4418.28711647206,"10-0.275-31"
"1763",10,0.275,38,4418.28711647206,"10-0.275-38"
"1764",10,0.275,45,4524.73502717625,"10-0.275-45"
"1765",10,0.275,62,4440.51587059308,"10-0.275-62"
"1766",10,0.275,70,4010.08529360903,"10-0.275-70"
"1767",10,0.275,76,3439.86927504865,"10-0.275-76"
"1768",10,0.275,101,1290.40586594834,"10-0.275-101"
"1769",10,0.3,29,4366.90990127135,"10-0.3-29"
"1770",10,0.3,31,4658.66152942749,"10-0.3-31"
"1771",10,0.3,38,4658.66152942749,"10-0.3-38"
"1772",10,0.3,45,4798.81528723621,"10-0.3-45"
"1773",10,0.3,62,4732.07698665476,"10-0.3-62"
"1774",10,0.3,70,4286.8283957304,"10-0.3-70"
"1775",10,0.3,76,3685.50746778474,"10-0.3-76"
"1776",10,0.3,101,1388.73058084825,"10-0.3-101"
"1777",10,0.325,29,4541.84467014256,"10-0.325-29"
"1778",10,0.325,31,4877.18128207387,"10-0.325-31"
"1779",10,0.325,38,4877.18128207387,"10-0.325-38"
"1780",10,0.325,45,5054.00103033774,"10-0.325-45"
"1781",10,0.325,62,5008.0025208491,"10-0.325-62"
"1782",10,0.325,70,4551.20822616051,"10-0.325-70"
"1783",10,0.325,76,3921.62128660878,"10-0.325-76"
"1784",10,0.325,101,1484.29383993149,"10-0.325-101"
"1785",10,0.35,29,4694.06477696092,"10-0.35-29"
"1786",10,0.35,31,5074.81546233606,"10-0.35-31"
"1787",10,0.35,38,5074.81546233606,"10-0.35-38"
"1788",10,0.35,45,5291.06694913193,"10-0.35-45"
"1789",10,0.35,62,5268.89052944392,"10-0.35-62"
"1790",10,0.35,70,4803.67267183575,"10-0.35-70"
"1791",10,0.35,76,4148.5388094949,"10-0.35-76"
"1792",10,0.35,101,1577.1769298212,"10-0.35-101"
"1793",10,0.375,29,4824.68132925292,"10-0.375-29"
"1794",10,0.375,31,5252.48716846498,"10-0.375-31"
"1795",10,0.375,38,5252.48716846498,"10-0.375-38"
"1796",10,0.375,45,5510.75275754821,"10-0.375-45"
"1797",10,0.375,62,5515.31318524462,"10-0.375-62"
"1798",10,0.375,70,5044.65090494186,"10-0.375-70"
"1799",10,0.375,76,4366.57485329324,"10-0.375-76"
"1800",10,0.375,101,1667.45822839633,"10-0.375-101"
"1801",10,0.4,29,4934.7499881487,"10-0.4-29"
"1802",10,0.4,31,5411.07592620071,"10-0.4-31"
"1803",10,0.4,38,5411.07592620071,"10-0.4-38"
"1804",10,0.4,45,5713.76495956685,"10-0.4-45"
"1805",10,0.4,62,5747.8180428441,"10-0.4-62"
"1806",10,0.4,70,5274.55427146642,"10-0.4-70"
"1807",10,0.4,76,4576.03158699894,"10-0.4-76"
"1808",10,0.4,101,1755.21332648008,"10-0.4-101"
"1809",10,0.425,29,5025.27398969266,"10-0.425-29"
"1810",10,0.425,31,5551.41996716506,"10-0.425-31"
"1811",10,0.425,38,5551.41996716506,"10-0.425-38"
"1812",10,0.425,45,5900.7785192697,"10-0.425-45"
"1813",10,0.425,62,5966.9292351961,"10-0.425-62"
"1814",10,0.425,70,5493.77713276195,"10-0.425-70"
"1815",10,0.425,76,4777.19911334154,"10-0.425-76"
"1816",10,0.425,101,1840.51514376736,"10-0.425-101"
"1817",10,0.45,29,5097.20698833662,"10-0.45-29"
"1818",10,0.45,31,5674.31837707519,"10-0.45-31"
"1819",10,0.45,38,5674.31837707519,"10-0.45-38"
"1820",10,0.45,45,6072.43843814749,"10-0.45-45"
"1821",10,0.45,62,6173.14860557755,"10-0.45-62"
"1822",10,0.45,70,5702.69766283864,"10-0.45-70"
"1823",10,0.45,76,4970.35602048874,"10-0.45-76"
"1824",10,0.45,101,1923.43403929299,"10-0.45-101"
"1825",10,0.475,29,5151.45573381753,"10-0.475-29"
"1826",10,0.475,31,5780.53312180206,"10-0.475-31"
"1827",10,0.475,38,5780.53312180206,"10-0.475-38"
"1828",10,0.475,45,6229.36124525419,"10-0.475-45"
"1829",10,0.475,62,6366.95677874673,"10-0.475-62"
"1830",10,0.475,70,5901.67860393569,"10-0.475-70"
"1831",10,0.475,76,5155.7699055486,"10-0.475-76"
"1832",10,0.475,101,2004.03791672497,"10-0.475-101"
"1833",10,0.5,29,5188.88259187012,"10-0.5-29"
"1834",10,0.5,31,5870.79095877053,"10-0.5-31"
"1835",10,0.5,38,5870.79095877053,"10-0.5-38"
"1836",10,0.5,45,6372.13640543863,"10-0.5-45"
"1837",10,0.5,62,6548.81417486316,"10-0.5-62"
"1838",10,0.5,70,6091.06798276213,"10-0.5-70"
"1839",10,0.5,76,5333.697871452,"10-0.5-76"
"1840",10,0.5,101,2082.39232475111,"10-0.5-101"
"1841",10,0.525,29,5210.30791852617,"10-0.525-29"
"1842",10,0.525,31,5945.78524070644,"10-0.525-31"
"1843",10,0.525,38,5945.78524070644,"10-0.525-38"
"1844",10,0.525,45,6501.32765054755,"10-0.525-45"
"1845",10,0.525,62,6719.16196951051,"10-0.525-62"
"1846",10,0.525,70,6271.1997896506,"10-0.525-70"
"1847",10,0.525,76,5504.38699870109,"10-0.525-76"
"1848",10,0.525,101,2158.56055281233,"10-0.525-101"
"1849",11,0.025,29,280.637557650931,"11-0.025-29"
"1850",11,0.025,31,280.645961512408,"11-0.025-31"
"1851",11,0.025,38,280.645961512408,"11-0.025-38"
"1852",11,0.025,45,272.304347238373,"11-0.025-45"
"1853",11,0.025,62,255.295098867284,"11-0.025-62"
"1854",11,0.025,70,223.562439291564,"11-0.025-70"
"1855",11,0.025,76,187.506506858881,"11-0.025-76"
"1856",11,0.025,101,67.1563879008549,"11-0.025-101"
"1857",11,0.05,29,549.920442808048,"11-0.05-29"
"1858",11,0.05,31,551.316792199425,"11-0.05-31"
"1859",11,0.05,38,551.316792199425,"11-0.05-38"
"1860",11,0.05,45,536.221674409887,"11-0.05-45"
"1861",11,0.05,62,503.787250552681,"11-0.05-62"
"1862",11,0.05,70,441.823998726458,"11-0.05-70"
"1863",11,0.05,76,370.981774609828,"11-0.05-76"
"1864",11,0.05,101,133.187072334252,"11-0.05-101"
"1865",11,0.075,29,808.152155376415,"11-0.075-29"
"1866",11,0.075,31,812.258433943904,"11-0.075-31"
"1867",11,0.075,38,812.258433943904,"11-0.075-38"
"1868",11,0.075,45,791.944921198793,"11-0.075-45"
"1869",11,0.075,62,745.623301062958,"11-0.075-62"
"1870",11,0.075,70,654.893432897239,"11-0.075-70"
"1871",11,0.075,76,550.504711216591,"11-0.075-76"
"1872",11,0.075,101,198.111001554246,"11-0.075-101"
"1873",11,0.1,29,1055.62775075842,"11-0.1-29"
"1874",11,0.1,31,1063.71032942686,"11-0.1-31"
"1875",11,0.1,38,1063.71032942686,"11-0.1-38"
"1876",11,0.1,45,1039.66216597946,"11-0.1-45"
"1877",11,0.1,62,980.946550031282,"11-0.1-62"
"1878",11,0.1,70,862.876962805845,"11-0.1-70"
"1879",11,0.1,76,726.15244725703,"11-0.1-76"
"1880",11,0.1,101,261.946746546745,"11-0.1-101"
"1881",11,0.125,29,1292.63409383881,"11-0.125-29"
"1882",11,0.125,31,1305.90561050341,"11-0.125-31"
"1883",11,0.125,38,1305.90561050341,"11-0.125-38"
"1884",11,0.125,45,1279.55676177784,"11-0.125-45"
"1885",11,0.125,62,1209.89684667758,"11-0.125-62"
"1886",11,0.125,70,1065.87834241548,"11-0.125-70"
"1887",11,0.125,76,898.00038135748,"11-0.125-76"
"1888",11,0.125,101,324.712509731223,"11-0.125-101"
"1889",11,0.15,29,1519.45010475133,"11-0.15-29"
"1890",11,0.15,31,1539.07128064745,"11-0.15-31"
"1891",11,0.15,38,1539.07128064745,"11-0.15-38"
"1892",11,0.15,45,1511.80746806592,"11-0.15-45"
"1893",11,0.15,62,1432.61068290537,"11-0.15-62"
"1894",11,0.15,70,1263.99892326689,"11-0.15-70"
"1895",11,0.15,76,1066.12222433689,"11-0.15-76"
"1896",11,0.15,101,386.426133436464,"11-0.15-101"
"1897",11,0.175,29,1736.34699671043,"11-0.175-29"
"1898",11,0.175,31,1763.42839166532,"11-0.175-31"
"1899",11,0.175,38,1763.42839166532,"11-0.175-38"
"1900",11,0.175,45,1736.58857852684,"11-0.175-45"
"1901",11,0.175,62,1649.22128362752,"11-0.175-62"
"1902",11,0.175,70,1457.33771722022,"11-0.175-70"
"1903",11,0.175,76,1230.59004210064,"11-0.175-76"
"1904",11,0.175,101,447.105108156749,"11-0.175-101"
"1905",11,0.2,29,1943.58850618174,"11-0.2-29"
"1906",11,0.2,31,1979.19221487184,"11-0.2-31"
"1907",11,0.2,38,1979.19221487184,"11-0.2-38"
"1908",11,0.2,45,1954.07004492368,"11-0.2-45"
"1909",11,0.2,62,1859.85869441067,"11-0.2-62"
"1910",11,0.2,70,1645.99145738165,"11-0.2-70"
"1911",11,0.2,76,1391.47429732284,"11-0.2-76"
"1912",11,0.2,101,506.76658059481,"11-0.2-101"
"1913",11,0.225,29,2141.43111565418,"11-0.225-29"
"1914",11,0.225,31,2186.57240691484,"11-0.225-31"
"1915",11,0.225,38,2186.57240691484,"11-0.225-38"
"1916",11,0.225,45,2164.41759720013,"11-0.225-45"
"1917",11,0.225,62,2064.64986652434,"11-0.225-62"
"1918",11,0.225,70,1830.05465727211,"11-0.225-70"
"1919",11,0.225,76,1548.84388995419,"11-0.225-76"
"1920",11,0.225,101,565.427361497566,"11-0.225-101"
"1921",11,0.25,29,2330.1242692679,"11-0.25-29"
"1922",11,0.25,31,2385.77317042787,"11-0.25-31"
"1923",11,0.25,38,2385.77317042787,"11-0.25-38"
"1924",11,0.25,45,2367.79285993679,"11-0.25-45"
"1925",11,0.25,62,2263.71873947837,"11-0.25-62"
"1926",11,0.25,70,2009.61966829308,"11-0.25-70"
"1927",11,0.25,76,1702.76619659188,"11-0.25-76"
"1928",11,0.25,101,623.103933290571,"11-0.25-101"
"1929",11,0.275,29,2509.91058154244,"11-0.275-29"
"1930",11,0.275,31,2576.99340968437,"11-0.275-31"
"1931",11,0.275,38,2576.99340968437,"11-0.275-38"
"1932",11,0.275,45,2564.35346528256,"11-0.275-45"
"1933",11,0.275,62,2457.18632112899,"11-0.275-62"
"1934",11,0.275,70,2184.77673554308,"11-0.275-70"
"1935",11,0.275,76,1853.3071087461,"11-0.275-76"
"1936",11,0.275,101,679.812457516839,"11-0.275-101"
"1937",11,0.3,29,2681.02603944087,"11-0.3-29"
"1938",11,0.3,31,2760.42688142032,"11-0.3-31"
"1939",11,0.3,38,2760.42688142032,"11-0.3-38"
"1940",11,0.3,45,2754.25316247639,"11-0.3-45"
"1941",11,0.3,62,2645.17076543158,"11-0.3-62"
"1942",11,0.3,70,2355.61405203638,"11-0.3-70"
"1943",11,0.3,76,2000.53107003723,"11-0.3-76"
"1944",11,0.3,101,735.568782085605,"11-0.3-101"
"1945",11,0.325,29,2843.70019799703,"11-0.325-29"
"1946",11,0.325,31,2936.26234098653,"11-0.325-31"
"1947",11,0.325,38,2936.26234098653,"11-0.325-38"
"1948",11,0.325,45,2937.64192407051,"11-0.325-45"
"1949",11,0.325,62,2827.78744791477,"11-0.325-62"
"1950",11,0.325,70,2522.21781137367,"11-0.325-70"
"1951",11,0.325,76,2144.50111235607,"11-0.325-76"
"1952",11,0.325,101,790.388448336339,"11-0.325-101"
"1953",11,0.35,29,2998.15636972505,"11-0.35-29"
"1954",11,0.35,31,3104.68368398596,"11-0.35-31"
"1955",11,0.35,38,3104.68368398596,"11-0.35-38"
"1956",11,0.35,45,3114.66604896275,"11-0.35-45"
"1957",11,0.35,62,3005.14903894888,"11-0.35-62"
"1958",11,0.35,70,2684.672258913,"11-0.35-70"
"1959",11,0.35,76,2285.27889101904,"11-0.35-76"
"1960",11,0.35,101,844.28669792326,"11-0.35-101"
"1961",11,0.375,29,3144.61180802199,"11-0.375-29"
"1962",11,0.375,31,3265.8700835461,"11-0.375-31"
"1963",11,0.375,38,3265.8700835461,"11-0.375-38"
"1964",11,0.375,45,3285.46826234127,"11-0.375-45"
"1965",11,0.375,62,3177.36557487844,"11-0.375-62"
"1966",11,0.375,70,2843.05974148761,"11-0.375-70"
"1967",11,0.375,76,2422.92471894858,"11-0.375-76"
"1968",11,0.375,101,897.278479525336,"11-0.375-101"
"1969",11,0.4,29,3283.2778847674,"11-0.4-29"
"1970",11,0.4,31,3419.99612337096,"11-0.4-31"
"1971",11,0.4,38,3419.99612337096,"11-0.4-38"
"1972",11,0.4,45,3450.18781264214,"11-0.4-45"
"1973",11,0.4,62,3344.54452708662,"11-0.4-62"
"1974",11,0.4,70,2997.46075571545,"11-0.4-70"
"1975",11,0.4,76,2557.4975999085,"11-0.4-76"
"1976",11,0.4,101,949.378455386686,"11-0.4-101"
"1977",11,0.425,29,3414.36026231573,"11-0.425-29"
"1978",11,0.425,31,3567.23192671222,"11-0.425-31"
"1979",11,0.425,38,3567.23192671222,"11-0.425-38"
"1980",11,0.425,45,3608.96056561593,"11-0.425-45"
"1981",11,0.425,62,3506.79086905682,"11-0.425-62"
"1982",11,0.425,70,3147.95399494414,"11-0.425-70"
"1983",11,0.425,76,2689.05526082276,"11-0.425-76"
"1984",11,0.425,101,1000.60100769209,"11-0.425-101"
"1985",11,0.45,29,3538.05906007103,"11-0.45-29"
"1986",11,0.45,31,3707.74328139428,"11-0.45-31"
"1987",11,0.45,38,3707.74328139428,"11-0.45-38"
"1988",11,0.45,45,3761.91909559698,"11-0.45-45"
"1989",11,0.45,62,3664.20714149481,"11-0.45-62"
"1990",11,0.45,70,3294.61639487329,"11-0.45-70"
"1991",11,0.45,76,2817.65418320536,"11-0.45-76"
"1992",11,0.45,101,1050.96024478222,"11-0.45-101"
"1993",11,0.475,29,3654.56901582611,"11-0.475-29"
"1994",11,0.475,31,3841.69176102298,"11-0.475-31"
"1995",11,0.475,38,3841.69176102298,"11-0.475-38"
"1996",11,0.475,45,3909.19277406513,"11-0.475-45"
"1997",11,0.475,62,3816.89351557217,"11-0.475-62"
"1998",11,0.475,70,3437.52317789501,"11-0.475-70"
"1999",11,0.475,76,2943.34963372817,"11-0.475-76"
"2000",11,0.475,101,1100.47000721304,"11-0.475-101"
"2001",11,0.5,29,3764.07964204226,"11-0.5-29"
"2002",11,0.5,31,3969.23484250345,"11-0.5-31"
"2003",11,0.5,38,3969.23484250345,"11-0.5-38"
"2004",11,0.5,45,4050.90785558696,"11-0.5-45"
"2005",11,0.5,62,3964.94785435023,"11-0.5-62"
"2006",11,0.5,70,3576.74789619174,"11-0.5-70"
"2007",11,0.5,76,3066.19569395243,"11-0.5-76"
"2008",11,0.5,101,1149.14387366369,"11-0.5-101"
"2009",11,0.525,29,3866.77537723906,"11-0.525-29"
"2010",11,0.525,31,4090.5260199881,"11-0.525-31"
"2011",11,0.525,38,4090.5260199881,"11-0.525-38"
"2012",11,0.525,45,4187.18756122053,"11-0.525-45"
"2013",11,0.525,62,4108.46577244142,"11-0.525-62"
"2014",11,0.525,70,3712.36247362964,"11-0.525-70"
"2015",11,0.525,76,3186.24528924912,"11-0.525-76"
"2016",11,0.525,101,1196.995166697,"11-0.525-101"
