"","Label","Selectivity","year","1","2","3","4","5","6","7","8","9","10","11","12","13","14","15","16","17","18","CatchTotal","RevenueTotal","Biomass","Profit"
"1","101-0.579336",101,0,497.3195,384.9299,252.3379,141.6849,79.56998,44.69591,25.11237,14.11297,7.933598,4.461228,2.50948,1.41212,0.7949381,0.4476985,0.2522591,0.1422124,0.08021953,0.1042105,17.5133067529676,75.4823521052902,1632713.66051762,0
"2","101-0.579336",101,1,496.485583667162,384.226674533801,297.395005435397,194.955058419875,109.465078201547,61.4753871668436,34.5318469606804,19.4016973289051,10.9036133328681,6.12945998825306,3.44672348214193,1.40598701843035,0.791168843133184,0.445380177987346,0.250832156132242,0.141333272184246,0.07967737868396,0.103330661327733,20.0628377459079,86.4708306848631,2125825.03200716,10.988478579573
"3","101-0.579336",101,2,441.10294375998,383.582394751075,296.851696793115,229.765963251801,150.621348610323,84.5721975007271,47.4955910170308,26.6791403176678,14.9896588510938,8.42407967371144,4.7355915623145,1.93109667023072,0.787732715939022,0.443268375453007,0.249533269249568,0.140533797968833,0.0791848295118245,0.10253396262366,25.1975788099224,108.601564670765,2664696.07083701,33.1192125654752
"4","101-0.579336",101,3,520.422049615421,340.794031217291,296.353929304838,229.346205585212,177.516087708797,116.369335789851,65.3400765578672,36.6948671658587,20.6121766061418,11.5809389592645,6.50840379079834,2.65321112788405,1.08193603841372,0.441343215567825,0.248350089089228,0.139806070274071,0.0787369078832634,0.101811635377582,33.2378942073623,143.255324033732,3199103.29393964,67.7729719284414
"5","101-0.579336",101,4,587.005169486115,402.075594216189,263.295843648979,228.961632797071,177.19178493695,137.148082986092,89.9063939946889,50.4814316141099,28.3502794151395,15.9248693692511,8.94737822324909,3.64646510056479,1.48651529518463,0.606176588289864,0.247271479254932,0.13914316961501,0.0783291836966644,0.101155979733354,44.8784898892703,193.426291422755,3705483.75242926,117.943939317465
"6","101-0.579336",101,5,637.869448688751,453.517395167092,310.641687037988,203.421113436772,176.894665834435,136.897528210804,105.95995500766,69.4612513362236,39.0017133749933,21.9032907050359,12.3034781466091,5.01294994615402,2.04300595922398,0.832850314697762,0.339622716264702,0.138538856599974,0.0779577801703763,0.100560199636361,61.2350691424643,263.923148004021,4187077.69333958,188.440795898731
"7","101-0.579336",101,6,673.678168083705,492.814894763604,350.385377183649,240.000286299202,157.162182351133,136.667975408832,105.766377582891,81.8641560331828,53.6654315985474,30.1325377975208,16.9223779661628,6.893272931314,2.80860678241455,1.14463548513826,0.466621264469405,0.190280508405018,0.077619201558788,0.100018315413824,83.9417969495613,361.789144852609,4654078.63141686,286.306792747319
"8","101-0.579336",101,7,701.040717605333,520.480540636001,380.746438005638,270.706071812074,185.423076899061,121.422752752005,105.589026182571,81.7145990377626,63.2478566316946,41.4616565819982,23.2802550336464,9.48110514584558,3.86209583496373,1.57357885934547,0.641305223767121,0.261434018349434,0.106608510399677,0.0995250182705952,115.308424817814,496.97931096478,5110718.24707197,421.49695885949
"9","101-0.579336",101,8,725.606573643317,541.620715934699,402.12078409981,294.162882644852,209.146220384404,143.256985134811,93.8106398454972,81.5775781914679,63.1323096101048,48.8649924746298,32.0330781905066,13.04323459962,5.31198126920001,2.16381744739664,0.881629440647533,0.359304246086098,0.146473706096636,0.115490486225689,158.551649263256,683.357608324633,5551896.07020577,607.875256219343
"10","101-0.579336",101,9,747.554771202224,560.600179182271,418.45358274149,310.676600526613,227.268840594242,161.585372682176,110.679663681168,72.4776530655313,63.0264479575582,48.7757213966653,37.7528602028399,17.9471811276506,7.30773647345559,2.97614514028419,1.21232256933419,0.493950758171589,0.201307484285173,0.146770746807617,200.542575037036,864.338498409625,5965191.27150819,788.856146304335
"11","101-0.579336",101,10,766.425011255131,577.557251969624,433.117025554512,323.295242884137,240.02726029405,175.586822649581,124.84008851247,85.5105804512687,55.9958891927296,48.6939331886449,37.6838897936395,21.1518048973527,10.0552718821807,4.09430743253125,1.66744561909405,0.679228284199912,0.276745920960949,0.195017881917633,225.594649878744,972.312940977388,6349983.21301488,896.830588872098
"12","101-0.579336",101,11,782.493869750101,592.136309463213,446.217979140511,334.624148887751,249.776363215135,185.443916878871,135.657541999871,96.4508571605412,66.0650667513461,43.2621570078907,37.6207006140803,21.1131628280827,11.8507272829627,5.63366981730627,2.29391870012984,0.934220194775327,0.380551409110969,0.264315229694048,240.289892377294,1035.64943614614,6719401.57682207,960.167084040848
"13","101-0.579336",101,12,796.69783282038,604.551032921828,457.481689448671,344.745883164347,258.529021978515,192.976027313022,143.27308600385,104.808370148446,74.5174723748605,51.0415555809159,33.4241362349577,21.0777598098616,11.8290772806679,6.63961008607517,3.1563776675867,1.28521443235936,0.523415793793766,0.361299601024382,237.268539491374,1022.62740520782,7077584.77878336,947.145053102531
"14","101-0.579336",101,13,809.476146158547,615.524947066948,467.073245600723,353.448172044266,266.349025621267,199.738289741868,149.092358612977,110.69210313582,80.9744470615872,57.5718438654769,39.4344624811364,18.7265495834188,11.8092420223546,6.62748023360552,3.71997608606599,1.76842454448346,0.720067427433805,0.495679726524935,251.874173856347,1085.57768932086,7435003.83381204,1010.09533721557
"15","101-0.579336",101,14,821.372935834789,625.397411026384,475.551639346794,360.858562595827,273.072372518309,205.779987271317,154.316850323759,115.188045407962,85.5201911146229,62.5604717222771,44.479732074072,22.093956647296,10.4919288515067,6.61636712822284,3.71318009043829,2.08419197837007,0.990795683813917,0.681146977126588,274.695447514508,1183.93737878753,7767315.64280957,1108.45502668224
"16","101-0.579336",101,15,831.680410793021,634.588814007628,483.179057931001,367.408929179966,278.797604926495,210.974413027772,158.984637028844,119.224462793895,88.993734677908,66.0724919040309,48.3339221709916,24.9206711666979,12.3785868912528,5.878315732149,3.70695374796794,2.08038438411554,1.16771078689807,0.936739753591278,299.185716196073,1289.49043680508,8064282.48742641,1214.00808469979
"17","101-0.579336",101,16,840.304742860042,642.552320015419,490.280292050683,373.301836411409,283.858386917954,215.397700289041,162.997825601815,122.830772546735,92.112251505073,68.7561350995407,51.0472922184779,27.0800592641651,13.9623109771541,6.93535412739431,3.29344549852415,2.07689594958503,1.16557750506546,1.17906105681526,321.460789836693,1385.49600419615,8324777.03428794,1310.01365209086
"18","101-0.579336",101,17,847.441811124316,649.215437850507,496.432858823158,378.78821603435,288.411218948215,219.307636326375,166.41523625011,125.931342903759,94.8984692256182,71.1654863314536,53.120662156005,28.6002798130291,15.1721519134404,7.82266763678779,3.8856726777395,1.84521957410811,1.16362303893521,1.31363126261834,340.57030046723,1467.85799501376,8552412.08997882,1392.37564290847
"19","101-0.579336",101,18,853.383593580673,654.729502762706,501.580751893513,383.541659787983,292.649969686428,222.825132645538,169.436034190397,128.571618076783,97.2939551002665,73.3181048579586,54.9821154302518,29.7619273322629,16.0238862794661,8.50050553578846,4.38280805059966,2.1770268512884,1.03382165522322,1.38793191790133,357.160946003484,1539.36367727502,8751637.12792772,1463.88132516973
"20","101-0.579336",101,19,858.385179403945,659.320095558704,505.840892154207,387.518897429536,296.322457666573,226.099971255971,172.153635075536,130.905472162607,99.3338191103956,75.1688458232914,56.6452182403746,30.8048442469248,16.6747228400422,8.97770697265307,4.76258046823002,2.455557017157,1.21972340552058,1.35683651021344,371.682580151738,1601.95192045399,8925889.51661875,1526.4695683487
"21","101-0.579336",101,20,862.620511200305,663.184296918738,509.387562260939,390.810261483055,299.395252505393,228.937317959402,174.683759771877,133.005077649235,101.136943649537,76.7448350316637,58.0750918860557,31.7366312949777,17.2590381736236,9.34235134331546,5.029942242545,2.66833220928692,1.37577557467614,1.44356990042958,384.321004582748,1656.42352975164,9077946.98420247,1580.94117764635
"22","101-0.579336",101,21,866.215133365432,666.456494070997,512.373025807602,393.550401897373,301.93814468027,231.311344601117,176.875880306782,134.959839926264,102.759088837811,78.137920453499,59.2926936342961,32.5377469778376,17.7810907476644,9.66972584866532,5.23424163982851,2.81812706077462,1.49498718743205,1.57959542951886,395.2361162433,1703.46766100862,9210252.68716902,1627.98530890333
"23","101-0.579336",101,22,869.267895840352,669.233682016999,514.901109725951,395.856956799153,304.055164099675,233.275970971188,178.710041971065,136.653461799735,104.269328852946,79.3911820917451,60.3689847891238,33.2199330289893,18.2299320416225,9.96221638138106,5.41765983988867,2.93258993772672,1.57891278820169,1.72259720998955,404.72627354354,1744.37023897266,9325075.77265806,1668.88788686737
"24","101-0.579336",101,23,871.861851780034,671.592231749878,517.046751891698,397.810142380836,305.837197419384,234.911570080899,180.227902937454,138.070526356474,105.577813037382,80.5579863267753,61.3372487554152,33.8229469568704,18.6121405996001,10.2136888109842,5.58153358744278,3.03535370082842,1.64304293432234,1.84973787345382,413.066751770131,1780.31770012926,9424389.66144404,1704.83534802397
"25","101-0.579336",101,24,874.064696016392,673.596309741172,518.868956170007,399.467855287899,307.346219287212,236.288360527161,181.491559011255,139.243218502107,106.672630357506,81.5689149689577,62.2387161442017,34.3654364634692,18.9499913712873,10.4278289001061,5.72242611159727,3.12716728839342,1.70061841485458,1.95690122015555,420.538517197142,1812.52100911968,9509913.00367995,1737.03865701439
"26","29-0.579336",29,0,497.3195,384.9299,252.3379,141.6849,79.56998,44.69591,25.11237,14.11297,7.933598,4.461228,2.50948,1.41212,0.7949381,0.4476985,0.2522591,0.1422124,0.08021953,0.1042105,395.261182269364,1449.32146124618,1632713.66051762,0
"27","29-0.579336",29,1,496.485583667162,384.226674533801,215.664776131187,141.377421480934,79.3818361204719,44.580693584632,25.0417892300122,14.0697141328162,7.90707740707116,4.44495903431984,2.49949338279563,1.40598701843035,0.791168843133184,0.445380177987346,0.250832156132242,0.141333272184246,0.07967737868396,0.103330661327733,385.132818154538,1415.84885650191,1591166.87763457,-33.4726047442696
"28","29-0.579336",29,2,361.309062706197,383.582394751075,215.270779814618,120.830560742917,79.2095650498706,44.4752821638542,24.9772368987255,14.0301698262852,7.88284243100786,4.43010033475698,2.49037836512281,1.4003918137874,0.787732715939022,0.443268375453007,0.249533269249568,0.140533797968833,0.0791848295118245,0.10253396262366,373.901632557277,1378.83992456471,1541819.78380091,-70.4815366814676
"29","29-0.579336",29,3,354.977722948136,279.145659163831,214.909809011602,120.609816323194,67.6977699898789,44.3787638059009,24.9181780143319,13.9940030746878,7.86068693200587,4.41652219835543,2.48205347761777,1.39528494044283,0.784597889164773,0.441343215567825,0.248350089089228,0.139806070274071,0.0787369078832634,0.101811635377582,355.481725349028,1329.54766370032,1466143.39294776,-119.773797545856
"30","29-0.579336",29,4,345.830956626013,274.254096253904,156.397011745672,120.407575116621,67.5740934558873,37.9290473653718,24.8641016485819,13.9609141380235,7.84042377659331,4.40410913111295,2.47444605157132,1.39062075353479,0.781736659895266,0.43958686534801,0.247271479254932,0.13914316961501,0.0783291836966644,0.101155979733354,332.288839195138,1246.75244106345,1370829.01102382,-202.569020182732
"31","29-0.579336",29,5,338.078577545635,267.187348204235,153.656414509913,87.6245948306874,67.4607837219846,37.8597550812027,21.25051732516,13.9306167583877,7.82188502936135,4.39275628771014,2.46749137912849,1.38635853894651,0.779123454671781,0.437983803674006,0.24628744845617,0.138538856599974,0.0779577801703763,0.100560199636361,308.452981201419,1164.49778663875,1272912.46683948,-284.823674607429
"32","29-0.579336",29,6,322.433138716036,261.19789708925,149.697125724845,86.0891196979014,49.0934547504524,37.7962710068411,21.2116949189168,11.9060329208059,7.80491030851861,4.38236957893138,2.46113071857466,1.38246204279112,0.776735462585421,0.436519702497381,0.245389300671214,0.137987533406008,0.077619201558788,0.100018315413824,287.009938531548,1075.68151797052,1184613.8622111,-373.639943275661
"33","29-0.579336",29,7,302.552248048519,249.110305645281,146.341414376202,83.8708479308333,48.233173694688,27.5056027818647,21.1761266799074,11.8842818810678,6.67059619030935,4.37285914762834,2.45531135452029,1.37889835383271,0.774552371661463,0.435181781544221,0.244569008320606,0.137484327910734,0.0773103115681619,0.0995250182705952,268.661106819256,1002.15372213413,1108898.19532322,-447.167739112047
"34","29-0.579336",29,8,285.375057113027,233.750424305518,139.569096344454,81.9907426525319,46.9903419893752,27.0236128888963,15.4105712918227,11.86435405446,6.6584097295648,3.73733667882026,2.4499829426773,1.37563793720618,0.77255574271314,0.433958660619114,0.243819410996926,0.137024742500102,0.0770283804932147,0.0990755766745067,252.700184087424,940.585508951335,1043038.97345271,-508.735952294845
"35","29-0.579336",29,9,271.342726969081,220.479408487767,130.963411593694,78.1964142509034,45.9369749115049,26.3272912430719,15.1405266879494,8.63408482350852,6.64724476091947,3.73050896725952,2.09391860223029,1.372652586504,0.770729028233813,0.432840008794049,0.243134132715102,0.136604765410767,0.0767708884545421,0.0986658103160934,238.34593794762,886.86982134306,983843.900039896,-562.45163990312
"36","29-0.579336",29,10,259.477024431557,209.638097123204,123.528056077355,73.374904996288,43.8111255417744,25.737120993806,14.7503983766334,8.48278686239979,4.83742097083039,3.72425356734539,2.09009323848163,1.17316032500184,0.769056425012141,0.431816554993137,0.242507385363386,0.136220824367899,0.076535587780441,0.0982919652787784,225.204288512343,837.927368486927,929673.367704519,-611.394092759253
"37","29-0.579336",29,11,248.397703475368,200.470711917114,117.453991712891,69.2090964090957,41.1097772858683,24.5460708093139,14.4197435361359,8.26420957099583,4.75265322243875,2.7102631173272,2.08658852392947,1.17101708745008,0.657286843286302,0.430879445147011,0.241933974633655,0.135869676464609,0.0763204770315548,0.0979506790511202,213.173369018699,792.574478582448,880076.035437072,-656.746982663733
"38","29-0.579336",29,12,237.655194684877,191.91088137138,112.317778396701,65.8059787729529,38.7757986150449,23.0325857127746,13.7524335365762,8.07895349670133,4.63019086599932,2.66277026868118,1.51847982828817,1.16905350010782,0.656086051020499,0.36825827224987,0.241408939854141,0.135548411484521,0.0761237393035892,0.0976389463709971,202.206120546052,750.968906960041,834847.988958329,-698.352554286139
"39","29-0.579336",29,13,227.425343457107,183.61127029898,107.521959889573,62.9283111898471,36.8691330036002,21.7249268701175,12.904472844193,7.70507954805471,4.52639739661783,2.59415825208801,1.49187099750866,0.850759092051546,0.65498591142474,0.367585504051856,0.206324158874709,0.135254250110762,0.0759437440888517,0.0973540655219652,192.203060035974,713.069385947705,793585.638009744,-736.252075298475
"40","29-0.579336",29,14,217.91048519412,175.707736015241,102.871934615088,60.2413566957809,35.2568614313205,20.6566788274239,12.1718304811092,7.22999238831242,4.316926941254,2.53600585774806,1.45342972495883,0.835850955444913,0.476655019859119,0.366969128551714,0.205947226859782,0.115597290660376,0.0757789342187474,0.0970936092876701,183.031488239867,678.498142729988,755749.852009158,-770.823318516192
"41","29-0.579336",29,15,209.129323010294,168.356601887085,98.4438193869709,57.6360858144434,33.7514407315061,19.7533710103424,11.573322869775,6.81951465920204,4.05074973353742,2.4186457907277,1.42084866771486,0.814313453581184,0.46830243424859,0.267055633115857,0.205601889996496,0.115386106861415,0.0647657243868087,0.0968553453357103,174.572478013271,646.736447753526,720853.484510556,-802.585013492654
"42","29-0.579336",29,16,200.963534941127,161.572317851503,94.3251975390467,55.1551445330438,32.2917849308402,18.9099285596294,11.0672263619474,6.48418864266969,3.82077126848332,2.26951461667907,1.35509531215405,0.796059256085382,0.456235612425015,0.262375927782986,0.149623329677699,0.115192624886358,0.064647404384321,0.0905514791648819,166.739853570235,617.362258295618,688540.325887426,-831.959202950562
"43","29-0.579336",29,17,193.293811883857,155.263468922868,90.5241649413086,52.8476031890183,30.9017873077726,18.0921268209773,10.5946706386519,6.20063781936026,3.63289807316539,2.14066452168545,1.27154155011743,0.759219606302666,0.446008328401648,0.25561524635191,0.147001429942258,0.0838295022001247,0.0645390021873598,0.0869533192314991,159.471657267712,590.105998779081,658553.437136577,-859.215462467099
"44","29-0.579336",29,18,186.057731087689,149.337877457241,86.9895044957587,50.7179976575734,29.6089405131414,17.3133524877759,10.1364806438344,5.93587890020632,3.47403297894735,2.03540475722108,1.19935067356749,0.71240691811049,0.425368168146129,0.249885203247101,0.143213621181942,0.0823605297470043,0.0469671772059763,0.0848766426936231,152.7149183895,564.776992303522,630674.114129372,-884.544468942659
"45","29-0.579336",29,19,179.231527135476,143.747315934981,83.669571809627,48.7376325217675,28.4157858629393,16.5890088747283,9.70015654371491,5.67916867151826,3.32569642980406,1.94639736917564,1.1403767576965,0.671960516753106,0.399140411042654,0.238321135241944,0.140003248427265,0.0802383331384239,0.0461441556240075,0.0738681715889768,146.41993693213,541.204162953009,604698.006163874,-908.117298293171
"46","29-0.579336",29,20,172.797405535529,138.473423308112,80.5373464378235,46.8775729641046,27.306246168383,15.9205198056128,9.294328357466,5.43470925339327,3.18186932258117,1.86328881184335,1.09050856502858,0.638919185425254,0.376479495135492,0.223626502883834,0.133524245010025,0.0784396567523206,0.0449551519729639,0.067239338075247,140.541161916886,519.219312062008,580437.919320759,-930.102149184172
"47","29-0.579336",29,21,166.728894454145,133.502451637197,77.5825412311778,45.1226802327205,26.2641101116775,15.298877709649,8.91979381120984,5.20733578893884,3.04490598020874,1.7827067607197,1.04394531179299,0.610979520026974,0.357967419757878,0.210930265579209,0.125291279480868,0.0748096638067678,0.0439474070819035,0.0628592363944711,135.03772326918,498.661159953345,557725.639674491,-950.660301292836
"48","29-0.579336",29,22,160.992836690008,128.813948909732,74.797453628052,43.4671907438486,25.2808959003414,14.7149998675597,8.57150623090036,4.99749522037887,2.917515389585,1.70597027293081,0.998797584854201,0.584891513912109,0.342313656089998,0.200558500247295,0.118177955272978,0.0701969780482922,0.0419136299812926,0.0598405861811614,129.875075540823,479.391844420913,536418.721192546,-969.929616825267
"49","29-0.579336",29,23,155.559374983571,124.382298030069,72.1706249740316,41.9067889812578,24.3533743697845,14.1641341832447,8.24437683902373,4.80236004632065,2.79994795914708,1.63459711327736,0.955804412694581,0.559596585087185,0.327697322054967,0.191788161967407,0.112366963587499,0.0662115940268299,0.0393292793203926,0.057009861403544,125.023496973063,461.295993449358,516394.575572113,-988.025467796822
"50","29-0.579336",29,24,150.404802252883,120.184431421841,69.6877027722126,40.4350550016312,23.4791276645952,13.6444714518113,7.93574317745014,4.61907917605049,2.69061952394735,1.56872757816015,0.915816153797473,0.535508789234034,0.313525325641382,0.183599064660277,0.107453203856891,0.0629558681896086,0.0370963871683788,0.0539759556659505,120.456673494331,444.274104694888,497544.736173663,-1005.04735655129
"51","30-0.579336",30,0,497.3195,384.9299,252.3379,141.6849,79.56998,44.69591,25.11237,14.11297,7.933598,4.461228,2.50948,1.41212,0.7949381,0.4476985,0.2522591,0.1422124,0.08021953,0.1042105,364.66763059402,1427.60003955669,1632713.66051762,0
"52","30-0.579336",30,1,496.485583667162,384.226674533801,297.395005435397,141.377421480934,79.3818361204719,44.580693584632,25.0417892300122,14.0697141328162,7.90707740707116,4.44495903431984,2.49949338279563,1.40598701843035,0.791168843133184,0.445380177987346,0.250832156132242,0.141333272184246,0.07967737868396,0.103330661327733,375.227101674111,1461.22093574181,1675758.12879627,33.620896185125
"53","30-0.579336",30,2,361.559229441487,383.582394751075,296.851696793115,166.621577772363,79.2095650498706,44.4752821638542,24.9772368987255,14.0301698262852,7.88284243100786,4.43010033475698,2.49037836512281,1.4003918137874,0.787732715939022,0.443268375453007,0.249533269249568,0.140533797968833,0.0791848295118245,0.10253396262366,387.363005884337,1500.02498186905,1722012.58010734,72.4249423123588
"54","30-0.579336",30,3,368.007321353853,279.338936790748,296.353929304838,166.317178096714,93.3531151227844,44.3787638059009,24.9181780143319,13.9940030746878,7.86068693200587,4.41652219835543,2.48205347761777,1.39528494044283,0.784597889164773,0.441343215567825,0.248350089089228,0.139806070274071,0.0787369078832634,0.101811635377582,398.328404099142,1547.58360333166,1733159.26382942,119.98356377497
"55","30-0.579336",30,4,377.623105621933,284.320701858429,215.81593070635,166.038293775375,93.1825690365924,52.3029743184519,24.8641016485819,13.9609141380235,7.84042377659331,4.40410913111295,2.47444605157132,1.39062075353479,0.781736659895266,0.43958686534801,0.247271479254932,0.13914316961501,0.0783291836966644,0.101155979733354,386.706001018438,1519.19264846747,1687365.30062485,91.5926089107797
"56","30-0.579336",30,5,384.869087449139,291.749810936916,219.664818645118,120.915248156428,93.0263184446582,52.2074224179665,29.3038011528441,13.9306167583877,7.82188502936135,4.39275628771014,2.46749137912849,1.38635853894651,0.779123454671781,0.437983803674006,0.24628744845617,0.138538856599974,0.0779577801703763,0.100560199636361,371.008180197528,1474.89881511185,1625601.72865208,47.2987755551592
"57","30-0.579336",30,6,378.356313741091,297.34802194855,225.404512897959,123.071665612355,67.7452178292799,52.119879857802,29.2502662644732,16.4180483652243,7.80491030851861,4.38236957893138,2.46113071857466,1.38246204279112,0.776735462585421,0.436519702497381,0.245389300671214,0.137987533406008,0.077619201558788,0.100018315413824,357.057118675574,1412.06811131082,1570067.48135538,-15.5319282458706
"58","30-0.579336",30,7,364.718936447156,292.31628403392,229.729664033876,126.287445618274,68.9533944034506,37.9556309788098,29.2012187713068,16.3880543592619,9.1985442679228,4.37285914762834,2.45531135452029,1.37889835383271,0.774552371661463,0.435181781544221,0.244569008320606,0.137484327910734,0.0773103115681619,0.0995250182705952,347.07355892028,1366.14315673159,1527162.26910661,-61.4568828250931
"59","30-0.579336",30,8,354.125188271468,281.780111358183,225.842167311821,128.710699180704,70.7551003116269,38.632536385211,21.2654113332401,16.3605745073887,9.18173951832772,5.15367081194364,2.4499829426773,1.37563793720618,0.77255574271314,0.433958660619114,0.243819410996926,0.137024742500102,0.0770283804932147,0.0990755766745067,339.334841833732,1332.51950587995,1491741.53885859,-95.0805336767326
"60","30-0.579336",30,9,347.393985744777,273.595432027505,217.701970537891,126.532650371629,72.1127772212426,39.6419786273987,21.6446613029969,11.9143775906232,9.16634337450429,5.14425561047615,2.88744849883488,1.372652586504,0.770729028233813,0.432840008794049,0.243134132715102,0.136604765410767,0.0767708884545421,0.0986658103160934,331.864898726424,1303.67971445481,1458283.31580668,-123.920325101877
"61","30-0.579336",30,10,342.677072857659,268.394937049037,211.378526310685,121.971940187999,70.8924812431642,40.4026446259889,22.2102217730429,12.1268600707459,6.67527146065864,5.13562960893414,2.88217344143685,1.61775152850313,0.769056425012141,0.431816554993137,0.242507385363386,0.136220824367899,0.076535587780441,0.0982919652787784,324.299462147375,1275.23028412939,1425455.16030879,-152.369755427292
"62","30-0.579336",30,11,337.857745384916,264.750672642185,207.360648685725,118.429102430687,68.3372509512289,39.7189490779786,22.6364003117758,12.4437267837789,6.7943190755814,3.73995609376629,2.87734054928827,1.61479607070984,0.906378073593433,0.430879445147011,0.241933974633655,0.135869676464609,0.0763204770315548,0.0979506790511202,316.997270976157,1246.74823875312,1394210.93126709,-180.851800803569
"63","30-0.579336",30,12,332.492965791887,261.027283214783,204.545107380455,116.178005078911,66.352304310815,38.2873295314745,22.2533460275969,12.6825019455622,6.97185007208151,3.80665493223342,2.0953861825298,1.61208834495694,0.904722218479671,0.507816681249611,0.241408939854141,0.135548411484521,0.0761237393035892,0.0976389463709971,310.32012344023,1219.94008357861,1365490.29364831,-207.659955978073
"64","30-0.579336",30,13,327.115334107256,256.882480079903,201.668434461566,114.600541012624,65.0910814065397,37.1752229561287,21.4512521684245,12.4678880211995,7.10562869466106,3.90612027025092,2.13275555826866,1.17398256660153,0.903205160261219,0.506888954870301,0.284514585324184,0.135254250110762,0.0759437440888517,0.0973540655219652,304.290462884422,1195.57478664303,1339286.72512583,-232.02525291366
"65","30-0.579336",30,14,322.182689923453,252.727747480331,198.466179321536,112.988826721127,64.2072751999794,36.4685972684332,20.8281719254869,12.018498684142,6.98538689491439,3.98107245424535,2.18848302931302,1.19491951655758,0.657747520803232,0.506038992263965,0.283994807822086,0.159405061415073,0.0757789342187474,0.0970936092876701,298.743930391128,1173.39740867989,1315071.6128333,-254.202630876796
"66","30-0.579336",30,15,317.759661131276,248.916810102244,195.256252724427,111.194698393113,63.304279610748,35.9734269330522,20.4322705659266,11.66940535285,6.73360741306004,3.91370454953341,2.23047650911727,1.2261419613901,0.66947787125182,0.368516376163225,0.283518599049488,0.159113845537511,0.0893099156086856,0.0968553453357103,293.54181096667,1152.80511750964,1292393.06608948,-274.794922047048
"67","30-0.579336",30,16,313.67685921051,245.499599145937,192.31194067626,109.396271975828,62.2990828613875,35.4675053572041,20.1548413521224,11.4475935941905,6.53802080068725,3.77263999313354,2.19273227545777,1.24966965934485,0.686970878615172,0.375088542688701,0.206468766822006,0.158847039923466,0.0891467560125096,0.104302859624511,288.636110977866,1133.42164294944,1271066.44697164,-294.178396607245
"68","30-0.579336",30,17,309.790708383237,242.345245848316,189.671819784313,107.746661491611,61.2914780204223,34.904323510539,19.871388537999,11.2921582557371,6.41374626842944,3.6630586304708,2.11369799940901,1.2285226876432,0.700152748125163,0.384889354516721,0.210150956286669,0.115678310192974,0.0889972727610819,0.108384066940558,284.028608607405,1115.16155241095,1251052.89684275,-312.438487145734
"69","30-0.579336",30,18,306.066707928093,239.342824247917,187.234781466191,106.267480266352,60.3672503213471,34.3397924817582,19.5558544969121,11.1333480731515,6.32666047054667,3.5934313056561,2.05230282058083,1.18424213305197,0.688304728738025,0.392274764007807,0.215642059702626,0.11774133145105,0.0648111172216075,0.110586895014464,279.717992659252,1098.03456563228,1232310.05122487,-329.565473924411
"70","30-0.579336",30,19,302.529388971199,236.465679251909,184.915124852947,104.902080168045,59.5385090679318,33.8219751861538,19.239564549207,10.9565637331125,6.23768384785593,3.54463972281311,2.01329270102718,1.14984424009143,0.66349565079193,0.385636671075237,0.219779885017137,0.120817833403523,0.0659669666834885,0.0982702903639014,275.682773078606,1082.00161701164,1214741.71342253,-345.598422545043
"71","30-0.579336",30,20,299.195701418626,233.73276349137,182.692256346951,103.602445548349,58.7735159963863,33.3576561065279,18.9494469170527,10.7793558810741,6.13863683924992,3.49478876705855,1.98595622809816,1.12798803016752,0.644223534272221,0.371736882461087,0.216060758947063,0.123136133878815,0.0676906392400952,0.0920172511242321,271.893542162095,1066.9674273391,1198233.90106662,-360.632612217586
"72","30-0.579336",30,21,296.055746301236,231.157172382919,180.580818660609,102.35703842691,58.0453693668071,32.9290532374944,18.68930274441,10.6168115991405,6.03935254946482,3.4392956735434,1.95802622002986,1.11267221730275,0.631978149800098,0.360939288678954,0.20827312073101,0.121052418139128,0.0689895140560256,0.0894795816635882,268.324295386883,1052.82223641134,1182684.02096551,-374.777803145349
"73","30-0.579336",30,22,293.08533351865,228.731258030193,178.590929250362,101.174062680054,57.3476047919137,32.521094334175,18.4491693024527,10.4710605552366,5.94828382195207,3.38366963843974,1.92693508995715,1.09702386434967,0.623397155305394,0.354078563905895,0.202223550027931,0.11668923603128,0.0678220700914996,0.0887855218627656,264.957532880386,1039.48347744297,1168017.2408691,-388.11656211372
"74","30-0.579336",30,23,290.265149018817,226.436331276977,176.716679387947,100.059186817756,56.684818659648,32.1301575926107,18.2206020605857,10.3365209286673,5.86662384631904,3.3326465385673,1.89576947666576,1.07960442874128,0.614629848488107,0.349270887867523,0.198379689958138,0.113299841465232,0.0653775089064406,0.0877425766594409,261.78039041977,1026.89422230909,1154174.25583214,-400.705817247593
"75","30-0.579336",30,24,287.584868951821,224.257470178745,174.943629920378,99.009100355281,56.0601868675827,31.7588182322806,18.0015718297543,10.2084615000593,5.79124529441951,3.28689488258065,1.86718275110479,1.0621432624004,0.604870256726553,0.344358826575262,0.195686092041928,0.111146240974775,0.0634785319230808,0.0857886305396231,258.780600770413,1015.007252603,1141099.65557215,-412.592786953689
"76","31-0.579336",31,0,497.3195,384.9299,252.3379,141.6849,79.56998,44.69591,25.11237,14.11297,7.933598,4.461228,2.50948,1.41212,0.7949381,0.4476985,0.2522591,0.1422124,0.08021953,0.1042105,364.66763059402,1427.60003955669,1632713.66051762,0
"77","31-0.579336",31,1,496.485583667162,384.226674533801,297.395005435397,141.377421480934,79.3818361204719,44.580693584632,25.0417892300122,14.0697141328162,7.90707740707116,4.44495903431984,2.49949338279563,1.40598701843035,0.791168843133184,0.445380177987346,0.250832156132242,0.141333272184246,0.07967737868396,0.103330661327733,375.227101674111,1461.22093574181,1675758.12879627,33.620896185125
"78","31-0.579336",31,2,361.559229441487,383.582394751075,296.851696793115,166.621577772363,79.2095650498706,44.4752821638542,24.9772368987255,14.0301698262852,7.88284243100786,4.43010033475698,2.49037836512281,1.4003918137874,0.787732715939022,0.443268375453007,0.249533269249568,0.140533797968833,0.0791848295118245,0.10253396262366,387.363005884337,1500.02498186905,1722012.58010734,72.4249423123588
"79","31-0.579336",31,3,368.007321353853,279.338936790748,296.353929304838,166.317178096714,93.3531151227844,44.3787638059009,24.9181780143319,13.9940030746878,7.86068693200587,4.41652219835543,2.48205347761777,1.39528494044283,0.784597889164773,0.441343215567825,0.248350089089228,0.139806070274071,0.0787369078832634,0.101811635377582,398.328404099142,1547.58360333166,1733159.26382942,119.98356377497
"80","31-0.579336",31,4,377.623105621933,284.320701858429,215.81593070635,166.038293775375,93.1825690365924,52.3029743184519,24.8641016485819,13.9609141380235,7.84042377659331,4.40410913111295,2.47444605157132,1.39062075353479,0.781736659895266,0.43958686534801,0.247271479254932,0.13914316961501,0.0783291836966644,0.101155979733354,386.706001018438,1519.19264846747,1687365.30062485,91.5926089107797
"81","31-0.579336",31,5,384.869087449139,291.749810936916,219.664818645118,120.915248156428,93.0263184446582,52.2074224179665,29.3038011528441,13.9306167583877,7.82188502936135,4.39275628771014,2.46749137912849,1.38635853894651,0.779123454671781,0.437983803674006,0.24628744845617,0.138538856599974,0.0779577801703763,0.100560199636361,371.008180197528,1474.89881511185,1625601.72865208,47.2987755551592
"82","31-0.579336",31,6,378.356313741091,297.34802194855,225.404512897959,123.071665612355,67.7452178292799,52.119879857802,29.2502662644732,16.4180483652243,7.80491030851861,4.38236957893138,2.46113071857466,1.38246204279112,0.776735462585421,0.436519702497381,0.245389300671214,0.137987533406008,0.077619201558788,0.100018315413824,357.057118675574,1412.06811131082,1570067.48135538,-15.5319282458706
"83","31-0.579336",31,7,364.718936447156,292.31628403392,229.729664033876,126.287445618274,68.9533944034506,37.9556309788098,29.2012187713068,16.3880543592619,9.1985442679228,4.37285914762834,2.45531135452029,1.37889835383271,0.774552371661463,0.435181781544221,0.244569008320606,0.137484327910734,0.0773103115681619,0.0995250182705952,347.07355892028,1366.14315673159,1527162.26910661,-61.4568828250931
"84","31-0.579336",31,8,354.125188271468,281.780111358183,225.842167311821,128.710699180704,70.7551003116269,38.632536385211,21.2654113332401,16.3605745073887,9.18173951832772,5.15367081194364,2.4499829426773,1.37563793720618,0.77255574271314,0.433958660619114,0.243819410996926,0.137024742500102,0.0770283804932147,0.0990755766745067,339.334841833732,1332.51950587995,1491741.53885859,-95.0805336767326
"85","31-0.579336",31,9,347.393985744777,273.595432027505,217.701970537891,126.532650371629,72.1127772212426,39.6419786273987,21.6446613029969,11.9143775906232,9.16634337450429,5.14425561047615,2.88744849883488,1.372652586504,0.770729028233813,0.432840008794049,0.243134132715102,0.136604765410767,0.0767708884545421,0.0986658103160934,331.864898726424,1303.67971445481,1458283.31580668,-123.920325101877
"86","31-0.579336",31,10,342.677072857659,268.394937049037,211.378526310685,121.971940187999,70.8924812431642,40.4026446259889,22.2102217730429,12.1268600707459,6.67527146065864,5.13562960893414,2.88217344143685,1.61775152850313,0.769056425012141,0.431816554993137,0.242507385363386,0.136220824367899,0.076535587780441,0.0982919652787784,324.299462147375,1275.23028412939,1425455.16030879,-152.369755427292
"87","31-0.579336",31,11,337.857745384916,264.750672642185,207.360648685725,118.429102430687,68.3372509512289,39.7189490779786,22.6364003117758,12.4437267837789,6.7943190755814,3.73995609376629,2.87734054928827,1.61479607070984,0.906378073593433,0.430879445147011,0.241933974633655,0.135869676464609,0.0763204770315548,0.0979506790511202,316.997270976157,1246.74823875312,1394210.93126709,-180.851800803569
"88","31-0.579336",31,12,332.492965791887,261.027283214783,204.545107380455,116.178005078911,66.352304310815,38.2873295314745,22.2533460275969,12.6825019455622,6.97185007208151,3.80665493223342,2.0953861825298,1.61208834495694,0.904722218479671,0.507816681249611,0.241408939854141,0.135548411484521,0.0761237393035892,0.0976389463709971,310.32012344023,1219.94008357861,1365490.29364831,-207.659955978073
"89","31-0.579336",31,13,327.115334107256,256.882480079903,201.668434461566,114.600541012624,65.0910814065397,37.1752229561287,21.4512521684245,12.4678880211995,7.10562869466106,3.90612027025092,2.13275555826866,1.17398256660153,0.903205160261219,0.506888954870301,0.284514585324184,0.135254250110762,0.0759437440888517,0.0973540655219652,304.290462884422,1195.57478664303,1339286.72512583,-232.02525291366
"90","31-0.579336",31,14,322.182689923453,252.727747480331,198.466179321536,112.988826721127,64.2072751999794,36.4685972684332,20.8281719254869,12.018498684142,6.98538689491439,3.98107245424535,2.18848302931302,1.19491951655758,0.657747520803232,0.506038992263965,0.283994807822086,0.159405061415073,0.0757789342187474,0.0970936092876701,298.743930391128,1173.39740867989,1315071.6128333,-254.202630876796
"91","31-0.579336",31,15,317.759661131276,248.916810102244,195.256252724427,111.194698393113,63.304279610748,35.9734269330522,20.4322705659266,11.66940535285,6.73360741306004,3.91370454953341,2.23047650911727,1.2261419613901,0.66947787125182,0.368516376163225,0.283518599049488,0.159113845537511,0.0893099156086856,0.0968553453357103,293.54181096667,1152.80511750964,1292393.06608948,-274.794922047048
"92","31-0.579336",31,16,313.67685921051,245.499599145937,192.31194067626,109.396271975828,62.2990828613875,35.4675053572041,20.1548413521224,11.4475935941905,6.53802080068725,3.77263999313354,2.19273227545777,1.24966965934485,0.686970878615172,0.375088542688701,0.206468766822006,0.158847039923466,0.0891467560125096,0.104302859624511,288.636110977866,1133.42164294944,1271066.44697164,-294.178396607245
"93","31-0.579336",31,17,309.790708383237,242.345245848316,189.671819784313,107.746661491611,61.2914780204223,34.904323510539,19.871388537999,11.2921582557371,6.41374626842944,3.6630586304708,2.11369799940901,1.2285226876432,0.700152748125163,0.384889354516721,0.210150956286669,0.115678310192974,0.0889972727610819,0.108384066940558,284.028608607405,1115.16155241095,1251052.89684275,-312.438487145734
"94","31-0.579336",31,18,306.066707928093,239.342824247917,187.234781466191,106.267480266352,60.3672503213471,34.3397924817582,19.5558544969121,11.1333480731515,6.32666047054667,3.5934313056561,2.05230282058083,1.18424213305197,0.688304728738025,0.392274764007807,0.215642059702626,0.11774133145105,0.0648111172216075,0.110586895014464,279.717992659252,1098.03456563228,1232310.05122487,-329.565473924411
"95","31-0.579336",31,19,302.529388971199,236.465679251909,184.915124852947,104.902080168045,59.5385090679318,33.8219751861538,19.239564549207,10.9565637331125,6.23768384785593,3.54463972281311,2.01329270102718,1.14984424009143,0.66349565079193,0.385636671075237,0.219779885017137,0.120817833403523,0.0659669666834885,0.0982702903639014,275.682773078606,1082.00161701164,1214741.71342253,-345.598422545043
"96","31-0.579336",31,20,299.195701418626,233.73276349137,182.692256346951,103.602445548349,58.7735159963863,33.3576561065279,18.9494469170527,10.7793558810741,6.13863683924992,3.49478876705855,1.98595622809816,1.12798803016752,0.644223534272221,0.371736882461087,0.216060758947063,0.123136133878815,0.0676906392400952,0.0920172511242321,271.893542162095,1066.9674273391,1198233.90106662,-360.632612217586
"97","31-0.579336",31,21,296.055746301236,231.157172382919,180.580818660609,102.35703842691,58.0453693668071,32.9290532374944,18.68930274441,10.6168115991405,6.03935254946482,3.4392956735434,1.95802622002986,1.11267221730275,0.631978149800098,0.360939288678954,0.20827312073101,0.121052418139128,0.0689895140560256,0.0894795816635882,268.324295386883,1052.82223641134,1182684.02096551,-374.777803145349
"98","31-0.579336",31,22,293.08533351865,228.731258030193,178.590929250362,101.174062680054,57.3476047919137,32.521094334175,18.4491693024527,10.4710605552366,5.94828382195207,3.38366963843974,1.92693508995715,1.09702386434967,0.623397155305394,0.354078563905895,0.202223550027931,0.11668923603128,0.0678220700914996,0.0887855218627656,264.957532880386,1039.48347744297,1168017.2408691,-388.11656211372
"99","31-0.579336",31,23,290.265149018817,226.436331276977,176.716679387947,100.059186817756,56.684818659648,32.1301575926107,18.2206020605857,10.3365209286673,5.86662384631904,3.3326465385673,1.89576947666576,1.07960442874128,0.614629848488107,0.349270887867523,0.198379689958138,0.113299841465232,0.0653775089064406,0.0877425766594409,261.78039041977,1026.89422230909,1154174.25583214,-400.705817247593
"100","31-0.579336",31,24,287.584868951821,224.257470178745,174.943629920378,99.009100355281,56.0601868675827,31.7588182322806,18.0015718297543,10.2084615000593,5.79124529441951,3.28689488258065,1.86718275110479,1.0621432624004,0.604870256726553,0.344358826575262,0.195686092041928,0.111146240974775,0.0634785319230808,0.0857886305396231,258.780600770413,1015.007252603,1141099.65557215,-412.592786953689
"101","38-0.579336",38,0,497.3195,384.9299,252.3379,141.6849,79.56998,44.69591,25.11237,14.11297,7.933598,4.461228,2.50948,1.41212,0.7949381,0.4476985,0.2522591,0.1422124,0.08021953,0.1042105,364.66763059402,1427.60003955669,1632713.66051762,0
"102","38-0.579336",38,1,496.485583667162,384.226674533801,297.395005435397,141.377421480934,79.3818361204719,44.580693584632,25.0417892300122,14.0697141328162,7.90707740707116,4.44495903431984,2.49949338279563,1.40598701843035,0.791168843133184,0.445380177987346,0.250832156132242,0.141333272184246,0.07967737868396,0.103330661327733,375.227101674111,1461.22093574181,1675758.12879627,33.620896185125
"103","38-0.579336",38,2,361.559229441487,383.582394751075,296.851696793115,166.621577772363,79.2095650498706,44.4752821638542,24.9772368987255,14.0301698262852,7.88284243100786,4.43010033475698,2.49037836512281,1.4003918137874,0.787732715939022,0.443268375453007,0.249533269249568,0.140533797968833,0.0791848295118245,0.10253396262366,387.363005884337,1500.02498186905,1722012.58010734,72.4249423123588
"104","38-0.579336",38,3,368.007321353853,279.338936790748,296.353929304838,166.317178096714,93.3531151227844,44.3787638059009,24.9181780143319,13.9940030746878,7.86068693200587,4.41652219835543,2.48205347761777,1.39528494044283,0.784597889164773,0.441343215567825,0.248350089089228,0.139806070274071,0.0787369078832634,0.101811635377582,398.328404099142,1547.58360333166,1733159.26382942,119.98356377497
"105","38-0.579336",38,4,377.623105621933,284.320701858429,215.81593070635,166.038293775375,93.1825690365924,52.3029743184519,24.8641016485819,13.9609141380235,7.84042377659331,4.40410913111295,2.47444605157132,1.39062075353479,0.781736659895266,0.43958686534801,0.247271479254932,0.13914316961501,0.0783291836966644,0.101155979733354,386.706001018438,1519.19264846747,1687365.30062485,91.5926089107797
"106","38-0.579336",38,5,384.869087449139,291.749810936916,219.664818645118,120.915248156428,93.0263184446582,52.2074224179665,29.3038011528441,13.9306167583877,7.82188502936135,4.39275628771014,2.46749137912849,1.38635853894651,0.779123454671781,0.437983803674006,0.24628744845617,0.138538856599974,0.0779577801703763,0.100560199636361,371.008180197528,1474.89881511185,1625601.72865208,47.2987755551592
"107","38-0.579336",38,6,378.356313741091,297.34802194855,225.404512897959,123.071665612355,67.7452178292799,52.119879857802,29.2502662644732,16.4180483652243,7.80491030851861,4.38236957893138,2.46113071857466,1.38246204279112,0.776735462585421,0.436519702497381,0.245389300671214,0.137987533406008,0.077619201558788,0.100018315413824,357.057118675574,1412.06811131082,1570067.48135538,-15.5319282458706
"108","38-0.579336",38,7,364.718936447156,292.31628403392,229.729664033876,126.287445618274,68.9533944034506,37.9556309788098,29.2012187713068,16.3880543592619,9.1985442679228,4.37285914762834,2.45531135452029,1.37889835383271,0.774552371661463,0.435181781544221,0.244569008320606,0.137484327910734,0.0773103115681619,0.0995250182705952,347.07355892028,1366.14315673159,1527162.26910661,-61.4568828250931
"109","38-0.579336",38,8,354.125188271468,281.780111358183,225.842167311821,128.710699180704,70.7551003116269,38.632536385211,21.2654113332401,16.3605745073887,9.18173951832772,5.15367081194364,2.4499829426773,1.37563793720618,0.77255574271314,0.433958660619114,0.243819410996926,0.137024742500102,0.0770283804932147,0.0990755766745067,339.334841833732,1332.51950587995,1491741.53885859,-95.0805336767326
"110","38-0.579336",38,9,347.393985744777,273.595432027505,217.701970537891,126.532650371629,72.1127772212426,39.6419786273987,21.6446613029969,11.9143775906232,9.16634337450429,5.14425561047615,2.88744849883488,1.372652586504,0.770729028233813,0.432840008794049,0.243134132715102,0.136604765410767,0.0767708884545421,0.0986658103160934,331.864898726424,1303.67971445481,1458283.31580668,-123.920325101877
"111","38-0.579336",38,10,342.677072857659,268.394937049037,211.378526310685,121.971940187999,70.8924812431642,40.4026446259889,22.2102217730429,12.1268600707459,6.67527146065864,5.13562960893414,2.88217344143685,1.61775152850313,0.769056425012141,0.431816554993137,0.242507385363386,0.136220824367899,0.076535587780441,0.0982919652787784,324.299462147375,1275.23028412939,1425455.16030879,-152.369755427292
"112","38-0.579336",38,11,337.857745384916,264.750672642185,207.360648685725,118.429102430687,68.3372509512289,39.7189490779786,22.6364003117758,12.4437267837789,6.7943190755814,3.73995609376629,2.87734054928827,1.61479607070984,0.906378073593433,0.430879445147011,0.241933974633655,0.135869676464609,0.0763204770315548,0.0979506790511202,316.997270976157,1246.74823875312,1394210.93126709,-180.851800803569
"113","38-0.579336",38,12,332.492965791887,261.027283214783,204.545107380455,116.178005078911,66.352304310815,38.2873295314745,22.2533460275969,12.6825019455622,6.97185007208151,3.80665493223342,2.0953861825298,1.61208834495694,0.904722218479671,0.507816681249611,0.241408939854141,0.135548411484521,0.0761237393035892,0.0976389463709971,310.32012344023,1219.94008357861,1365490.29364831,-207.659955978073
"114","38-0.579336",38,13,327.115334107256,256.882480079903,201.668434461566,114.600541012624,65.0910814065397,37.1752229561287,21.4512521684245,12.4678880211995,7.10562869466106,3.90612027025092,2.13275555826866,1.17398256660153,0.903205160261219,0.506888954870301,0.284514585324184,0.135254250110762,0.0759437440888517,0.0973540655219652,304.290462884422,1195.57478664303,1339286.72512583,-232.02525291366
"115","38-0.579336",38,14,322.182689923453,252.727747480331,198.466179321536,112.988826721127,64.2072751999794,36.4685972684332,20.8281719254869,12.018498684142,6.98538689491439,3.98107245424535,2.18848302931302,1.19491951655758,0.657747520803232,0.506038992263965,0.283994807822086,0.159405061415073,0.0757789342187474,0.0970936092876701,298.743930391128,1173.39740867989,1315071.6128333,-254.202630876796
"116","38-0.579336",38,15,317.759661131276,248.916810102244,195.256252724427,111.194698393113,63.304279610748,35.9734269330522,20.4322705659266,11.66940535285,6.73360741306004,3.91370454953341,2.23047650911727,1.2261419613901,0.66947787125182,0.368516376163225,0.283518599049488,0.159113845537511,0.0893099156086856,0.0968553453357103,293.54181096667,1152.80511750964,1292393.06608948,-274.794922047048
"117","38-0.579336",38,16,313.67685921051,245.499599145937,192.31194067626,109.396271975828,62.2990828613875,35.4675053572041,20.1548413521224,11.4475935941905,6.53802080068725,3.77263999313354,2.19273227545777,1.24966965934485,0.686970878615172,0.375088542688701,0.206468766822006,0.158847039923466,0.0891467560125096,0.104302859624511,288.636110977866,1133.42164294944,1271066.44697164,-294.178396607245
"118","38-0.579336",38,17,309.790708383237,242.345245848316,189.671819784313,107.746661491611,61.2914780204223,34.904323510539,19.871388537999,11.2921582557371,6.41374626842944,3.6630586304708,2.11369799940901,1.2285226876432,0.700152748125163,0.384889354516721,0.210150956286669,0.115678310192974,0.0889972727610819,0.108384066940558,284.028608607405,1115.16155241095,1251052.89684275,-312.438487145734
"119","38-0.579336",38,18,306.066707928093,239.342824247917,187.234781466191,106.267480266352,60.3672503213471,34.3397924817582,19.5558544969121,11.1333480731515,6.32666047054667,3.5934313056561,2.05230282058083,1.18424213305197,0.688304728738025,0.392274764007807,0.215642059702626,0.11774133145105,0.0648111172216075,0.110586895014464,279.717992659252,1098.03456563228,1232310.05122487,-329.565473924411
"120","38-0.579336",38,19,302.529388971199,236.465679251909,184.915124852947,104.902080168045,59.5385090679318,33.8219751861538,19.239564549207,10.9565637331125,6.23768384785593,3.54463972281311,2.01329270102718,1.14984424009143,0.66349565079193,0.385636671075237,0.219779885017137,0.120817833403523,0.0659669666834885,0.0982702903639014,275.682773078606,1082.00161701164,1214741.71342253,-345.598422545043
"121","38-0.579336",38,20,299.195701418626,233.73276349137,182.692256346951,103.602445548349,58.7735159963863,33.3576561065279,18.9494469170527,10.7793558810741,6.13863683924992,3.49478876705855,1.98595622809816,1.12798803016752,0.644223534272221,0.371736882461087,0.216060758947063,0.123136133878815,0.0676906392400952,0.0920172511242321,271.893542162095,1066.9674273391,1198233.90106662,-360.632612217586
"122","38-0.579336",38,21,296.055746301236,231.157172382919,180.580818660609,102.35703842691,58.0453693668071,32.9290532374944,18.68930274441,10.6168115991405,6.03935254946482,3.4392956735434,1.95802622002986,1.11267221730275,0.631978149800098,0.360939288678954,0.20827312073101,0.121052418139128,0.0689895140560256,0.0894795816635882,268.324295386883,1052.82223641134,1182684.02096551,-374.777803145349
"123","38-0.579336",38,22,293.08533351865,228.731258030193,178.590929250362,101.174062680054,57.3476047919137,32.521094334175,18.4491693024527,10.4710605552366,5.94828382195207,3.38366963843974,1.92693508995715,1.09702386434967,0.623397155305394,0.354078563905895,0.202223550027931,0.11668923603128,0.0678220700914996,0.0887855218627656,264.957532880386,1039.48347744297,1168017.2408691,-388.11656211372
"124","38-0.579336",38,23,290.265149018817,226.436331276977,176.716679387947,100.059186817756,56.684818659648,32.1301575926107,18.2206020605857,10.3365209286673,5.86662384631904,3.3326465385673,1.89576947666576,1.07960442874128,0.614629848488107,0.349270887867523,0.198379689958138,0.113299841465232,0.0653775089064406,0.0877425766594409,261.78039041977,1026.89422230909,1154174.25583214,-400.705817247593
"125","38-0.579336",38,24,287.584868951821,224.257470178745,174.943629920378,99.009100355281,56.0601868675827,31.7588182322806,18.0015718297543,10.2084615000593,5.79124529441951,3.28689488258065,1.86718275110479,1.0621432624004,0.604870256726553,0.344358826575262,0.195686092041928,0.111146240974775,0.0634785319230808,0.0857886305396231,258.780600770413,1015.007252603,1141099.65557215,-412.592786953689
"126","45-0.579336",45,0,497.3195,384.9299,252.3379,141.6849,79.56998,44.69591,25.11237,14.11297,7.933598,4.461228,2.50948,1.41212,0.7949381,0.4476985,0.2522591,0.1422124,0.08021953,0.1042105,300.967559222859,1220.57480760041,1632713.66051762,0
"127","45-0.579336",45,1,496.485583667162,384.226674533801,297.395005435397,194.955058419875,79.3818361204719,44.580693584632,25.0417892300122,14.0697141328162,7.90707740707116,4.44495903431984,2.49949338279563,1.40598701843035,0.791168843133184,0.445380177987346,0.250832156132242,0.141333272184246,0.07967737868396,0.103330661327733,327.477612724152,1306.03509665445,1787790.09338632,85.4602890540348
"128","45-0.579336",45,2,376.221785945726,383.582394751075,296.851696793115,229.765963251801,109.227521763741,44.4752821638542,24.9772368987255,14.0301698262852,7.88284243100786,4.43010033475698,2.49037836512281,1.4003918137874,0.787732715939022,0.443268375453007,0.249533269249568,0.140533797968833,0.0791848295118245,0.10253396262366,369.390340325915,1467.86005075984,1955925.44809543,247.28524315943
"129","45-0.579336",45,3,405.053238968089,290.667158036421,296.353929304838,229.346205585212,128.731036553062,61.1969322947936,24.9181780143319,13.9940030746878,7.86068693200587,4.41652219835543,2.48205347761777,1.39528494044283,0.784597889164773,0.441343215567825,0.248350089089228,0.139806070274071,0.0787369078832634,0.101811635377582,404.523373387493,1619.51034577765,2069882.28845299,398.935538177238
"130","45-0.579336",45,4,431.994983724554,312.942201176213,224.56806042901,228.961632797071,128.495858815,72.1241716461924,34.2868213232385,13.9609141380235,7.84042377659331,4.40410913111295,2.47444605157132,1.39062075353479,0.781736659895266,0.43958686534801,0.247271479254932,0.13914316961501,0.0783291836966644,0.101155979733354,430.99816734509,1733.82460918394,2112046.64180368,513.249801583534
"131","45-0.579336",45,5,450.934810975892,333.757264719701,241.77765255379,173.500212770954,128.280394118024,71.9924085531459,40.409028583447,19.2098863843164,7.82188502936135,4.39275628771014,2.46749137912849,1.38635853894651,0.779123454671781,0.437983803674006,0.24628744845617,0.138538856599974,0.0779577801703763,0.100560199636361,421.401925280925,1722.44745142411,2097759.02008063,501.872643823696
"132","45-0.579336",45,6,452.017321345006,348.390084951013,257.85927140349,186.796261593063,97.2070097593382,71.8716900908037,40.3352056407132,22.6399770532968,10.7627280878392,4.38236957893138,2.46113071857466,1.38246204279112,0.776735462585421,0.436519702497381,0.245389300671214,0.137987533406008,0.077619201558788,0.100018315413824,415.100058131763,1688.09851162252,2093360.54351247,467.523704022113
"133","45-0.579336",45,7,445.959893536813,349.226427300897,269.16451854648,199.220843640903,104.656390523601,54.4621968782622,40.2675706761237,22.5986162537901,12.6845058874732,6.03003649138369,2.45531135452029,1.37889835383271,0.774552371661463,0.435181781544221,0.244569008320606,0.137484327910734,0.0773103115681619,0.0995250182705952,415.32828253384,1682.36538451694,2106121.9578172,461.790576916533
"134","45-0.579336",45,8,444.335215697932,344.546487457455,269.81067265841,207.955223681368,111.617514369452,58.6358633947908,30.513549343304,22.5607223944229,12.6613326614749,7.10675144372167,3.37845012813282,1.37563793720618,0.77255574271314,0.433958660619114,0.243819410996926,0.137024742500102,0.0770283804932147,0.0990755766745067,420.650851848182,1700.58382062015,2127048.67214485,480.00901301974
"135","45-0.579336",45,9,446.832058290231,343.291269105426,266.194973448819,208.454439267451,116.511127767817,62.5359740794554,32.8519305782597,17.0958343014964,12.6401018589387,7.09376817430776,3.9817014971563,1.89284514025579,0.770729028233813,0.432840008794049,0.243134132715102,0.136604765410767,0.0767708884545421,0.0986658103160934,425.991829489775,1723.33355649252,2144856.39331606,502.758748892105
"136","45-0.579336",45,10,450.483247451137,345.220317787558,265.225197734788,205.660967297388,116.790823415294,65.2777201429103,35.0370466154785,18.4059597699157,9.57828757238161,7.08187318699695,3.97442735739319,2.23082894315413,1.06050484367224,0.431816554993137,0.242507385363386,0.136220824367899,0.076535587780441,0.0982919652787784,428.957268639596,1737.62476034305,2156728.7240865,517.049952742635
"137","45-0.579336",45,11,452.939655424489,348.041209124794,266.715571549105,204.911723204515,115.225724141239,65.4344252967526,36.573165402259,19.6302153057612,10.3123119125288,5.3664296928293,3.96776294972969,2.22675345895933,1.24986711765521,0.59416932718558,0.241933974633655,0.135869676464609,0.0763204770315548,0.0979506790511202,430.555142675242,1744.91664152042,2165801.74604466,524.341833920007
"138","45-0.579336",45,12,454.167835500439,349.939018213115,268.894978746546,206.063178907513,114.805944956621,64.5575467155816,36.6609626399431,20.4908569817182,10.9982258830088,5.7776817025918,3.00665097288568,2.22301958952805,1.24758374505542,0.700263378144549,0.33289540493346,0.135548411484521,0.0761237393035892,0.0976389463709971,432.050761043005,1750.74027554132,2174837.89874168,530.165467940909
"139","45-0.579336",45,13,455.052505067407,350.887904283963,270.361216999632,207.746978517075,115.451071345639,64.3223569216083,36.1696736470577,20.5400471631254,11.4804178207472,6.16197890291018,3.23706324436402,1.68453712993458,1.24549176904888,0.698984072378597,0.392336746717813,0.186511395919297,0.0759437440888517,0.0973540655219652,433.934526380072,1757.94903594639,2184409.72393279,537.374228345981
"140","45-0.579336",45,14,456.120078926849,351.571395773393,271.094321853782,208.879787200542,116.394454194947,64.6838020529527,36.0379037994424,20.2647925501002,11.5079776165984,6.43213670645987,3.45237353767848,1.81363027376741,0.943796060041098,0.697812000432192,0.391619989740458,0.219814612086344,0.104496788757772,0.0970936092876701,435.971824988806,1766.11739245251,2193770.22233202,545.542584852103
"141","45-0.579336",45,15,457.361437386938,352.396198247119,271.622384119701,209.446180515493,117.029133213437,65.2123514096073,36.2404107580733,20.1909658229823,11.3537606422944,6.44757764051691,3.60373492119957,1.93426222832953,1.01612310962799,0.528780866340235,0.390963312683334,0.219413034466467,0.123155590422997,0.112945105237778,437.843322119745,1773.87735079922,2202289.00137595,553.302543198809
"142","45-0.579336",45,16,458.563688373561,353.355265874719,272.259622578332,209.854158904398,117.346466544703,65.5679431899231,36.5365412448897,20.3044244498599,11.3123977225098,6.36117445583598,3.61238601737752,2.0190655104128,1.08370960648082,0.569303561400781,0.296260194808774,0.21904511783927,0.12293059842448,0.132280198742936,439.457931039808,1780.61576064267,2209910.33069056,560.040953042261
"143","45-0.579336",45,17,459.610397881414,354.28411925478,273.000593654684,210.346486299251,117.575044703764,65.7457356187432,36.7357687450031,20.4703375554537,11.3759652171776,6.33800004190901,3.56397688241234,2.02391246233965,1.13122236359757,0.607170265736442,0.318963855809037,0.165985777124656,0.122724465679169,0.142987020331163,440.890300106097,1786.52311733673,2216878.19620247,565.94830973632
"144","45-0.579336",45,18,460.519273952856,355.092802029948,273.718221347446,210.91895701997,117.850881102533,65.8738011639304,36.8353805557752,20.5819587992467,11.4689213964068,6.37361501883532,3.55099294743734,1.99679026358353,1.13393796662613,0.633790250640085,0.340179444188573,0.178705963233815,0.0929968949269726,0.148870244025999,442.228100746893,1791.97955834324,2223391.64640742,571.404750742828
"145","45-0.579336",45,19,461.350271450967,355.794995349321,274.343005803827,211.473392753825,118.171619423524,66.0283440954857,36.9071318723991,20.6377683346197,11.5314594599714,6.42569560177649,3.57094695991008,1.98951575092633,1.11874220520847,0.63531172226184,0.355093830119258,0.190592426505087,0.100123636937866,0.135510965440157,443.499732642443,1797.16056183728,2229501.10904481,576.585754236871
"146","45-0.579336",45,20,462.136307926384,356.437020054254,274.885517014392,211.95609824592,118.482253277691,66.2080442387932,36.9937176812347,20.677968463622,11.5627278830069,6.46073381906835,3.60012616178759,2.00069539073309,1.1146665120922,0.626797989022926,0.355946265424221,0.198948513426044,0.106783268835493,0.132019060537042,444.694520061893,1802.04914326911,2235189.65104582,581.474335668704
"147","45-0.579336",45,21,462.87812154956,357.044308087424,275.381542240318,212.375239820567,118.752698810475,66.38208314982,37.0943983277035,20.7264799174702,11.585250819837,6.47825258665155,3.61975703298852,2.01704362982962,1.1209301318218,0.624514499370652,0.351176273867287,0.19942610757815,0.111464935848476,0.133793843771902,445.798656462801,1806.58138169616,2240446.01073318,586.006574095752
"148","45-0.579336",45,22,463.565889428148,357.617429755801,275.850730079261,212.758466545123,118.987531370543,66.5336057394747,37.191907154076,20.7828882896996,11.6124303448206,6.49087151838244,3.62957227750167,2.02804222319118,1.13008956403242,0.628023819240983,0.349896902520308,0.19675362315625,0.111732517649463,0.137411200847315,446.81353322774,1810.74832679087,2245296.175311,590.173519190462
"149","45-0.579336",45,23,464.197185147991,358.148795939594,276.293521147666,213.120958832452,119.20224190812,66.6651754395558,37.2768007551621,20.837519585451,11.6440342783388,6.50609939798063,3.63664228969547,2.03354141281143,1.13625174882263,0.633155576730313,0.351863070085384,0.196036829435796,0.110235204100779,0.139587816571534,447.749650662293,1814.58702828386,2249781.11999227,594.012220683444
"150","45-0.579336",45,24,464.777243149053,358.636532002795,276.704052127768,213.463057100721,119.40533555711,66.7854713688138,37.3505153455684,20.8850829456192,11.6746425687522,6.52380614211007,3.64517401779582,2.03750253039938,1.13933278123491,0.636608065620527,0.354738241201205,0.197138414653672,0.109833605894836,0.139968409379764,448.617188281503,1818.14117585364,2253936.02923773,597.566368253232
"151","62-0.579336",62,0,497.3195,384.9299,252.3379,141.6849,79.56998,44.69591,25.11237,14.11297,7.933598,4.461228,2.50948,1.41212,0.7949381,0.4476985,0.2522591,0.1422124,0.08021953,0.1042105,228.707773703887,985.730504663753,1632713.66051762,0
"152","62-0.579336",62,1,496.485583667162,384.226674533801,297.395005435397,194.955058419875,109.465078201547,44.580693584632,25.0417892300122,14.0697141328162,7.90707740707116,4.44495903431984,2.49949338279563,1.40598701843035,0.791168843133184,0.445380177987346,0.250832156132242,0.141333272184246,0.07967737868396,0.103330661327733,252.86431093014,1089.8451801089,1889529.66521116,104.114675445149
"153","62-0.579336",62,2,396.851572331878,383.582394751075,296.851696793115,229.765963251801,150.621348610323,61.3300281025701,24.9772368987255,14.0301698262852,7.88284243100786,4.43010033475698,2.49037836512281,1.4003918137874,0.787732715939022,0.443268375453007,0.249533269249568,0.140533797968833,0.0791848295118245,0.10253396262366,306.075395201974,1319.18495332051,2177282.25406547,333.454448656753
"154","62-0.579336",62,3,445.380969147978,306.605632637747,296.353929304838,229.346205585212,177.516087708797,84.3886625295223,34.361390946404,13.9940030746878,7.86068693200587,4.41652219835543,2.48205347761777,1.39528494044283,0.784597889164773,0.441343215567825,0.248350089089228,0.139806070274071,0.0787369078832634,0.101811635377582,369.32508144741,1591.79110103834,2411314.51624542,606.060596374584
"155","62-0.579336",62,4,487.335738500801,344.099213234891,236.882049913052,228.961632797071,177.19178493695,99.456985065078,47.280458110528,19.2516655266645,7.84042377659331,4.40410913111295,2.47444605157132,1.39062075353479,0.781736659895266,0.43958686534801,0.247271479254932,0.13914316961501,0.0783291836966644,0.101155979733354,416.073175605908,1793.27538686147,2553866.11999854,807.544882197713
"156","62-0.579336",62,5,515.123559582737,376.513268001028,265.849411517022,183.013942334539,176.894665834435,99.275287865954,55.72279113351,26.4898346784363,10.7861356988911,4.39275628771014,2.46749137912849,1.38635853894651,0.779123454671781,0.437983803674006,0.24628744845617,0.138538856599974,0.0779577801703763,0.100560199636361,448.408097763574,1932.638901361,2631584.22418681,946.908396697251
"157","62-0.579336",62,6,525.355117200798,397.982006079571,290.892355682592,205.393987796484,141.395699256757,99.1088208683828,55.6209915960546,31.2198228176437,14.8414666298386,6.04315107977313,2.46113071857466,1.38246204279112,0.776735462585421,0.436519702497381,0.245389300671214,0.137987533406008,0.077619201558788,0.100018315413824,440.61335056854,1899.04354095041,2679587.94105983,913.313036286653
"158","62-0.579336",62,7,525.121791283912,405.886858712313,307.479000361427,224.742047056723,158.686415674992,79.2198055441294,55.5277250876217,31.1627875640675,17.4915383263874,8.31523240512786,3.38579784201283,1.37889835383271,0.774552371661463,0.435181781544221,0.244569008320606,0.137484327910734,0.0773103115681619,0.0995250182705952,445.399133646805,1919.67026601773,2759404.38214825,933.939761353978
"159","62-0.579336",62,8,530.977514516494,405.7065922214,313.586251815991,237.556809652243,173.634634009975,88.9072797712196,44.3845012503078,31.110533112902,17.4595831698924,9.79998877029407,4.65877744267383,1.89696184584038,0.77255574271314,0.433958660619114,0.243819410996926,0.137024742500102,0.0770283804932147,0.0990755766745067,460.711926179488,1985.66840183359,2855388.1886148,999.93789716984
"160","62-0.579336",62,9,541.193980597121,410.230696071431,313.446978784603,242.275243007317,183.535258491856,97.2823219822153,49.8121049788362,24.867316168066,17.4303065548192,9.78208524637522,5.49064228118839,2.61017446090646,1.0628113113909,0.432840008794049,0.243134132715102,0.136604765410767,0.0767708884545421,0.0986658103160934,480.560645084386,2071.2163803137,2948213.97400781,1085.48587564995
"161","62-0.579336",62,10,552.099631878693,418.123889054305,316.942279848694,242.167641327306,187.180697605001,102.829347459955,54.5043920771458,27.9082411339932,13.932417758063,9.76568242956195,5.48061146914204,3.07624359237597,1.46240313047839,0.59546157245985,0.242507385363386,0.136220824367899,0.076535587780441,0.0982919652787784,498.394428050281,2148.07998489671,3027563.63656642,1162.34948023296
"162","62-0.579336",62,11,560.926623058773,426.549543237469,323.040523113362,244.8680942642,187.097565060057,104.871778588938,57.6122254978562,30.5371900584603,15.6361575870771,7.80591935507953,5.47142145865974,3.07062362667731,1.72352780512702,0.819340985847473,0.333619411532537,0.135869676464609,0.0763204770315548,0.0979506790511202,511.107933348876,2202.87519273366,3094608.62984838,1217.1446880699
"163","62-0.579336",62,12,567.484030844159,433.369234537048,329.550143362656,249.579567934711,189.183922123631,104.825201896157,58.7565389227043,32.2784167050017,17.1090794911836,8.76047411637535,4.37342448640994,3.06547473709168,1.72037910546958,0.965641375867646,0.45905238924776,0.18691703528664,0.0761237393035892,0.0976389463709971,521.467964259881,2247.52692596009,3156056.49738426,1261.79642129633
"164","62-0.579336",62,13,573.072525629492,438.435456527018,334.819004345152,254.608869502143,192.823984217665,105.99412571591,58.7304433868119,32.9195414879655,18.0846370015771,9.58570845828498,4.9082331331267,2.45029968518489,1.71749433574967,0.963877253083925,0.541020147173569,0.257193402641896,0.104724056432609,0.0973540655219652,531.483417812437,2290.6935307716,3214876.94918415,1304.96302610785
"165","62-0.579336",62,14,578.427118678672,442.753100952821,338.733143299398,258.679566375853,196.709598629491,108.033544260984,59.3853566421905,32.90492093522,18.4438401520469,10.1322843207527,5.37058739452263,2.74993706608774,1.37283004791189,0.96226100239559,0.540031761638388,0.303117499894526,0.144097815220857,0.113218362440392,541.652856086196,2334.52380973151,3270672.49146396,1348.79330506775
"166","62-0.579336",62,15,583.610032864625,446.89003401249,342.068934796707,261.703611469708,199.854599625472,110.210538467614,60.5279822058611,33.2718493567497,18.4356486911218,10.3335351641704,5.67681759648359,3.00898040950495,1.5407079619761,0.769155851361726,0.539126224440909,0.302563736871242,0.169827721245344,0.144166602413182,551.43903910948,2376.70225856186,3322046.44135309,1390.97175389811
"167","62-0.579336",62,16,588.384228973156,450.894328800977,345.265109554153,264.280828075831,202.19096244666,111.97258900131,61.7476873215501,33.9120284812885,18.6412277741844,10.3289457322073,5.78957245936094,3.18055208515425,1.68584224400082,0.863212854348582,0.430935150773996,0.302056391307874,0.169517464290906,0.175921682151164,560.283025627953,2414.81984045648,3368425.34407586,1429.08933579272
"168","62-0.579336",62,17,592.607702144677,454.582849951571,348.358808615688,266.750177454415,204.182107708658,113.281583612518,62.7349118366669,34.5953929866727,18.9999011003601,10.4441255790468,5.78700113711009,3.24372528178082,1.7819687517607,0.944527276641633,0.483632492530848,0.241440150060396,0.169233213658921,0.193539281267518,568.122174242366,2448.6065709846,3410236.44278811,1462.87606632085
"169","62-0.579336",62,18,596.320976954062,457.84588518682,351.208542470163,269.140354598931,206.089915264958,114.397163091206,63.4683025911474,35.1485055249398,19.3827699112,10.6450795776682,5.85153298013779,3.24228464638827,1.81736281521995,0.998384100380986,0.529190545256987,0.270964903561488,0.135271736261214,0.203250640973493,575.153549234389,2478.91179720022,3448166.50109414,1493.18129253646
"170","62-0.579336",62,19,599.63006260335,460.714743600053,353.729547935113,271.342045387671,207.936554730702,115.466050931644,64.0933285985523,35.5594025554945,19.6926624182272,10.8595895868345,5.96412152970317,3.27843991902337,1.81655567005034,1.01821434160753,0.559364922032822,0.296489725723019,0.1518135776566,0.189664021167803,581.567591776659,2506.5563205574,3482692.81156093,1520.82581589365
"171","62-0.579336",62,20,602.614574682978,463.271327395327,355.946014266767,273.289762190007,209.637570536657,116.500668109926,64.6921946695363,35.9095860407555,19.9228758054115,11.0332131431048,6.08430510885551,3.34151993524698,1.83681239414169,1.01776212217146,0.570475216490985,0.313395531721094,0.16611437647024,0.191319743943716,587.442765815793,2531.87832066607,3514053.80932333,1546.14781600231
"172","62-0.579336",62,21,605.309413805049,465.577147198213,357.921218717477,275.002193509969,211.142367251636,117.453696682108,65.2718599076377,36.24511289157,20.1190731986347,11.162194857982,6.18158122430958,3.40885522069125,1.87215425139211,1.02911136229625,0.570221851388809,0.319620299314028,0.175586196835175,0.200259708483866,592.785568223181,2554.90579904191,3542401.5977544,1569.17529437816
"173","62-0.579336",62,22,607.728430234847,467.65916705522,359.702684103285,276.528227051024,212.465383524749,118.296789532673,65.8058134759786,36.5698820867044,20.3070589154286,11.2721184229921,6.25384584356626,3.46335613543524,1.90988020944595,1.04891235393647,0.576580493133117,0.319478346381714,0.179073749008697,0.210575284046405,597.605070519986,2575.67785394114,3567933.90639402,1589.94734927739
"174","62-0.579336",62,23,609.88887392811,469.528087615271,361.311242717961,277.904578714262,213.644389762603,119.03803620735,66.2781733287078,36.8690403926211,20.4890174376504,11.3774412298934,6.31543274819345,3.50384385263829,1.94041545125805,1.07004908635974,0.587674399917868,0.323040904261173,0.178994217002042,0.218308766046914,601.936219763024,2594.34510717863,3590896.26184419,1608.61460251488
"175","62-0.579336",62,24,611.815588171606,471.197236111921,362.755161831842,279.147343430525,214.707752495323,119.698598341765,66.6934717977335,37.1336895713214,20.6566269402463,11.4793871789093,6.3744419848671,3.53834916386259,1.96309951520491,1.08715707430642,0.599516682541819,0.329256490328023,0.180990212240468,0.222597046619413,605.828533341329,2611.12097870113,3611538.84673894,1625.39047403738
"176","70-0.579336",70,0,497.3195,384.9299,252.3379,141.6849,79.56998,44.69591,25.11237,14.11297,7.933598,4.461228,2.50948,1.41212,0.7949381,0.4476985,0.2522591,0.1422124,0.08021953,0.1042105,163.073721327307,702.847738920694,1632713.66051762,0
"177","70-0.579336",70,1,496.485583667162,384.226674533801,297.395005435397,194.955058419875,109.465078201547,61.4753871668436,25.0417892300122,14.0697141328162,7.90707740707116,4.44495903431984,2.49949338279563,1.40598701843035,0.791168843133184,0.445380177987346,0.250832156132242,0.141333272184246,0.07967737868396,0.103330661327733,182.34014226403,785.88601315797,1970583.40338599,83.0382742372763
"178","70-0.579336",70,2,412.662273116316,383.582394751075,296.851696793115,229.765963251801,150.621348610323,84.5721975007271,34.4428313075066,14.0301698262852,7.88284243100786,4.43010033475698,2.49037836512281,1.4003918137874,0.787732715939022,0.443268375453007,0.249533269249568,0.140533797968833,0.0791848295118245,0.10253396262366,223.455324707213,963.092449488087,2348316.33664387,260.244710567393
"179","70-0.579336",70,3,473.756218393981,318.820904680073,296.353929304838,229.346205585212,177.516087708797,116.369335789851,47.3832872970296,19.2972941391605,7.86068693200587,4.41652219835543,2.48205347761777,1.39528494044283,0.784597889164773,0.441343215567825,0.248350089089228,0.139806070274071,0.0787369078832634,0.101811635377582,290.08334254592,1250.25920637291,2691443.20425909,547.41146745222
"180","70-0.579336",70,4,526.767924321017,366.021795512198,246.319510851842,228.961632797071,177.19178493695,137.148082986092,65.1982783141895,26.5474468137539,10.8117000535935,4.40410913111295,2.47444605157132,1.39062075353479,0.781736659895266,0.43958686534801,0.247271479254932,0.13914316961501,0.0783291836966644,0.101155979733354,361.499276264043,1558.06188069802,2947237.4350218,855.214141777331
"181","70-0.579336",70,5,563.364076915188,406.978386757281,282.786694059941,190.305279659043,176.894665834435,136.897528210804,76.8399924610092,36.5286565080253,14.8737449960183,6.05747402749379,2.46749137912849,1.38635853894651,0.779123454671781,0.437983803674006,0.24628744845617,0.138538856599974,0.0779577801703763,0.100560199636361,410.621897948112,1769.78038015636,3118787.85602641,1066.93264123567
"182","70-0.579336",70,6,580.743495264054,435.252399764995,314.429561179244,218.479651533991,147.028951709353,136.667975408832,76.6996140712788,43.05116274944,20.4659199718606,8.33331701382163,3.39382256369258,1.38246204279112,0.776735462585421,0.436519702497381,0.245389300671214,0.137987533406008,0.077619201558788,0.100018315413824,442.860614954732,1908.72925045489,3251264.45823914,1205.8815115342
"183","70-0.579336",70,7,588.252496866039,448.67965551812,336.273928821534,242.926779800558,168.796337087545,113.593867072326,76.5710024626522,42.9725129121713,24.1202862561346,11.4664463556874,4.66890971113456,1.90145785876268,0.774552371661463,0.435181781544221,0.244569008320606,0.137484327910734,0.0773103115681619,0.0995250182705952,436.476484288813,1881.21364728479,3376992.5166502,1178.36590836409
"184","70-0.579336",70,8,596.536412338121,454.481074353697,346.647762596679,259.803634089381,187.684071825001,130.411245230951,63.6432657271595,42.9004556524408,24.0762210911596,13.5138791131825,6.42430891006281,2.61585126961704,1.06533029373125,0.433958660619114,0.243819410996926,0.137024742500102,0.0770283804932147,0.0990755766745067,449.308116795543,1936.51798338879,3541598.94699379,1233.6702444681
"185","70-0.579336",70,9,610.507027112465,460.881187950605,351.129911128501,267.818408602728,200.723048981509,145.00381903441,73.0655426032698,35.6574291976422,24.0358495513328,13.4891907116332,7.57142459863063,3.59934923965711,1.46558367758504,0.596872883356999,0.243134132715102,0.136604765410767,0.0767708884545421,0.0986658103160934,475.053774361463,2047.4817674979,3715078.09427556,1344.63402857721
"186","70-0.579336",70,10,625.814471186235,471.674818314865,356.074608378414,271.281295188009,206.915225556933,155.077670617079,81.2413277592183,40.9364507367131,19.9777972179432,13.4665717384154,7.55759242141302,4.24204404765085,2.0166083434636,0.821122951809924,0.334410127059403,0.136220824367899,0.076535587780441,0.0982919652787784,504.981258081479,2176.46922233117,3874972.30366723,1473.62148341048
"187","70-0.579336",70,11,639.216173997985,483.501276622003,364.413715734967,275.101544707504,209.590635222048,159.861716715616,86.8854072301954,45.5171000324792,22.9354760015748,11.1929656922,7.54491968334996,4.23429429008969,2.37669113226917,1.12984568602585,0.460050771785374,0.18736004968247,0.0763204770315548,0.0979506790511202,531.370412585999,2290.20647824566,4013016.37316955,1587.35873932496
"188","70-0.579336",70,12,649.748002412949,493.855368316475,373.550781035773,281.544299291205,212.542141786269,161.928725466817,89.5657659938097,48.679309919461,25.5018775851018,12.8500651608042,6.27108582693206,4.22719413180805,2.37234917356578,1.33158936464485,0.633018939135547,0.257752766688357,0.104972264224468,0.0976389463709971,551.689078621093,2377.77992885691,4132864.8739189,1674.93218993622
"189","70-0.579336",70,13,658.156860495934,501.992208735245,381.55030291172,288.603552378057,217.519783259271,164.209045365866,90.7238495295103,50.1810352276435,27.2735697486769,14.2879436497812,7.1995093812562,3.51350290264478,2.36837116602127,1.32915669430218,0.746049922920517,0.354661687220113,0.144411210262021,0.113517036153179,567.805723367286,2447.242667713,4241674.70414835,1744.39492879231
"190","70-0.579336",70,14,665.507981812441,508.488852397623,387.836787023676,294.783944838549,222.973728536409,168.054747435045,92.0014449580182,50.8298749942297,28.1149417813502,15.2805700834015,8.00510993977107,4.03367101117112,1.96851119368789,1.32692793497085,0.744686970068963,0.417989586180088,0.198706396610486,0.144509526334649,582.86918032438,2512.16616719808,4343606.266416,1809.31842827738
"191","70-0.579336",70,15,672.332990995129,514.168293677396,392.856062941927,299.640852490162,227.748670283935,172.268439552334,94.1560774659546,51.5456737203754,28.4784674077197,15.7519658130383,8.56124901233626,4.48502504758989,2.25994591641512,1.10289828329375,0.743438262493266,0.417225964228123,0.234187135186683,0.192293675255212,597.803898583016,2576.5348028928,4438355.51495213,1873.68706397211
"192","70-0.579336",70,16,678.621960776871,519.441263231027,397.243972195711,303.518721133232,231.501093978355,175.957536780061,96.5168838547566,52.7528502412668,28.8795081479406,15.9556384111631,8.82535802153851,4.79661323178285,2.51282616089641,1.26618049190842,0.617921110732156,0.416526350506856,0.233759300515177,0.238944515633102,612.151420376527,2638.37262182283,4524392.96503794,1935.52488290213
"193","70-0.579336",70,17,684.224531300002,524.300091299265,401.317843331891,306.908798901623,234.497116802727,178.856641435215,98.583775327058,54.075539856519,29.5558532542285,16.1803296119746,8.93946972156141,4.94458565570687,2.6873997546575,1.40786177287427,0.709403276620249,0.346202822936813,0.233367327751888,0.264841891175449,625.199388745218,2694.60936549189,4601047.41258687,1991.7616265712
"194","70-0.579336",70,18,689.08682544515,528.628610572979,405.071750731039,310.056252317654,237.116274723058,181.171354384609,100.208057453322,55.23355768434,30.2969169122203,16.5592656622398,9.06535751962972,5.00851904783719,2.77030430345759,1.50567016608275,0.78878308510351,0.397457560036351,0.19396714649772,0.279131809886573,636.654663530962,2743.98159981845,4668867.8908577,2041.13386089775
"195","70-0.579336",70,19,693.279765583999,532.385195846622,408.415944083994,312.956503276007,239.547982225562,183.194903305991,101.504922285176,56.1435946576556,30.9457198646356,16.9744615924592,9.27766411999641,5.07905023751108,2.80612428185131,1.55211911940446,0.843582219244711,0.441931706175373,0.222683651508723,0.26506327649922,646.662330680218,2787.11464523174,4728975.54354986,2084.26690631104
"196","70-0.579336",70,20,696.922519659046,535.624641406407,411.318263955413,315.540211115743,241.788702287899,185.073628928305,102.638656570615,56.8701894574727,31.4555865185931,17.3379665929435,9.51028605282455,5.19799931223678,2.84564081000691,1.57218798810316,0.869606186516812,0.472634031447442,0.247601193042124,0.27327009940643,655.517123692609,2825.27880311514,4782409.30580938,2122.43106419445
"197","70-0.579336",70,21,700.115637196744,538.439015836526,413.821044149573,317.782529610451,243.784862646037,186.804798564952,103.691250668263,57.5053870632223,31.8626759778444,17.6236297170149,9.71394709487923,5.32833046361417,2.91228443933197,1.59432792370744,0.880850176851446,0.487214486423226,0.26480279288279,0.291828695767929,663.430849843846,2859.38696282698,4829880.72979764,2156.53922390628
"198","70-0.579336",70,22,702.921730317682,540.906003221708,415.995416415646,319.716165655471,245.517267223913,188.34702254017,104.661173535083,58.0951242346559,32.2185583071803,17.8517098352255,9.87399564839977,5.44243568911463,2.98530510773088,1.63166636740578,0.893254524384998,0.49351415983997,0.272971788219975,0.311864070282477,670.502704921341,2889.86665821098,4871900.45465291,2187.01891929029
"199","70-0.579336",70,23,705.380591018491,543.073977387793,417.901399107106,321.396075301065,247.011185212925,189.685470057118,105.525235766568,58.6385431738894,32.548970507047,18.0511001213147,10.001782156109,5.53210613421418,3.04923487237881,1.67257767646023,0.914174144038575,0.500463946889189,0.27650130789907,0.327666139983987,676.778097369331,2916.91359966182,4908933.88230877,2214.06586074112
"200","70-0.579336",70,24,707.525979066112,544.973681441653,419.576365611154,322.868628440965,248.309075395482,190.839663972587,106.27512810828,59.1226515471718,32.8534319787987,18.2362202512793,10.1134946040434,5.60370111443707,3.09947455619652,1.70839562248343,0.93709553390323,0.512184587684664,0.280395066913709,0.338497054641508,682.305844915926,2940.73819158764,4941471.24298766,2237.89045266695
"201","76-0.579336",76,0,497.3195,384.9299,252.3379,141.6849,79.56998,44.69591,25.11237,14.11297,7.933598,4.461228,2.50948,1.41212,0.7949381,0.4476985,0.2522591,0.1422124,0.08021953,0.1042105,110.7732964546,477.432907719326,1632713.66051762,0
"202","76-0.579336",76,1,496.485583667162,384.226674533801,297.395005435397,194.955058419875,109.465078201547,61.4753871668436,34.5318469606804,14.0697141328162,7.90707740707116,4.44495903431984,2.49949338279563,1.40598701843035,0.791168843133184,0.445380177987346,0.250832156132242,0.141333272184246,0.07967737868396,0.103330661327733,124.86748723179,538.178869969013,2029878.16698368,60.7459622496868
"203","76-0.579336",76,2,423.801897091862,383.582394751075,296.851696793115,229.765963251801,150.621348610323,84.5721975007271,47.4955910170308,19.3471669625341,7.88284243100786,4.43010033475698,2.49037836512281,1.4003918137874,0.787732715939022,0.443268375453007,0.249533269249568,0.140533797968833,0.0791848295118245,0.10253396262366,154.329026397242,665.158103772112,2470911.79893731,187.725196052785
"204","76-0.579336",76,3,492.675161529188,327.427325051044,296.353929304838,229.346205585212,177.516087708797,116.369335789851,65.3400765578672,26.6103672484428,10.8396423134384,4.41652219835543,2.48205347761777,1.39528494044283,0.784597889164773,0.441343215567825,0.248350089089228,0.139806070274071,0.0787369078832634,0.101811635377582,201.504257117783,868.483348177646,2889825.83094842,391.050440458319
"205","76-0.579336",76,4,551.856473832644,380.638480774961,252.968790195962,228.961632797071,177.19178493695,137.148082986092,89.9063939946889,36.6081018472378,14.9089974444804,6.07312924475297,2.47444605157132,1.39062075353479,0.781736659895266,0.43958686534801,0.247271479254932,0.13914316961501,0.0783291836966644,0.101155979733354,270.665911639795,1166.57007916751,3245056.43582282,689.137171448188
"206","76-0.579336",76,5,595.199170142351,426.361680490443,294.07947540316,195.442481177258,176.894665834435,136.897528210804,105.95995500766,50.3718789671234,20.5104308329185,8.35306791237654,3.40259371637645,1.38635853894651,0.779123454671781,0.437983803674006,0.24628744845617,0.138538856599974,0.0779577801703763,0.100560199636361,341.426218227153,1471.54700055903,3521385.55854442,994.114092839702
"207","76-0.579336",76,6,619.821704690785,459.84804100598,329.405001500013,227.204400556988,150.997929108697,136.667975408832,105.766377582891,59.366211810508,28.221865853372,11.491384467498,4.67997555225325,1.90637207477962,0.776735462585421,0.436519702497381,0.245389300671214,0.137987533406008,0.077619201558788,0.100018315413824,387.849115469626,1671.62968767409,3737527.50617515,1194.19677995476
"208","76-0.579336",76,7,633.159498832637,478.871293800489,355.276403974932,254.496733591086,175.537036584041,116.660280087399,105.589026182571,59.2577561359115,33.2611230768767,15.8118721909415,6.43828099251413,2.6220511313258,1.06808358282922,0.435181781544221,0.244569008320606,0.137484327910734,0.0773103115681619,0.0995250182705952,417.236368651489,1798.28874888792,3935387.04323588,1320.85584116859
"209","76-0.579336",76,8,645.63642106875,489.176009961307,369.973678383133,274.484855791127,196.62296295926,135.61907752301,90.1311761717836,59.1583914202929,33.2003585875969,18.6352181585439,8.85892178361394,3.60717738196029,1.46905727573229,0.598415469362759,0.243819410996926,0.137024742500102,0.0770283804932147,0.0990755766745067,411.973609830806,1775.60625837077,4136747.11603249,1298.17335065145
"210","76-0.579336",76,9,659.425595479524,498.815620592297,377.935052957197,285.839899923871,212.065690869782,151.909963705061,104.778652677017,50.4978177364978,33.1446874922905,18.6011736221822,10.4407585701142,4.96339043349658,2.02099421880698,0.823069105555835,0.335274392125836,0.136604765410767,0.0767708884545421,0.0986658103160934,429.267366573446,1850.14234993155,4373496.39759734,1372.70944221222
"211","76-0.579336",76,10,676.205876963872,509.469070996752,385.382570170067,291.99081996081,220.838543827104,163.840941659456,117.364913668067,58.7043632435837,28.292425600753,18.5699827629991,10.4216844287889,5.84964654515914,2.78084006124678,1.13230296155594,0.461141143855532,0.187844271698141,0.076535587780441,0.0982919652787784,459.843780352665,1981.92669331999,4610220.23038863,1504.49378560066
"212","76-0.579336",76,11,692.130453287968,522.433436464971,393.613375158036,297.744736250507,225.590715320714,170.618806026258,126.582730350005,65.7560709933932,32.8903090065266,15.8514047191311,10.4042091179257,5.83895987099115,3.27738300560262,1.55802199118703,0.634395677541915,0.258363669734367,0.105243559420314,0.0979506790511202,494.371861704286,2130.74272394547,4825538.48596789,1653.30981622615
"213","76-0.579336",76,12,705.485978366453,534.736688206291,403.629582106075,304.103816940614,230.036163612077,174.290311064375,131.819276043663,70.9205395657968,36.8411711588437,18.4274620619965,8.88107068356148,5.8291689739859,3.27139557986088,1.83622023698197,0.872913390040152,0.355433032808493,0.144753481071993,0.113843689334315,525.252346443328,2263.83761317074,5012796.38453269,1786.40470545142
"214","76-0.579336",76,13,716.17003480252,545.055103204213,413.135015740829,311.842290672465,234.949159033837,177.72484321886,134.65586333077,73.8544203963678,39.7346693217663,20.6410126373212,10.324359007358,4.97579980348509,3.26591003142528,1.83286566038973,1.02877959424891,0.48906741420951,0.199138558605794,0.144884304554764,549.751834795236,2369.43040796747,5175980.13234891,1891.99750024814
"215","76-0.579336",76,14,724.893615313822,553.30955426628,421.106973971125,319.186143377785,240.927866942849,181.520600057075,137.309366497842,75.4436759004228,41.3784355049614,22.262153612711,11.5645455693332,5.78443133157459,2.78779266222815,1.82979227072756,1.02690012474087,0.576394613362132,0.274009928557258,0.192745779861559,569.56324072922,2454.81756754294,5322147.1247219,1977.38465982361
"216","76-0.579336",76,15,732.421885747129,560.049350976213,427.484323505337,325.345240297067,246.601692528275,186.139721281738,140.241950133284,76.9303548164804,42.268848103456,23.1831069237185,12.4728226492237,6.4792709822468,3.24084486076623,1.56191732676417,1.02517819590797,0.575341602487436,0.322936761353084,0.261509343296267,586.696751800471,2528.66300026003,5455603.26183219,2051.2300925407
"217","76-0.579336",76,16,739.139293253997,565.865656818997,432.691458308801,330.272350140679,251.360181442197,190.523291876844,143.810661167983,78.57339421982,43.1017900900632,23.681978624043,12.9888054025658,6.98815162025302,3.63014285426919,1.81574900098189,0.875095830726628,0.574376856968156,0.322346790673864,0.327447772490385,603.106330326261,2599.38828370618,5577757.57225619,2121.95537598686
"218","76-0.579336",76,17,745.159918018434,571.055493830922,437.185108471412,334.295357662774,255.166843015439,194.199677723774,147.197386909366,80.5728368881479,44.0223362079303,24.1486512495572,13.2683083810787,7.27724141293237,3.91525354292472,2.03386109000676,1.01731016948069,0.490290170825892,0.321806272448496,0.364060570498889,618.860312182508,2667.28794550661,5687762.02440805,2189.85503778728
"219","76-0.579336",76,18,750.451065967119,575.706999818232,441.194751802238,337.767130353163,258.274999445739,197.140686305505,150.03774508609,82.4703186084122,45.1425644766413,24.6644058646916,13.5297711754942,7.43383862008354,4.07722195696583,2.19360013039179,1.13951188686106,0.5699686357361,0.274695002727737,0.38427079616328,633.398314060143,2729.94673359922,5785043.78931624,2252.51382587989
"220","76-0.579336",76,19,755.008633492714,579.794915495758,444.78848315015,340.864961673008,260.957274473293,199.542033144197,152.309954293921,84.0616868297828,46.2056670582122,25.2920364509032,13.81873314912,7.58032844855425,4.16495871532892,2.28434621624924,1.22900892095493,0.638434624015224,0.319336477181492,0.369198941147311,646.275685742356,2785.44820554956,5870073.62452234,2308.01529783023
"221","76-0.579336",76,20,758.893824133068,583.316070436038,447.946787311862,343.641461377878,263.350644180877,201.614346041685,154.16522341213,85.3347380791925,47.0972633493919,25.8876612133833,14.1703759024328,7.74222524938069,4.24703260998515,2.33350251289143,1.27985125430245,0.68857715080324,0.357695934409465,0.385765919592826,657.418598645675,2833.47416016286,5944112.8513067,2356.04125244353
"222","76-0.579336",76,21,762.206067355337,586.317750200602,450.667214830232,346.081552114761,265.495754614806,203.463452066434,155.766282476162,86.3741901951274,47.8105161071212,26.3871961015192,14.5040867444808,7.93924022709833,4.33773857308801,2.37948607539788,1.3073920655275,0.71706259825583,0.385789301057235,0.416539568127811,667.030188768861,2874.90011359379,6008623.27967777,2397.46720587447
"223","76-0.579336",76,22,765.044606105405,588.876773521705,452.986298304646,348.183341444746,267.380957084029,205.12075416003,157.194892974543,87.2712159772697,48.3928902170103,26.7868104113471,14.7839612874029,8.12620848818387,4.44812020637751,2.43030592915916,1.33315528816535,0.73249289579136,0.40174885017997,0.449521006178999,675.382122053003,2910.89694604844,6064891.31557908,2433.46403832912
"224","76-0.579336",76,23,767.488521273589,591.069815026159,454.963387521381,349.975054279936,269.004789499269,206.577252599308,158.475316670217,88.0716239562601,48.8954670874732,27.1130973067892,15.0078533016836,8.28301387182415,4.55287296310193,2.49214947582149,1.36162814097426,0.746927263302459,0.410393987031219,0.476941185911734,682.697346635633,2942.42556399958,6113930.28938552,2464.99265628025
"225","76-0.579336",76,24,769.595452160878,592.957972232771,456.657720931534,351.502543982236,270.389058293042,207.831817781063,159.600600419974,88.7890072763931,49.3439118759985,27.3946761819483,15.1906621462552,8.40845390944503,4.64072635656122,2.5508393303329,1.39627724109895,0.762879756020869,0.418481133906213,0.497147510302708,689.112681705399,2970.07565815027,6156547.9987583,2492.64275043094
