"","months","Months.closed","year","1","2","3","4","5","6","7","8","9","10","11","12","13","14","15","16","17","18","CatchTotal","RevenueTotal","Biomass","Profit"
"1","1","1",0,176931.359818497,136946.525494931,89774.263380513,50407.22182277,28308.6103558701,15901.4641307893,8934.22803056919,5020.97110640099,2822.53618423521,1587.17121330337,892.797551255263,502.389899687084,282.815134309881,159.277683454776,89.746226965368,50.5949128544146,28.5397040631377,37.0749777838275,129737.79628666,507897.243221432,580870516.648782,0
"2","1","1",1,176634.670228883,136696.325005966,105804.232650994,51662.921312853,29008.1392658307,16290.9218546592,9150.90872610205,5141.43254819034,2889.44765923203,1624.30143448525,913.378716964406,513.783437501539,289.11325895145,162.753282285432,91.6604616663864,51.6467870327711,29.1161509234467,37.7596653827122,113368.417556802,443814.434910334,608066825.710384,-21758.0380426457
"3","1","1",2,179045.497733043,136467.104043615,105610.928946149,60887.7816445731,29730.7640082224,16693.4838548416,9375.03224419425,5266.12705752739,2958.77031089242,1662.8073730195,934.74626288475,525.627401512153,295.669964909462,166.377700972074,93.6605848881404,52.7483828911951,29.7214791195369,38.4854178186202,119183.629062655,464536.621724103,635487551.500358,-1035.85122887662
"4","1","1",3,183788.75083056,138329.697878761,105433.833923537,60776.5400290273,35039.4484294991,17109.3369490259,9606.6969569507,5395.10473156833,3030.52899073499,1702.70088551483,956.905500929851,537.923908350116,302.485880269515,170.150926963855,95.7463503443178,53.8994055198466,30.3554209421627,39.2514225883894,125031.129740894,485426.778389128,659854590.817259,19854.3054361487
"5","1","1",4,189139.483858555,141994.312606579,106872.865039923,60674.6261188089,34975.4315652638,20164.3566752108,9846.01037344166,5528.4221810847,3104.75252846372,1743.99627342024,979.863254291787,550.67601489344,309.562223101758,174.073321708872,97.9177508122083,55.0997131868984,31.0178066778305,40.0570580558567,130070.395419838,507239.972402291,681148439.259941,41667.4994493117
"6","1","1",5,193150.782950451,146128.263432285,109704.128906144,61502.7537862838,34916.7825702619,20127.5165152903,11604.1004738764,5666.14127495105,3181.47350221096,1786.71012753439,1003.62775310921,563.887647724449,316.900752565693,178.14558617709,100.174994296467,56.3493017358552,31.7085547632954,40.9018688183991,134326.367799751,525294.877054415,700716777.798779,59722.4041014353
"7","1","1",6,196187.577104735,149227.373985239,112897.999603849,63132.0777910548,35393.3500508594,20093.7654345266,11582.8998512096,6677.87968526455,3260.72751602043,1830.86119578598,1028.20854498622,577.563543089249,324.503728314652,182.368732722335,102.518484188386,57.6482908683742,32.4276628065947,41.7855458651224,138188.957515153,540889.418932157,719445465.211981,75316.9459791774
"8","1","1",7,198830.681840967,151573.586669729,115292.357640833,64970.0732735637,36330.9866816925,20368.0185146774,11563.4769190232,6665.67923872923,3842.95854652938,1876.46996744264,1053.61641890318,591.709195403508,332.373875943931,186.744061720548,104.948803073152,58.9969127264061,33.1751996931424,42.7079099912003,141949.533005953,555581.01288234,737296859.625774,90008.5399293606
"9","1","1",8,201406.373968315,153615.636786901,117105.030374379,66347.9685210604,37388.7087103742,20907.6057600047,11721.3029458387,6654.50181014978,3835.93748408229,2211.52986971764,1079.86316593898,606.33081346497,340.514357357106,191.273141686024,107.466699285727,60.3955025736614,33.9512990150269,43.6688977104741,145577.469633833,569789.303297376,753960073.045856,104216.830344397
"10","1","1",9,203893.278829843,155605.604243865,118682.708558629,67391.1179190365,38181.6541611996,21516.2992527826,12031.8223792158,6745.32687846509,3829.50514377188,2207.48941777654,1272.68205093451,621.435182754882,348.92874556739,195.957792217936,110.073075468222,61.8444910588452,34.7561537084199,44.6685493672141,148973.646577816,583352.070061596,769272140.325886,117779.597108616
"11","1","1",10,206168.34299125,157526.975082585,120220.147927928,68299.0336269543,38781.9614568079,21972.620217041,12382.1107896898,6924.02331604739,3881.77277795696,2203.78776121261,1270.35686838396,732.397796181554,357.62094545543,200.800069499134,112.768978756034,63.3443976307007,35.5900116012547,45.7069992086828,152085.935589572,595904.35916506,783280155.629658,130331.886212081
"12","1","1",11,208187.947314518,159284.678806426,121704.589877032,69183.7928682827,39304.4450284976,22318.0825734971,12644.7124884636,7125.60583987626,3984.6082638308,2233.86652288028,1268.22665439402,731.059709756515,421.477250706664,205.80222069416,115.555592432753,64.8958248903703,36.4531716237432,46.7844671099317,154926.160714333,607357.345318893,796108915.447373,141784.872365914
"13","1","1",12,209979.56728973,160845.015477325,123062.583393528,70038.0533737133,39813.6026126911,22618.7592555998,12843.5177347121,7276.72677798818,4100.6141398409,2293.04586242385,1285.53625559496,729.833823031327,420.707214272128,242.549982795432,118.434209687325,66.4994537889942,37.3459805582949,47.9012516308653,157527.74912037,617805.138257499,807858764.177234,152232.665304519
"14","1","1",13,211588.008848162,162229.212527922,124268.092065947,70819.5458588002,40305.2089106528,22911.7671536043,13016.5499065523,7391.13439779774,4187.58059147647,2359.8044435412,1319.59253683926,739.795080647117,420.001746056216,242.106845416996,139.581659639819,68.1560285255912,38.2688302758523,49.0577241504059,159914.284551159,627370.026961413,818592392.015972,161797.554008434
"15","1","1",14,213041.801038013,163471.886807089,125337.516107534,71513.2869972949,40754.9389696175,23194.6747100924,13185.1688782779,7490.71023547942,4253.41941473431,2409.85153697892,1358.01048863692,759.393648342124,425.734209336927,241.700865489621,139.326644776418,80.3258754474471,39.2221490449846,50.2543239004248,162097.420725284,636128.294656277,828360475.932,170555.821703298
"16","1","1",15,214353.501397146,164595.079721442,126297.60033068,72128.7147159989,41154.1702470453,23453.4835019823,13347.9753472958,7587.74638303535,4310.72290543526,2447.74019033253,1386.8113827111,781.50225214443,437.012711911547,244.99975971886,139.093013129075,80.1791205499364,46.2256021532368,51.4915501064832,164085.405773936,644118.734062025,837220789.877382,178546.261109046
"17","1","1",16,215531.274250518,165608.493164861,127165.373821046,72681.2200087895,41508.3340419671,23683.2314642013,13496.9135590615,7681.43757560399,4366.56486578013,2480.71696585323,1408.61538803678,798.076471394634,449.735679670518,251.490265673442,140.991447118583,80.0446711770498,46.1411482525656,56.2338621115973,165888.956837466,651376.824056061,845239504.371958,185804.351103081
"18","1","1",17,216585.312896325,166518.434855881,127948.332215584,73180.602703361,41826.2874998016,23887.0441782232,13629.1279649163,7767.1479209211,4420.4818852812,2512.85266593717,1427.59272624847,810.624150083694,459.273742726695,258.812026470427,144.72657660654,81.1371741074486,46.0637758842448,58.914347004203,167521.460432666,657949.008102982,852483814.074046,192376.535150002
"19","1","1",18,217527.661193754,167332.780088088,128651.348827562,73631.1763578263,42113.6701848067,24070.0187174142,13746.417261543,7843.23411966996,4469.80611985661,2543.88060903597,1446.08604585092,821.54515008792,466.494628895644,264.300951498525,148.940073188772,83.2866509570856,46.6924849463066,60.4123754195475,168996.74652134,663888.511297709,859019242.750899,198316.03834473
"20","1","1",19,218370.382513695,168060.833889666,129280.508071254,74035.7454463221,42372.9644455418,24235.4005148583,13851.7146916139,7910.73127836875,4513.59189042089,2572.2655152856,1463.94187805105,832.187609067338,472.779400751521,268.456397167561,152.098817032949,85.7114165211,47.929456982222,61.6362614957009,170328.170457567,669249.718019579,864906211.61799,203677.2450666
"21","10","10",0,176931.359818497,136946.525494931,89774.263380513,50407.22182277,28308.6103558701,15901.4641307893,8934.22803056919,5020.97110640099,2822.53618423521,1587.17121330337,892.797551255263,502.389899687084,282.815134309881,159.277683454776,89.746226965368,50.5949128544146,28.5397040631377,37.0749777838275,129737.79628666,507897.243221432,580870516.648782,0
"22","10","10",1,176634.670228883,136696.325005966,105804.232650994,65742.285600519,36913.5412379289,20730.5822057393,11644.7471356215,6542.59415436582,3676.89028056809,2066.96187698343,1162.29595512963,653.80153941545,367.903439408378,207.107389488035,116.640098856505,65.7217543486627,37.0509886191982,48.0500645857343,20869.9586231444,81701.6687058548,730621723.004047,-2947.87183105051
"23","10","10",2,202905.7922117,136467.104043615,105610.928946149,77481.1378980944,48143.5096566704,27032.0298848281,15181.1421749921,8527.52518492986,4791.18488159012,2692.61102062521,1513.64982485087,851.156999312643,478.783182526669,269.41811691043,151.666108269687,85.4163142391386,48.128474485426,62.3200629448781,26748.8776085491,105016.224715373,887541778.875619,20366.6841784675
"24","10","10",3,227505.063668686,156764.047629639,105433.833923537,77339.5803191958,56739.9486728109,35255.8098777695,19795.7339011248,11117.2506131312,6244.76297618911,3508.61631150692,1971.81682214139,1108.45575711092,623.307888392419,350.616084623047,197.296665223591,111.066092110641,62.5509306810091,80.8821929412657,32883.3556619987,130443.301108668,1046026759.08285,45793.7605717622
"25","10","10",4,247153.890250792,175769.32747061,121115.155764442,77209.8924652769,56636.2851234769,41551.0389073983,25818.0622684456,14496.5465913488,8141.23599993432,4573.0811440697,2569.38288244197,1443.97447321484,811.729466948137,456.452480618691,256.75847290135,144.481650138215,81.3344323096532,105.037023114099,38818.4052741738,156043.298174414,1207091851.89784,71393.7576375083
"26","10","10",5,261563.713245368,190949.917204441,135798.544354435,88693.427949036,56541.3138520879,41475.1254060222,30428.1000365346,18906.7374032341,10615.91674877,5961.88085643583,3348.89750499516,1881.57604322099,1057.43203723747,594.434846212787,334.263164229015,188.025924359717,105.804866002193,136.48104689336,44875.9390167001,181487.550885746,1372294554.30353,96838.0103488406
"27","10","10",6,273233.810533291,202082.877745555,147526.995603364,99446.170326605,64950.7826803319,41405.5773171558,30372.5080784335,22282.6984879192,13845.5285883998,7774.10590216513,4365.92470069935,2452.41974625934,1377.89055520538,774.364460118694,435.308561263054,244.78312136446,137.692625414973,177.427573145863,51149.7259819631,206896.89096185,1541142662.95834,122247.350424945
"28","10","10",7,283623.560209857,211099.139268429,156128.267836663,108034.992586173,72825.0868935413,47563.8868441497,30321.5775539263,22241.9881300845,16317.7671726908,10139.1719683697,5693.02906271198,3197.19547424369,1795.92316661582,1009.03834791289,567.072205095535,318.779332531051,179.256295389687,230.76460125849,57620.9118545849,233347.766226231,1711077801.94061,148698.225689325
"29","10","10",8,292803.182318187,219126.210331328,163094.188500665,114333.761012627,79114.7381220599,53330.2917913671,34831.3482665414,22204.6913708368,16287.9547089525,11949.6086008841,7424.98255287299,4169.04275768313,2341.3273478782,1315.16638834237,738.925442018881,415.270718574329,233.444209215848,300.261008830249,64163.0351358313,260427.17057565,1878746592.43558,175777.630038744
"30","10","10",9,300705.342363999,226218.342604767,169295.865331644,119434.950691258,83727.367813805,57936.2448988886,39054.1246687424,25507.226229017,16260.6420459898,11927.7767369206,8750.77724808453,5437.36372974578,3053.01752791517,1714.56947005065,963.105026527848,541.119978236878,304.105488076579,390.835853729656,70630.0446619784,287452.377378149,2040992951.94108,202802.836841244
"31","10","10",10,307372.262369257,232323.513779507,174775.212911575,123976.479566814,87463.0026842745,61314.1040663743,42427.0945295344,28599.5932594648,18679.1101199844,11907.7754935644,8734.78963000969,6408.25193554274,3981.81734691285,2235.74488618035,1255.59053939804,705.288167600082,396.265731556172,508.91013134785,76897.4835073991,313754.476020015,2195273550.38651,229104.93548311
"32","10","10",11,312954.177802072,237474.344388408,179492.039052376,127989.041964318,90788.794254786,64049.7341379095,44900.723092388,31069.6413507562,20943.6709065834,13678.8356264933,8720.14258748794,6396.54409730526,4692.80518806215,2915.91112388529,1637.25073648528,919.477239134148,516.487180167675,662.866258735014,82866.1896883144,338848.798958674,2339737267.33208,254199.258421769
"33","10","10",12,317621.552531264,241786.905637825,183471.546222203,131443.204879164,93727.2201821428,66485.2332558431,46904.0430494446,32881.0958737462,22752.5034266167,15337.1884370456,10017.1016121607,6385.81797139336,4684.23146084691,3436.57221261196,2135.34096158129,1198.96952048998,673.339250940099,863.648307262242,88462.9742295792,362418.962499037,2473174620.62777,277769.421962132
"34","10","10",13,321524.175899686,245392.897100055,186803.410481671,134357.424245122,96256.7264828069,68637.0619566084,48687.5751282581,34348.140300586,24079.0435297417,16661.8084300997,11231.5243207676,7335.58962533396,4676.37664804718,3430.29361558404,2516.62451331664,1563.72427981666,878.013293278433,1125.54613327761,93638.736316375,384254.816879407,2594934933.38217,299605.276342502
"35","10","10",14,324787.353280811,248408.045307207,189589.382292408,136797.370433259,98390.828558892,70489.4361158006,50263.3734883014,35654.2326135473,25153.3698462847,17633.2425030315,12201.5522844214,8224.91939026433,5371.90069889887,3424.54148432756,2512.02665527317,1842.94074129538,1145.12561098316,1467.21979193484,98366.1196492503,404232.991400099,2704835400.0933,319583.450863194
"36","10","10",15,327515.729155921,250929.160593384,191918.87142135,138837.555978198,100177.617256567,72052.2531515915,51619.8793110946,36808.2001531716,26109.8298675204,18419.9787553911,12912.9398676764,8935.27727041442,6023.16275550056,3933.87833735538,2507.81433158891,1839.57369950342,1349.59766860502,1913.03778052627,102636.352359775,422305.588617126,2803067169.47112,337656.048080221
"37","10","10",16,329797.05400952,253037.090785888,193866.673071042,140543.456242387,101671.658596733,73360.7303080396,52764.3405412897,37801.5783203958,26954.8879131894,19120.4007417574,13489.0720178861,9456.23109292347,6543.36251962966,4410.80183985647,2880.8050707799,1836.48898706731,1347.13196167766,2389.24947340449,106455.596170732,438488.837124302,2890102893.39525,353839.296587396
"38","10","10",17,331704.773252411,254799.631490666,195495.249887385,141969.844246313,102920.90061946,74454.8266423961,53722.5469991512,38639.6748329263,27682.3453015298,19739.2423261424,14001.9956614186,9878.13646910223,6924.86044224593,4791.74756054419,3230.05929944598,2109.63256718568,1344.87300640101,2736.17678572863,109841.277741744,452848.93236959,2966639760.73148,368199.391832684
"39","10","10",18,333300.73106198,256273.526281923,196856.980432291,143162.461797833,103965.453969163,75369.6548208707,54523.7609660414,39341.3757463606,28296.0889092501,20271.9641729792,14455.1774381341,10253.7538386533,7233.82453387623,5071.12100723389,3509.02836501877,2365.39374398124,1544.89785292054,2988.57969847029,112819.813933798,465492.279125174,3033539554.3029,380842.738588268
"40","10","10",19,334637.234498689,257506.55567624,197995.704520643,144159.666063545,104838.815673641,76134.5881331061,55193.6956791758,39928.1100224767,28809.9491195155,20721.4126677356,14845.2931626368,10585.6218448268,7508.89161274352,5297.37745075569,3713.61538394677,2569.68463194833,1732.19345075964,3319.89553268528,115424.231803892,476554.991553592,3091699677.5027,391905.451016687
"41","11","11",0,176931.359818497,136946.525494931,89774.263380513,50407.22182277,28308.6103558701,15901.4641307893,8934.22803056919,5020.97110640099,2822.53618423521,1587.17121330337,892.797551255263,502.389899687084,282.815134309881,159.277683454776,89.746226965368,50.5949128544146,28.5397040631377,37.0749777838275,129737.79628666,507897.243221432,580870516.648782,0
"42","11","11",1,176634.670228883,136696.325005966,105804.232650994,67526.5149556233,37915.3656082858,21293.2050744458,11960.7826899433,6720.15853993779,3776.68017247953,2123.05871059833,1193.84037959736,671.545551330792,377.888247670522,212.728232764294,119.805682262391,67.5054264906747,38.0565432774544,49.3541314426348,10459.5061105428,40946.851812286,746152683.130898,-1377.91845616668
"43","11","11",2,205564.078813012,136467.104043615,105610.928946149,79583.9567983179,50792.1764027729,28519.2259606063,16016.348970955,8996.67611607195,5054.77704927369,2840.74789974721,1596.92489110419,897.984313230323,505.123952096547,284.240443162653,160.010181652568,90.1155842490163,50.7763140554796,65.7486679534089,13711.2666373776,53870.0058833964,923186676.901652,11545.2356149437
"44","11","11",3,232320.416445235,158817.827183386,105433.833923537,79438.5573817741,59861.5577182871,38204.9212139233,21451.6261769708,12047.1969091805,6767.13081707895,3802.10836783332,2136.75722099074,1201.17691286522,675.446936281127,379.94475054746,213.800323316072,120.356653650466,67.7832501029111,87.6479031298288,17179.9484049324,68298.6870581102,1105813898.62844,25973.9167896576
"45","11","11",4,253453.096515513,179489.646066685,122701.896055466,79305.3498316071,59752.1910077615,45026.7395166203,28737.0242493173,16135.5103491285,9061.67526892456,5090.10871400067,2859.87451075124,1607.22865336355,903.502715774435,508.058500588243,285.787306005596,160.816588031773,90.5300145798929,116.91239446715,20614.9726749114,83113.7991476187,1294390905.99663,40789.028879166
"46","11","11",5,268910.88099353,195816.653930622,138672.844763681,92294.0618733195,59651.9947901616,44944.475930868,33868.2678629698,21615.4499594909,12136.8278599939,6816.02195917165,3828.68418251287,2151.14389859052,1208.92720933223,679.597775039299,382.152062812141,214.963844496475,120.963217384605,156.034284320135,24180.4466422242,98114.2759291983,1490151152.99929,55789.5056607457
"47","11","11",6,281343.974325775,207759.264517275,151287.013193931,104307.109557483,69421.8600601379,44869.1102176726,33806.3907386757,25475.0750410091,16258.7355217322,9129.09398685864,5126.88371290795,2879.86433945983,1618.05004207254,909.332343226477,511.180683549455,287.447604837801,161.691766812763,208.352318773753,27917.7308038035,113311.335921401,1692269766.401,70986.5656529487
"48","11","11",7,292266.267230186,217365.013146107,160513.817192089,113795.250156841,78457.8489233267,52217.8193958387,33749.702064577,25428.5322301665,19161.8730243543,12229.5155206597,6866.73305267924,3856.34564605705,2166.17987233647,1217.06685469363,683.982711328417,384.50051020102,216.212690097674,278.340211756299,31809.5871369237,129289.540379915,1897684574.87257,86964.7701114623
"49","11","11",8,301779.79734676,225803.524567731,167935.172783542,120735.478845027,85594.650095038,59014.5205230062,39277.2630997553,25385.8920741218,19126.8643961117,14413.2010292571,9198.81190453866,5165.02764509086,2900.67077285593,1629.3598191489,915.454831604915,514.478950277098,289.214062859912,371.993405079147,35781.9566088769,145797.876319,2102313402.24582,103473.106050547
"50","11","11",9,309872.538147269,233153.632576302,174454.726473969,126317.683147981,90814.9597769102,64382.6883353581,44389.6140456746,29543.6196772771,19094.7912715163,14386.8681965545,10841.3391345275,6919.1735610568,3885.03679550261,2181.83008079253,1225.57385661304,688.587932106446,386.981404492158,497.347839918322,39747.0262054148,162424.74581013,2302130291.86692,120099.975541677
"51","11","11",10,316637.524575086,239406.045533453,180133.384876861,131221.568996808,95013.7890198871,68309.3072407319,48427.449060022,33389.0340489304,22222.1558925533,14362.7433945666,10821.5320722988,8154.6516968199,5204.47241066057,2922.25171664956,1641.1316120389,921.853638687337,517.942910860361,665.175849956811,43625.1324326375,178755.445299597,2493712442.72122,136430.675031145
"52","11","11",11,322256.765522639,244632.641792852,184963.96931672,135492.949202352,98702.3998604785,71467.5877433546,51380.9780588053,36426.2177162469,25114.6043660919,16715.0883306542,10803.3858493069,8139.75319658774,6133.77586212238,3914.70640739209,2198.06286142433,1234.42837815082,693.400994624351,889.919712935691,47348.9861580108,194469.020628282,2674422963.31615,152144.250359829
"53","11","11",12,326920.516624928,248974.040556992,189002.01266688,139126.424099717,101915.251834638,74242.0915455962,53756.5773404219,38647.8067619054,27399.1168823877,18890.7337523149,12572.7755332325,8126.10394843901,6122.56949004134,4613.71101127804,2944.568641518,1653.34160477878,928.513843500283,1190.94410148966,50866.1891285169,209337.793500678,2842417313.83113,167013.023232226
"54","11","11",13,330793.050143032,252577.232422353,192356.156652729,142163.764473319,104648.283415837,76658.7384632515,55843.506995332,40434.6879278218,29070.1544411261,20609.1011639649,14209.2551608202,9457.00563957853,6112.30278191652,4605.28178865417,3470.34677726598,2214.84923319889,1243.61250538629,1594.21646283588,54139.4790269741,223200.200663302,2996577068.03357,180875.43039485
"55","11","11",14,334010.807343363,255569.133354614,195139.965508274,144686.688588705,106932.913803658,78714.4734923407,57661.2634222027,42004.4372217403,30414.2128965293,21866.0242335899,15501.7788569515,10687.9348823894,7113.38203967966,4597.55936361129,3464.00647430897,2610.32967280373,1665.96799837982,2134.56165551509,57145.843067122,235952.892769999,3136410625.12578,193628.122501546
"56","11","11",15,336686.530821446,258055.157225668,197451.493903475,146780.617329961,108830.609942778,80432.9295647384,59207.5487044134,43371.7194685965,31594.9488355487,22876.9997623484,16447.2127849287,11660.1469330454,8039.26389929092,5350.55238104863,3458.19781121873,2605.56061599025,1963.44095793438,2858.68703177498,59874.7359888323,247544.408262447,3261938380.5844,205219.637993994
"57","11","11",16,338913.346880793,260122.408427271,199372.184093155,148519.305578366,110405.623818003,81860.340961882,60500.1390894939,44534.806218663,32623.3928640957,23765.1271614772,17207.6495915569,12371.2845784362,8770.54354566798,6046.98332780203,4024.58501773854,2601.19144870037,1959.85376296209,3627.11411437457,62325.8292859456,257967.493004125,3373574317.02671,215642.722735672
"58","11","11",17,340767.966668094,261842.835897502,200969.332515081,149964.012668513,111713.432465916,83045.0368200917,61573.8111356627,45507.0684314943,33498.2448747456,24538.7034455882,17875.6823421636,12943.2708633911,9305.44792737754,6597.03814438706,4548.42729692465,3027.21726870209,1956.56735737954,4202.41231416724,64506.6604600795,267249.662176549,3472070120.3417,224924.891908096
"59","11","11",18,342314.2941053,263275.706302542,202298.526575767,151165.357717065,112800.114007549,84028.745924427,62464.9171116392,46314.664381079,34229.5622521689,25196.7506982926,18457.5518953219,13445.7525527533,9735.68526902757,6999.38317481344,4962.16819993944,3421.24159335645,2277.0159784269,4632.66884339995,66431.5124060107,275448.353373214,3558427456.96827,233123.583104761
"60","11","11",19,343605.770870839,264470.391507803,203405.555418928,152165.15252727,113703.74319183,84846.1273721817,63204.8446258793,46984.9375612528,34837.0207588077,25746.8338954619,18952.5226806895,13883.4239031383,10113.6425591679,7322.99962335235,5264.80457579308,3732.44973055678,2573.39367566153,5197.33515921016,68119.6709032082,282643.282957634,3633714704.66196,240318.512689182
"61","2","2",0,176931.359818497,136946.525494931,89774.263380513,50407.22182277,28308.6103558701,15901.4641307893,8934.22803056919,5020.97110640099,2822.53618423521,1587.17121330337,892.797551255263,502.389899687084,282.815134309881,159.277683454776,89.746226965368,50.5949128544146,28.5397040631377,37.0749777838275,129737.79628666,507897.243221432,580870516.648782,0
"62","2","2",1,176634.670228883,136696.325005966,105804.232650994,53065.0402068774,29795.4129838385,16733.0534405827,9399.26212339955,5280.96975466217,2967.86655335089,1668.38457328205,938.167589213815,527.727392795807,296.959721222408,167.170366073145,94.1481039032467,53.0484680464285,29.9063560511013,38.7844533528801,103124.907633884,403713.164504398,620271676.266115,-19534.5381801286
"63","2","2",2,181679.5837552,136467.104043615,105610.928946149,62540.260964163,31366.4338321795,17611.8937480595,9890.80968389313,5555.84867768955,3121.55022842862,1754.28850153503,986.172329663066,554.5453559603,311.936564695431,175.531148383789,98.8134222774967,55.6503916701756,31.3566381253987,40.6027342983072,110780.840874828,432158.625706889,658264089.203745,8910.92302236258
"64","2","2",3,188607.183347431,140364.780180439,105433.833923537,62426.0002787119,36967.1812125644,18540.5149513292,10410.2870318053,5846.39955584743,3284.02954658962,1845.13001991736,1036.94963749072,582.920676304206,327.78850532967,184.383872662901,103.755431632614,58.408033980847,32.8946199089322,42.5347627163544,118137.060234308,459833.443800092,691983027.026498,36585.7411155649
"65","2","2",4,195523.593148461,145717.010595342,108445.159923144,62321.3204502013,36899.6423919803,21851.0838575754,10959.1895750609,6153.45956743097,3455.7724654509,1941.17059130533,1090.64552586554,612.934844953528,344.560990652665,193.753861738139,108.988224998129,61.3292267064341,34.5246460944072,44.5858653813206,124395.154001579,486892.59445209,722284050.179601,63644.8917675634
"66","2","2",5,200645.088564367,151060.595830916,112580.267622836,64101.2975753587,36837.7667597046,21811.1620571076,12916.0474261021,6477.91263928806,3637.27383618943,2042.68682269999,1147.41454395921,644.674169435386,362.302189590734,203.667979376304,114.526770548851,64.4223001539804,36.2513459702756,46.7617590405913,129898.776365574,510017.690349857,750749420.09568,86769.9876653306
"67","2","2",6,204673.96543584,155017.438770502,116708.696098197,66545.5354680592,37889.9007918541,21774.5877340121,12892.4498841432,7634.59983040998,3829.0561427773,2149.97121772777,1207.42019254666,678.230002858126,381.063118016625,214.154697947043,120.386947299676,67.69610192377,38.0796435321412,49.06855917523,135055.55858027,530599.023777917,778153099.148792,107351.32109339
"68","2","2",7,208330.684425375,158130.129832148,119765.734087518,68985.8253104575,39334.6754652098,22396.4979855326,12870.831016413,7620.65146184997,4512.76715295294,2263.33261359818,1270.8353688048,713.698989570232,400.897774216539,225.24417263333,126.5855851012,71.1600180083151,40.014768544606,51.512791155105,140099.287477325,550409.078191653,804271634.221666,127161.375507126
"69","2","2",8,211865.807042574,160955.293488618,122170.584360767,70792.8225244549,40777.1164692025,23250.4958156963,13238.4385161496,7607.87267601388,4504.52235415887,2667.47017907255,1337.84262459563,751.183328078264,421.863284097667,236.968321505227,133.140508505102,74.8239964335302,42.0622690127584,54.1014033712117,144948.955037044,569612.305773187,828688977.184395,146364.60308866
"70","2","2",9,215201.018798182,163686.512367579,124353.292331678,72214.3154071155,41845.221917287,24103.1142275956,13743.2316215203,7825.16331165174,4496.96888884875,2662.59672689339,1576.7259676993,790.790923716467,444.020056597442,249.360911351207,140.07058409527,78.6985731873012,44.2280251563323,56.8417823699351,149487.551495341,587885.667482709,851216417.378964,164637.964798182
"71","2","2",10,218207.68388844,166263.281068029,126463.419015403,73504.5012785973,42685.4580176095,24734.4650893403,14247.2093608507,8123.54355364954,4625.40810831444,2658.1319178792,1573.84529871806,931.993465839485,467.43187392565,262.457649539654,147.395771222198,82.7949001966387,46.5182647359323,59.7417700588666,153666.632384939,604822.42126277,871897431.511261,181574.718578244
"72","2","2",11,220864.630160451,168586.216181305,128454.218227613,74751.7847771976,43448.0793142538,25231.1237169684,14620.3971498847,8421.44183756621,4801.77891819166,2734.05158670677,1571.20617631336,930.290719311071,550.895867869127,276.296237360438,155.137176301771,87.1247753164791,48.9395795901648,62.8096829363032,157499.057632958,620336.95102243,890855294.557028,197089.248337903
"73","2","2",12,223217.658579246,170638.960203025,130248.906820624,75928.5345077075,44185.341270078,25681.9046896567,14913.9691498293,8642.03094945753,4977.86484547568,2838.30333732024,1616.0818469914,928.730749546429,549.889384389453,325.631314337506,163.317084345168,91.7006744253818,51.498943361842,66.0543332326926,161015.105346909,634531.709748963,908194196.199993,211284.007064436
"74","2","2",13,225318.948409463,172456.898740398,131834.847064541,76989.3644021648,44880.9111295406,26117.6959048181,15180.4231371911,8815.55963567629,5108.25377489633,2942.38669550484,1677.70444493456,955.256495112809,548.9672954169,325.036387859634,192.478758803037,96.5357700626649,54.2037304695605,69.485051885073,164235.79151016,647525.48134007,923991390.884914,224277.778655543
"75","2","2",14,227201.280534525,174080.345244498,133239.377710779,77926.8043725987,45507.9614542359,26528.8431665075,15438.0167668523,8973.05902381055,5210.82556289547,3019.45882644409,1739.2275071013,991.681251099349,564.646507943893,324.491346479618,192.127101253539,113.77306468738,57.0617271240027,73.1117133311178,167173.611106747,659394.310050383,938321500.849393,236146.607365856
"76","2","2",15,228883.031242564,175534.626069563,134493.644739427,78757.0141945216,46062.0767190057,26899.488933331,15681.0435002493,9125.32110650866,5303.92252687142,3080.08840834549,1784.78439136986,1028.04717207261,586.176967433812,333.759236984389,191.804930492612,113.565201973719,67.2505908124889,76.9447566764213,169840.329281173,670186.298771462,951271362.183497,246938.596086935
"77","2","2",16,230379.509572743,176833.938648186,135617.215171017,79498.4040739716,46552.8088723152,27227.0232142822,15900.130037731,9268.9727823169,5393.92375034135,3135.11747737368,1820.62218140203,1054.97557899436,607.672649892676,346.485765228486,197.283126177539,113.374768727728,67.1277243823722,85.2330236307415,172251.094049804,679953.166786599,962938625.987226,256705.464102072
"78","2","2",17,231707.620826832,177990.110671033,136621.057874278,80162.5399619471,46991.0400789053,27517.0921100391,16093.733628931,9398.47354882246,5478.83541283241,3188.31667235741,1853.14954114378,1076.1590863535,623.589873183648,359.19173697363,204.805702331737,116.612898046034,67.0151604083026,90.0595439585727,174423.867723082,688760.258757052,973423264.502715,265512.556072525
"79","2","2",18,232884.977103598,179016.203093651,137514.310866625,80755.9054923794,47383.6069045319,27776.1280043137,16265.1916508237,9512.91149533815,5555.38255588511,3238.50745771671,1884.59527307721,1095.38581779661,636.111320059475,368.600314244124,212.316127660048,121.059448661435,68.9291996440542,92.8459358934813,176377.204768136,696680.241384872,982825150.206303,273432.538700345
"80","2","2",19,233928.423514179,179925.822939571,138307.06498004,81283.9020937316,47734.3417871597,28008.171951001,16418.3062476703,9614.25932580675,5623.02615444418,3283.75402472664,1914.26275173774,1113.97320539019,647.476128175478,376.001668005143,217.877482466516,125.498816994967,71.5575296163991,95.6243331720368,178129.559054685,703787.921138242,991238761.4604,280540.218453716
"81","3","3",0,176931.359818497,136946.525494931,89774.263380513,50407.22182277,28308.6103558701,15901.4641307893,8934.22803056919,5020.97110640099,2822.53618423521,1587.17121330337,892.797551255263,502.389899687084,282.815134309881,159.277683454776,89.746226965368,50.5949128544146,28.5397040631377,37.0749777838275,129737.79628666,507897.243221432,580870516.648782,0
"82","3","3",1,176634.670228883,136696.325005966,105804.232650994,54505.2122605572,30604.0531156444,17187.1843682878,9654.35577041381,5424.29396637184,3048.41371684165,1713.66411755195,963.629225318987,542.049783584598,305.019134536819,171.7073284213,96.7032601345393,54.4881903357765,30.718007150286,39.8370538148472,92886.7211440207,363632.734262627,632807763.444323,-17290.1981534471
"83","3","3",2,184320.118205565,136467.104043615,105610.928946149,64237.5881633753,33092.0917833257,18580.8309451821,10434.9631718416,5861.50964308066,3293.28565746754,1850.80256231336,1040.42765658319,585.054262643926,329.09808889037,185.188182508324,104.249748534586,58.7120575702219,33.081757155245,42.8365372117984,101971.668404776,398131.710116492,682194000.129749,17208.7777004174
"84","3","3",3,193449.283058845,142404.844507005,105433.833923537,64120.226471209,39000.9702793177,20091.4094850432,11281.0965694263,6335.44471650636,3558.73515674831,1999.47320129034,1123.68938170725,631.681376470426,355.207668306782,199.807389267947,112.434464128992,63.2938044604521,35.6462201929204,46.0927507853367,110575.938142239,431486.238326618,726354290.496272,50563.3059105438
"85","3","3",4,201957.394517168,149457.993745768,110021.303895041,64012.7056580687,38929.7157381841,23678.9039909106,12198.2236039573,6849.16299944705,3846.47833393597,2160.63722266952,1213.95272032143,682.232590484087,383.516680717595,215.659462173223,121.31031492976,68.2630422349192,38.4279649533052,49.626694727038,117910.56506089,463177.832969081,766831261.232496,82254.9005530073
"86","3","3",5,208224.264064174,156031.320092702,115470.533368247,66797.925108725,38864.4359517291,23635.6427739118,14376.3216708508,7405.98409498897,4158.37534093374,2335.33654470868,1311.8012446452,737.034738062386,414.208156716289,232.846890643654,130.934683495277,73.6518932671837,41.4449694874722,53.4611784678818,124541.17577372,490918.512980621,805420463.585818,109995.580564547
"87","3","3",6,213259.845749514,160873.073624955,120549.053962972,70106.3500170386,40555.4437264941,23596.0090472392,14350.056216517,8728.38645163265,4496.4416292087,2524.70053311358,1417.86754105312,796.442127071465,447.48052870367,251.48079919279,141.369794870385,79.4951965902523,44.7167364537924,57.62096556797,130878.993531744,516112.526811894,842799662.487506,135189.59439582
"88","3","3",7,217915.289523259,164763.540025934,124289.769657027,73189.7041161062,42564.1085162171,24622.6812161565,14325.9931431637,8712.43974140998,5299.32007597711,2729.95284158939,1532.83728843792,860.838823649201,483.548909839373,271.681663330185,152.6831167788,85.8307312863384,48.2644178931459,62.1329316544924,137109.295916043,540711.663619115,878551036.768448,159788.731203041
"89","3","3",8,222377.789131215,168360.313688871,127295.525449096,75460.8283251313,44436.1246521981,25842.2144832813,14949.3230640304,8697.83017658176,5289.63824966281,3217.40947462301,1657.45341135753,930.641128327445,522.646480609418,293.580086059242,164.947794273156,92.6994594582031,52.1109508569492,67.026236067152,143111.093626762,564669.35554979,912106548.863619,183746.423133716
"90","3","3",9,226524.905104174,171808.019609257,130074.375632048,77285.7317137082,45815.0065546686,26978.7833951793,15689.7459545164,9076.27638561599,5280.7682528284,3211.53128661612,1953.40601793811,1006.30009755821,565.02599216985,317.317639712687,178.243121175028,100.145790120965,56.2812049238716,72.3325084150271,148746.977260419,587505.134368415,943194006.093969,206582.201952341
"91","3","3",10,230226.395696776,175012.061636959,132738.056787845,78972.8724749768,46922.9716083923,27815.9526232668,16379.7981750417,9525.81398457635,5510.53667615908,3206.14598973921,1949.83715674161,1185.98366201552,610.961297256776,343.047778687032,192.655051183781,108.217865430438,60.802142418127,78.0860514047591,153961.707886849,608741.923701896,971811173.381494,227818.991285822
"92","3","3",11,233480.031209809,177871.815620492,135213.484381919,80590.0899415885,47947.2959731226,28488.6384037619,16888.0739854654,9944.76972238271,5783.46726147151,3345.64673541874,1946.56754763195,1183.81687690675,720.053708062398,370.936768913599,208.276752030783,116.967870995863,65.7029921890822,84.3240612592432,158760.83308168,628262.838623254,998058120.193131,247339.90620718
"93","3","3",12,236347.386377689,180385.558904875,137422.916674595,82093.0118411392,48929.1673688871,29110.5428875297,17296.4859274842,10253.3624068654,6037.83048938379,3511.35279553754,2031.26351134642,1181.8317785966,718.738174213058,437.170729327993,225.209169794977,126.452372327028,71.0154380133725,91.0868670497155,163167.562611813,646155.657617098,1022034458.52376,265232.725201024
"94","3","3",13,238889.230832769,182600.863836336,139365.02275085,83434.4383430445,49841.6457793068,29706.6726336672,17674.0667019416,10501.3241138318,6225.18830371073,3665.78593936491,2131.86967217175,1233.25377089191,717.532949010665,436.372021001195,265.422210095206,136.732657450728,76.7738228641566,98.4181903887064,167199.12664248,662526.710715394,1043829164.51061,281603.77829932
"95","3","3",14,241145.452631916,184564.680743089,141076.55677856,84613.5614005086,50656.0744748494,30260.6713808616,18035.9986980899,10730.5671004333,6375.73485192809,3779.53766568407,2225.63163654118,1294.33542106666,748.753106095515,435.640285055897,264.937285293296,161.147453124585,83.0153569259994,106.365427118329,170868.096468359,677448.703827816,1063540676.70542,296525.771411742
"96","3","3",15,243142.45788384,186307.826947685,142593.792357448,85652.69580227,51371.9628609895,30755.1405889629,18372.3514362898,10950.3091459942,6514.91658590681,3870.93993685506,2294.69443644132,1351.26171126925,785.837991926199,454.595175072706,264.493021853917,160.853037684533,97.838465135324,114.979944626841,174188.820128641,690976.748389598,1081287624.13303,310053.815973524
"97","3","3",16,244903.742589573,187850.703683814,143940.538803984,86573.8645667079,52002.8590555391,31189.7824002362,18672.5616316064,11154.5210960528,6648.32995389067,3955.44221699239,2350.18807129473,1393.19224265006,820.400007963545,477.110754680332,276.001223256391,160.583309232846,97.6597148404337,129.209777504663,177180.146860804,703176.498394799,1097204943.61692,322253.565978725
"98","3","3",17,246453.423592424,189211.463849846,145132.558014046,87391.5231936409,52562.1340319393,31572.8223685237,18936.4484438029,11336.7895970948,6772.31443747151,4036.44231286101,2401.49247126362,1426.88444164894,845.857554782079,498.094608508057,289.671248489363,167.570355815679,97.4959529118105,137.740699506519,179864.378730797,714130.990366391,1111433613.24031,333208.057950317
"99","3","3",18,247815.157343314,190408.740003936,146183.874830364,88115.2413018889,53058.5642485678,31912.3784968932,19169.0059050353,11497.0048544516,6882.97625705781,4111.71779093367,2450.6705681056,1458.03320416624,866.313311129258,513.550808767768,302.411307431166,175.869924075818,101.73804237856,142.82070594307,182264.998039552,723932.818367214,1124117671.93294,343009.88595114
"100","3","3",19,249011.072245518,191460.809007273,147108.884678529,88753.5338822867,53497.959768191,32213.779291631,19375.1627494831,11638.1989262261,6980.24875232297,4178.90459635613,2496.37304179759,1487.89101091405,885.22485491395,525.970240570037,311.795327351513,183.604876061909,106.777011373187,148.480488566616,184405.996250668,732678.994811972,1135395736.09718,351756.062395898
"101","4","4",0,176931.359818497,136946.525494931,89774.263380513,50407.22182277,28308.6103558701,15901.4641307893,8934.22803056919,5020.97110640099,2822.53618423521,1587.17121330337,892.797551255263,502.389899687084,282.815134309881,159.277683454776,89.746226965368,50.5949128544146,28.5397040631377,37.0749777838275,129737.79628666,507897.243221432,580870516.648782,0
"102","4","4",1,176634.670228883,136696.325005966,105804.232650994,55984.4702272244,31434.639540429,17653.6402969397,9916.37259585344,5571.50796170393,3131.14691040814,1760.17253744329,989.78188392441,556.760880513542,313.29727833328,176.36742280435,99.3277626733584,55.9669863316194,31.5516862593587,40.9182215927555,82647.9759919012,323550.116971069,645684076.924936,-15048.045176552
"103","4","4",2,186966.174880655,136467.104043615,105610.928946149,65980.9804025598,34912.6886548569,19603.0752599489,11009.0538467251,6183.98687384973,3474.46929506597,1952.62644751325,1097.66789842201,617.241649504198,347.203772719115,195.376508708032,109.985160103087,61.9421642988441,34.9017854561438,45.193235185008,92732.158812974,362359.712682685,707338092.897016,23761.5505350635
"104","4","4",3,198309.197810983,144449.175278064,105433.833923537,65860.4335431239,41146.6504297935,21772.0347118377,12224.7484070237,6865.3979893939,3856.41960165319,2166.72702710529,1217.68481410259,684.520857811085,384.920415366745,216.5210667804,121.839488545869,68.588264491005,38.6279889404386,49.9483608061198,102284.063602866,400118.721695569,763139871.700495,61520.5595479477
"105","4","4",4,208426.74051157,153212.740711715,111600.74410161,65749.9946417343,41071.475743765,25659.619351851,13577.341469733,7623.52190323719,4281.35698208023,2404.91651217828,1351.20089178954,759.365063596469,426.87665864332,240.041685918506,135.025526919171,75.9807873898645,42.772588788149,55.2374347445643,110507.099371035,435631.708499845,815123414.833682,97033.5463522235
"106","4","4",5,215864.89586004,161029.505962827,118371.432971906,69595.7649801101,41002.6045199426,25612.7393796482,16001.6929301526,8467.01761344805,4754.13352275992,2669.91333005377,1499.73914354869,842.62753320247,473.550538803296,266.206178548289,149.693309781191,84.2037829893514,47.3826681421958,61.1204039756877,118101.957232705,467352.352129841,865259843.8863,128754.189982219
"107","4","4",6,221912.978611024,166776.189320725,124410.628535414,73818.0600477984,43400.8800044984,25569.790333514,15972.4579321787,9978.87665907348,5280.14909444927,2964.74330881534,1664.99481819319,935.258037982742,525.474164519328,295.312654678645,166.00984865864,93.3508149116029,52.5106417393371,67.6640139590897,125467.917710236,496621.065861127,914135908.186646,158022.903713506
"108","4","4",7,227542.15306571,171448.909217524,128850.488698155,77584.185789076,46033.9615092235,27065.3880405395,15945.6743139785,9960.64531066656,6222.965270716,3292.77388242728,1848.85486389592,1038.31375850479,583.239826321791,327.692944625082,184.161049069303,103.526033850734,58.214857146243,74.9425746385564,132748.130246206,525515.228584233,961126566.41203,186917.066436612
"109","4","4",8,232888.085871678,175797.982561913,132460.609811392,80352.9438911664,48382.5695233139,28707.414023892,16878.3496949613,9943.94267653463,6211.59595011502,3880.72706814406,2053.4192589738,1152.97142170379,647.506796609894,363.716408940555,204.35384497977,114.845373054576,64.5602641738534,83.0388130693138,139791.362346216,553817.73046848,1005462093.87699,215219.568320859
"110","4","4",9,237797.352788955,179928.224758967,135820.683141351,82604.2652651337,50109.2053061759,30172.0384105379,17902.3397709109,10525.5719222905,6201.17995684408,3873.63700283223,2420.07498391409,1280.54060305419,719.008898548395,403.794178996302,226.818574730912,127.437879401995,71.6191603962973,92.0448225841924,146439.514714235,580902.356955545,1046722509.80464,242304.194807923
"111","4","4",10,242143.449455874,183721.100972396,139011.688570242,84699.6533888437,51513.1604007286,31248.7923257349,18815.6997616322,11164.1462726808,6563.8919855052,3867.14144560674,2415.65352128759,1509.19217582796,798.562801485497,448.383877050332,251.811625522644,141.447195062818,79.4720212290849,102.063119622646,152622.607859169,606203.399606048,1084807411.6615,267605.237458426
"112","4","4",11,245941.341407345,187078.874535534,141942.046648709,86689.6084349961,52819.8733673291,32124.3181081988,19487.1783707286,11733.730174367,6962.11576770169,4093.33367492714,2411.60280211256,1506.4348906835,941.153079437473,497.994789384572,279.618376913808,157.033206635049,88.2084239127007,113.207820432139,158331.522974398,629543.255822963,1119761203.02094,290945.093675342
"113","4","4",12,249266.766740551,190013.107749297,144536.246494083,88517.0201944631,54060.836810968,32939.202356974,20033.1683377391,12152.4735066273,7317.31615348151,4341.67152409062,2552.65939952894,1503.90880627452,939.433598349403,586.916055570387,310.556426861925,174.373880752041,97.9280759373384,125.605951084314,163578.050979837,650970.963818719,1151662578.33645,312372.801671098
"114","4","4",13,252190.237456119,192582.315506459,146803.221084927,90134.7990381755,55200.4360166683,33713.0842953755,20541.3414070164,12492.9603889635,7578.45027739419,4563.17938919114,2707.52631126128,1591.87364810162,937.858297232349,585.843763421653,366.008956260539,193.667275885425,108.74195975288,139.398905759017,168373.54639684,670568.001278164,1180605468.93546,331969.839130543
"115","4","4",14,254761.102449439,194840.975042512,148788.178748403,91548.5156949083,56209.3052415392,34423.7540953835,21023.9448693939,12809.864131706,7790.78259858649,4726.0262345452,2845.66167446948,1688.4507926259,992.714387194772,584.861383893649,365.340260070616,228.248238894639,120.773587356983,154.744070007306,172729.373746853,688398.043528827,1206711132.06729,349799.881381206
"116","4","4",15,257015.682403249,196827.213078741,150533.208336909,92786.3627017074,57090.9184689641,35052.8988742557,21467.12836945,13110.8223145263,7988.40814829736,4858.43960187837,2947.21521578544,1774.59391246502,1052.94122803593,619.070399034951,364.727634632474,227.831230717395,142.338753375804,171.816615419134,176661.42798988,704519.973043764,1230133397.59498,365921.810896143
"117","4","4",16,258986.666981958,198569.090801459,152067.76637353,93874.5872480821,57862.8569543212,35602.685055998,21859.4717406464,13387.1976645408,8176.08982666799,4981.68162344786,3029.79001998883,1837.92410305845,1106.66126701272,656.62868858237,386.060848825091,227.449189035173,142.078701318518,195.911625768245,180191.542288663,719011.007084093,1251051545.26655,380412.844936471
"118","4","4",17,260705.898193601,200091.864089526,153413.532797015,94831.558828556,58541.4888074038,36084.0765542222,22202.3259949067,13631.8684082093,8348.44131106667,5098.72250954682,3106.6454463381,1889.41889113429,1146.15484831601,690.129246642689,409.482716783401,240.752875969983,141.840454850337,210.775434866849,183346.02746921,731970.484927985,1269657403.98046,393372.322780364
"119","4","4",18,262203.435208656,201420.133926531,154590.020178955,95670.7973522856,59138.2694986389,36507.2807482028,22502.5283801465,13845.6770552215,8501.0213651777,5206.20327500894,3179.63375898403,1937.34699620839,1178.26770918873,714.757989262046,430.374127358099,255.359076232749,150.136817717247,219.89613766971,186153.289427511,743510.814184474,1286151017.35259,404912.652036853
"120","4","4",19,263506.943981285,202577.123884265,155616.235121976,96404.4711283407,59661.6302300563,36879.4414274725,22766.4443590225,14032.8874077851,8634.35538967698,5301.35430354416,3246.6602483968,1982.86351578084,1208.15633729359,734.784012709538,445.73295132375,268.387248331098,159.245445880284,230.757660312362,188643.050337515,753752.115201697,1300727382.85469,415153.953054076
"121","5","5",0,176931.359818497,136946.525494931,89774.263380513,50407.22182277,28308.6103558701,15901.4641307893,8934.22803056919,5020.97110640099,2822.53618423521,1587.17121330337,892.797551255263,502.389899687084,282.815134309881,159.277683454776,89.746226965368,50.5949128544146,28.5397040631377,37.0749777838275,129737.79628666,507897.243221432,580870516.648782,0
"122","5","5",1,176634.670228883,136696.325005966,105804.232650994,57503.8748888808,32287.7678751505,18132.7557240128,10185.5004930669,5722.71730842295,3216.12546236543,1807.94318433619,1016.64431920966,571.87123297105,321.800088902922,181.153990995236,102.023493561322,57.4859164846776,32.4079912130543,42.0287319964869,72402.7586319396,283442.162294303,658909850.36557,-12831.2295848653
"123","5","5",2,189616.819732757,136467.104043615,105610.928946149,67771.6878754968,36833.4476131589,20681.55944053,11614.7287349462,6524.20553484696,3665.62094453696,2060.05228281215,1158.05727347065,651.199859925708,366.305560135127,206.12535658545,116.036111481731,65.3499788086289,36.8219445632912,47.6795894212687,83037.0999015558,324741.369190921,733760451.679411,28467.9773117522
"124","5","5",3,203180.966257129,146497.050852807,105433.833923537,67647.8694041401,43410.3774717998,23593.2424674508,13247.3357262137,7439.68129498025,4179.00503661075,2347.97145916175,1319.54286534527,741.780306072329,417.118602400619,234.632825800318,132.031233342189,74.3256005226781,41.8591795008604,54.1264885412739,93192.3671869686,365441.693640912,802524924.353902,69168.3017617436
"125","5","5",4,214917.005949417,156976.645785136,113182.923006605,67534.4332183087,43331.0669699063,27806.0194650322,15112.3808983078,8485.42898071331,4765.40253620788,2676.81375191802,1503.96619193657,845.218050051978,475.138868415131,267.180537306158,150.291365827846,84.5710924004297,47.6084110585391,61.4825189133063,102062.253448411,403734.704688045,867528740.602522,107461.312808876
"126","5","5",5,223542.254737265,166043.854095216,121279.408085734,72498.0233649281,43258.4067219433,27755.2180325667,17810.8268925331,9680.06227760418,5435.24422380656,3052.42394555516,1714.6023514412,963.34829695745,541.394729110781,304.344753332934,171.139429180014,96.2674108593066,54.1710433868725,69.8769441529536,110406.390153608,438574.972627815,930865264.109528,142301.580748646
"127","5","5",6,230598.948956431,172707.680184443,128284.689994623,77684.1340329329,46437.7774685581,27708.6763439922,17778.2866175516,11408.5209137796,6200.45288223165,3481.48335688965,1955.19515352691,1098.26887338022,617.061704063865,346.784185087991,194.944541561599,109.621398756675,61.6629860438563,79.4575158525444,118596.564227954,471168.072889024,993023651.803493,174894.681009855
"128","5","5",7,237166.580947121,178159.648492607,133433.130258749,82171.2870240148,49759.6811833099,29745.1858151286,17748.4748726692,11387.6776138078,7307.59723989631,3971.62898773107,2230.02423906003,1252.37783366945,703.483532039956,395.25179815522,222.12863288245,124.869490498785,70.2167298497298,90.3931191382873,126738.18863064,503647.742003977,1053152683.05778,207374.350124808
"129","5","5",8,243340.805216683,183233.769654848,137645.294979235,85469.0613935616,52633.875573664,31872.9931444557,19052.9376599814,11368.5820425005,7294.2463031276,4680.79760944653,2543.98140196953,1428.4164527037,802.196259251826,450.608308991089,253.174006612418,142.281948450754,79.9837201520172,102.87679691654,134658.964779825,535663.712163051,1110227040.73583,239390.320283883
"130","5","5",9,248950.492700185,188003.94588747,141565.536796315,88167.1152007149,54746.2271276322,33714.0254003117,20415.8802433658,12204.1407215048,7282.01485391227,4672.24582000613,2998.2312299564,1629.51811298571,914.95577788636,513.837614382012,288.63198480711,162.167706569201,91.1370704093608,117.129207187779,142182.022683016,566464.161392769,1163607266.44249,270190.769513601
"131","5","5",10,253879.269795953,192337.963690834,145250.952209948,90678.1811398251,56474.4345528762,35067.0679640348,21595.1323421374,13077.1579632445,7817.22238367083,4664.41110547991,2992.75347930116,1920.4826310251,1043.76914017248,586.064430931956,329.132791269864,184.879907874356,103.87466472486,133.402575744425,149217.613594392,595388.153685696,1213030909.40853,299114.761806528
"132","5","5",11,258159.169442532,196145.913375142,148599.393700694,93038.8317191664,58082.8690435975,36174.0514114182,22461.8082398151,13832.5143716038,8376.42356621968,5007.23215097682,2987.73504275887,1916.97392066101,1230.14312545958,668.574352929542,375.396850323248,210.822234996123,118.422704810324,151.985215318251,155736.265089782,622175.617346029,1258441656.62203,325902.22546686
"133","5","5",12,261879.467023404,199452.543435985,151541.397470893,95183.6375165745,59594.9567005626,37204.3156791335,23170.8737922952,14387.6536789355,8860.25845126579,5365.42205561249,3207.32513202502,1913.75941868462,1227.8956612733,787.95407189272,428.247634645812,240.456147472592,135.039764944959,173.206692235709,161734.193650354,646814.465537476,1299870593.15956,350541.073658307
"134","5","5",13,265121.565789238,202326.827608986,154096.084090242,97068.1042930614,60968.7874577401,38172.8660873791,23830.7977540444,14841.8374871056,9215.84656831214,5675.33694267362,3436.75956776443,2054.41533213364,1225.83664889581,786.51448448182,504.714944596678,274.309111284531,154.02142774393,197.443733217036,167214.236120499,669347.037908173,1337403440.23715,373073.646029004
"135","5","5",14,267946.095528911,204831.657657489,156316.742338023,98704.4795102733,62175.8610406004,39052.8576239777,24451.1916108367,15264.5442128824,9506.76879811502,5903.10483320966,3635.27199460806,2201.37692882243,1315.93218123197,785.195607715904,503.792833389626,323.289369756452,175.705555492307,225.126978297065,172184.730663038,689819.840305861,1371180474.12761,393546.448426692
"136","5","5",15,270400.68753582,207013.875867304,158251.962090735,100126.896684671,63224.0224202486,39826.034764917,25014.8600979772,15661.9303832552,9777.52874376594,6089.45173125182,3781.16610487855,2328.53178732258,1410.06674665461,842.905267750053,502.948042001924,322.698721997425,207.079298357301,256.748682823728,176661.779927402,708290.622454395,1401393650.57585,412017.230575226
"137","5","5",16,272527.972296167,208910.28194861,159937.933475055,101366.479504424,64135.1354292151,40497.422516473,25510.1098489115,16022.9817686165,10032.0698980256,6262.88390939888,3900.52847341762,2421.98258656178,1491.5143330716,903.202084108645,539.913302929967,322.15760056199,206.700965708727,297.099694226905,180669.275916555,724844.80498136,1428274384.24505,428571.413102191
"138","5","5",17,274367.86212654,210553.812011788,161403.08777161,102446.409140151,64929.135989034,41081.0255058418,25940.1595737839,16340.2083171182,10263.3372224288,6425.92732671525,4011.61846623219,2498.43878289745,1551.37317084272,955.372401557782,578.535737172463,345.835274536672,206.354356578769,322.703735201716,184236.943595942,739595.708306889,1452076734.19849,443322.31642772
"139","5","5",18,275956.968736171,211975.302122336,162672.871262246,103384.896922612,65620.8725327071,41589.6134589392,26313.9797759413,16615.6717366312,10466.5330501589,6574.06295921828,4116.05405743361,2569.59620382932,1600.34631061588,993.714293638758,611.952835732133,370.57443187368,221.520819110785,338.882093521013,187397.770551824,752674.269602994,1473070710.71811,456400.877723825
"140","5","5",19,277328.482198248,213203.038312246,163771.107744142,104198.242175827,66222.0101193073,42032.6973692448,26639.7499568778,16855.1179802019,10642.9779845495,6704.21771644768,4210.94063803337,2636.49122411969,1645.9253805698,1025.0834767029,636.5122950048,391.979371133163,237.367202637585,358.959659059016,190187.01966792,764223.177702478,1491522192.14848,467949.78582331
"141","6","6",0,176931.359818497,136946.525494931,89774.263380513,50407.22182277,28308.6103558701,15901.4641307893,8934.22803056919,5020.97110640099,2822.53618423521,1587.17121330337,892.797551255263,502.389899687084,282.815134309881,159.277683454776,89.746226965368,50.5949128544146,28.5397040631377,37.0749777838275,129737.79628666,507897.243221432,580870516.648782,0
"142","6","6",1,176634.670228883,136696.325005966,105804.232650994,59064.5158168892,33164.0499016638,18624.87422516,10461.9324547816,5878.03043937639,3303.41031118434,1857.01031475899,1044.23579433811,587.391676653322,330.533663646348,186.070465461793,104.792385918191,59.046070026042,33.2875360711941,43.1693813776418,62145.1204880882,243285.582759733,672494568.023022,-10663.0388509826
"143","6","6",2,192271.112177986,136467.104043615,105610.928946149,69610.9947059164,38859.8791827104,21819.3775833767,12253.7254758286,6883.14168985769,3867.28900672957,2173.38826549453,1221.76903466542,687.026317663254,386.458252844101,217.465563841004,122.419962431121,68.9452778834843,38.8477432802343,50.3027330987559,72859.9504394542,285170.031518869,761528614.53114,31221.4099081527
"144","6","6",3,208058.546994994,148547.744540609,105433.833923537,69483.8158319013,45798.645881504,25566.7923322423,14355.4613968325,8062.00279377618,4528.5744031929,2544.37679692555,1429.92123521459,803.82944682836,452.010133842532,254.259614372202,143.075506848479,80.5428586661673,45.3606557459409,58.6541122576681,83225.9602850298,327141.277540309,844709374.775491,73192.6559295933
"145","6","6",4,221413.218732269,160745.041407427,114767.279172312,69367.3010160703,45714.9720274062,30131.9636853449,16820.9702116324,9444.78233297326,5304.17375312222,2979.45139724095,1674.00297041876,940.77748158467,528.857551022589,297.387677652966,167.283143845243,94.1326079328853,52.9909661242394,68.4336654916268,92439.0560534379,366905.352722314,924454107.873093,112956.731111598
"146","6","6",5,231230.602544206,171062.797118,124190.852576209,75507.9854813467,45638.3142980815,30076.9127665991,19824.4995689188,11066.896276378,6213.93564799849,3489.73572981519,1960.24837800218,1101.36436881398,618.958756650657,347.947329346012,195.658070910937,110.059359146923,61.9319691499,79.8880080389726,101253.215421604,403728.235660648,1002911238.25849,149779.614049932
"147","6","6",6,239281.667011433,178647.661042866,132162.301444241,81707.9672958108,49678.4093216244,30026.477914831,19788.2803259136,13042.9860881987,7281.16105380254,4088.28863134962,2295.97596737479,1289.69168854994,724.612497306126,407.226947852968,228.922407867541,128.727864633525,72.4105385479684,93.3065666082792,109998.584935089,438622.767071447,1080453353.63266,184674.145460731
"148","6","6",7,246742.262529744,184867.875063631,138022.331148773,86952.5635756352,53757.5174106843,32684.5476937871,19755.0980976467,13019.1566300578,8581.27517950875,4790.44033371584,2689.77744219257,1510.57445345347,848.517295145009,476.738930475518,267.923807969069,150.613223335762,84.6929700162997,109.029026917696,118746.131990584,473697.4547865,1155976354.47808,219748.833175784
"149","6","6",8,253679.426946601,190631.895589757,142828.038843901,90808.0094922859,57208.0557750027,35368.2850498251,21503.9022491896,12997.3252925173,8565.59724070679,5645.81478570164,3151.73890830321,1769.66533944048,993.841055764742,558.258695897863,313.657311564311,176.273125477355,99.091841881699,127.454077829516,127311.421983108,508504.645134079,1228139723.38003,254556.023523363
"150","6","6",9,259917.578200882,195991.515742562,147281.293620152,93969.7931425415,59744.6407354381,37638.472184998,23269.5936795076,14147.9030481001,8551.23391058401,5635.49991560997,3714.50908258509,2073.60022338639,1164.30280234047,653.870480773362,367.291006711091,206.362230581048,115.974071140189,149.049678094483,135503.065407191,542196.280089708,1296004341.30226,288247.658478992
"151","6","6",10,265357.571974597,200811.081658781,151422.110596113,96899.6900557987,61824.8496214587,39307.3487301777,24763.2010777035,15309.591325861,9308.22500674188,5626.04995626445,3707.72269654596,2443.85943363751,1364.26842816842,766.021114459122,430.196159785126,241.649050166391,135.770373080094,174.365111325663,143209.873623308,574023.076322458,1359069041.62918,320074.454711742
"152","6","6",11,270049.74430491,205013.994911045,155145.684243809,99624.0270824906,63752.4949850464,40675.9651467783,25861.1926555503,16292.2693726977,10072.5259664198,6124.09149833481,3701.50535482446,2439.39451696258,1607.87032649348,897.58301677725,503.982595092649,283.035771357931,158.98636879027,204.045140937783,150378.742327323,603631.447582222,1417117014.95897,349682.825971506
"153","6","6",12,274097.172932462,208639.144881668,158392.834983467,102073.850298277,65544.8978558062,41944.2065756653,26761.6363121352,17014.6628346375,10719.0520514547,6626.94236473979,4029.17813576836,2435.30398739853,1604.93275695364,1057.8542084846,590.540142520611,331.581533931563,186.215627559744,238.846630882144,156987.114244839,630930.788086171,1470091791.79011,376982.166475455
"154","6","6",13,277593.289859329,211766.168941608,161193.608566443,104210.224120799,67156.6918892932,43123.4689134859,27596.0409969013,17607.0850567074,11194.3310284362,7052.30648066374,4360.01507983133,2650.88731188422,1602.24150515121,1055.92151512667,695.98617996084,388.529699659868,218.154981372316,279.658061692915,163026.617584083,655910.456528368,1518048152.92183,401961.834917652
"155","6","6",14,280611.274703349,214467.252210194,163609.532445837,106052.916328588,68562.2604863456,44183.9046174354,28371.9043276784,18156.0587474428,11584.0989907465,7365.00325584499,4639.87174038045,2868.55241076222,1744.07864420933,1054.15087977232,694.714617342443,457.905029645239,255.622466024854,327.522446286789,168500.354157356,678590.053053179,1561135985.86886,424641.431442463
"156","6","6",15,283210.87769848,216798.932911255,165696.37650067,107642.407222899,69774.6093149988,45108.6599482638,29069.5889318198,18666.51675898,11945.2811828193,7621.44040283903,4845.60201237723,3052.67642950692,1887.28542966601,1147.46873756206,693.549676345383,457.068439874871,301.266062763208,383.664210652225,173422.878573344,699019.302825509,1599585753.0778,445070.681214793
"157","6","6",16,285444.998656259,218807.373790664,167497.821893105,109015.389066945,70820.371279872,45906.2916287608,29678.0063535586,19125.5392202598,12281.1230395049,7859.070325861,5014.31780412334,3188.03102275891,2008.42478083306,1241.68771665677,754.945602971459,456.301998877689,300.715651455295,450.631098983693,177818.79300526,717286.610439465,1633688246.66984,463337.988828749
"158","6","6",17,287361.656862854,220533.444990594,169049.533740505,110200.600684041,71723.6870497853,46594.3220484943,30202.7862541085,19525.8307857528,12583.1242857825,8080.02826981097,5170.65989837598,3299.03295332235,2097.47762530069,1321.38803224418,816.934397659789,496.69576589673,300.211392609874,494.327999520015,181720.162488495,733515.075818664,1663772111.22995,479566.454207948
"159","6","6",18,289003.889763394,222014.245982588,170383.088119848,111221.506960548,72503.4645457875,47188.633898802,30655.457009385,19871.0953367415,12846.4851490314,8278.72171173741,5316.03312098861,3401.89394879151,2170.50830287562,1379.97791026192,869.371035660045,537.47959420641,326.787364399109,522.74541418052,185163.689778501,747850.874478097,1690193299.21419,493902.252867381
"160","6","6",19,290410.128784746,223283.027291554,171527.147905962,112098.882510794,73175.1418466723,47701.667128059,31046.4682007983,20168.9176521588,13073.6424964156,8451.99277280957,5446.75802478018,3497.53827582945,2238.18287535391,1428.02644275124,907.918639912959,571.978842854357,353.619966322672,558.926805388572,188189.425771745,760456.502231042,1713305353.51107,506507.880620326
"161","7","7",0,176931.359818497,136946.525494931,89774.263380513,50407.22182277,28308.6103558701,15901.4641307893,8934.22803056919,5020.97110640099,2822.53618423521,1587.17121330337,892.797551255263,502.389899687084,282.815134309881,159.277683454776,89.746226965368,50.5949128544146,28.5397040631377,37.0749777838275,129737.79628666,507897.243221432,580870516.648782,0
"162","7","7",1,176634.670228883,136696.325005966,105804.232650994,60667.5121533093,34064.1140054318,19130.3487005925,10745.8667114998,6037.55873025238,3393.06404919072,1907.40911495371,1072.5760952706,603.333341334668,339.504265446103,191.120371828179,107.63642532812,60.6485657482652,34.1909515590312,44.3409877006059,51869.0743344843,203056.939588551,686447971.554471,-8566.91175371234
"163","7","7",2,194928.106424068,136467.104043615,105610.928946149,71500.2198683486,40997.7970553959,23019.7940099705,12927.8773067846,7261.82510186173,4080.05205335289,2292.95954864852,1288.98596663847,724.823806343844,407.719667526261,229.429664744235,129.155027777681,72.7383761875561,40.9849934832474,53.0701918350818,62172.7666867389,243533.37026582,790713761.469073,31909.5189235565
"164","7","7",3,212935.848663267,150600.525626867,105433.833923537,71369.589391179,48318.3074356353,27705.4275630741,15556.2806118185,8736.38083001074,4907.3848788386,2757.21123417929,1549.53263938311,871.068932807962,489.820305113394,275.528163121212,155.043622192749,87.2801839002816,49.155026788317,63.5604669257593,72303.648157806,284876.844277977,889909122.174499,73252.9929357139
"165","7","7",4,227900.199038237,164513.221421883,116353.248052115,71249.9123920924,48230.0301748386,32652.4706881086,18722.7307705237,10512.5991296371,5903.85785661221,3316.30492489824,1863.26392175246,1047.14075829588,588.64960933746,331.010004364513,186.195993765887,104.77513799031,58.9820669992018,76.1707011260125,81484.4055362389,324493.087869875,986349186.362871,112869.236527612
"166","7","7",5,238903.535459209,176074.607173162,127102.130489098,78629.0170976878,48149.1550384336,32592.8148180343,22065.8358833875,12652.4178956443,7104.18789800469,3989.69988480216,2241.08738695611,1259.15359660058,707.635153862265,397.796717943029,223.689426194836,125.827239225685,70.8047798782782,91.3333275488579,90410.7457263617,361823.314079246,1082159355.8393,150199.462736982
"167","7","7",6,247923.950483431,184575.732429273,136034.401997085,85892.880161829,53135.7949455723,32538.1611440748,22025.5217322437,14911.6162719629,8550.2312973516,4800.85705426291,2696.15318616841,1514.47855058982,850.908860158136,478.20458425913,268.822447677068,151.164492709029,85.0313361256565,109.569438193636,99359.8040900577,397648.965529208,1177564526.48797,186025.114186945
"168","7","7",7,256222.108975739,191544.862068613,142602.3308375,91929.1167162923,58044.5570353921,35908.0249087959,21988.5879574144,14884.3728375712,10076.9488641793,5778.06201480101,3244.31571720385,1822.00220898232,1023.45196066268,575.025866780967,323.160350582241,181.66441580707,102.153705897904,131.507008762845,108371.330198503,433963.102712532,1271172087.68149,222339.251370268
"169","7","7",8,263847.90873092,197955.979755037,147986.64716879,96367.5814582313,62123.7155908456,39225.2605231901,24265.8692538888,14859.4137886306,10058.538338436,6809.7848388314,3904.68976637247,2192.43863208752,1231.26982048605,691.626775021909,388.590086376292,218.384799364129,122.764896517007,157.902874528169,117257.966912306,470257.23606611,1361259534.90495,258633.384723846
"170","7","7",9,270634.375571092,203847.636286893,152939.846125798,100006.186378677,65123.1343945655,41981.8679507479,26507.5855807458,16398.3514031313,10041.6715511417,6797.34340236371,4601.90581258395,2638.7051804841,1481.60277064915,832.065605280754,467.386466891398,262.600804508595,147.579740235409,189.66923001923,125820.682492069,505627.224089077,1446498060.93368,294003.372746814
"171","7","7",10,276507.036480604,209090.828210461,157491.711871521,103353.451470103,67582.0251714981,44008.8105273331,28370.4414629982,17913.2549777496,11081.6524199925,6785.94519106537,4593.49815798801,3109.86875637148,1783.18008500383,1001.23521719973,562.292001291745,315.849700044224,177.459963458215,227.905584865601,133929.075106922,539258.07740422,1526056625.05644,327634.226061957
"172","7","7",11,281536.784558486,213628.018028931,161542.576952691,106429.504227878,69844.0347716624,45670.4759142262,29740.2055665234,19172.1328300512,12105.3916027325,7488.74184596849,4585.79549247532,3104.18704461832,2101.58227389385,1205.03466589281,676.613178660414,379.984814550762,213.444419307944,273.93730010606,141506.384935443,570705.866934476,1599480845.98795,359082.015592213
"173","7","7",12,285841.453142697,217513.977412601,165047.988173605,109166.991535367,71922.7649225921,47199.0932455343,30863.1232186213,20097.7898866349,12956.1141208368,8180.56271947931,5060.73032342928,3098.98174929194,2097.74269555751,1420.20400214512,814.336453292245,457.240602080843,256.785547291222,329.362060711357,148509.964049713,599793.092386038,1666570003.1736,388169.241043775
"174","7","7",13,289527.562644823,220839.743836563,168050.26186559,111535.872881079,73772.6998398265,48603.8542755463,31896.1298625391,20856.6334319957,13581.6532076023,8755.46266031683,5528.24795789579,3419.93247106844,2094.22506917348,1417.60929786561,959.743252864384,550.311022520893,308.99334329428,396.105919370301,154918.219035815,626445.999003841,1727311632.40546,414822.147661578
"175","7","7",14,292681.557407511,223687.61446293,170619.733147844,113564.744729619,75373.5387932089,49854.0004181935,32845.4370877014,21554.717056015,14094.4633190649,9178.18849197156,5916.75294623378,3735.87081133268,2311.11664901813,1415.23216177595,957.989807639841,648.573803501076,371.888327341412,476.490883647599,160726.788239025,650647.753770729,1781846345.50702,439023.902428466
"176","7","7",15,295375.495366838,226124.375778673,172819.984415432,115301.138038501,76744.6066571361,50935.8128776083,33690.2589046291,22196.2384169383,14566.2131853346,9524.7345119331,6202.42195162266,3998.41410842123,2524.62096947616,1561.80281644569,956.383390308427,647.388863012962,438.292196722837,573.316384397792,165946.562211489,672431.589831096,1830437733.59931,460807.738488832
"177","7","7",16,297672.377696825,228205.699401641,174702.614589758,116788.020419824,77918.0238281912,51862.3509873698,34421.3244467763,22767.1507911073,14999.7394933753,9843.53290322629,6436.61028228694,4191.46306481084,2702.04207065945,1706.08443423264,1055.43267947726,646.303280805913,437.491439481768,683.623274405496,170600.950518904,691881.327321152,1873440303.49343,480257.475978888
"178","7","7",17,299627.984332025,229980.2597385,176310.635297335,118060.261312483,78922.826892485,52655.32101915,35047.4589302887,23261.1891267392,15385.5497701087,10136.500637758,6652.04736358338,4349.7224908617,2832.50039431407,1825.98179018942,1152.93508685973,713.238655468436,436.757826425424,757.625158579395,174722.60280201,709122.879389704,1911269308.75086,497499.028047441
"179","7","7",18,301291.346642943,231491.152100732,177681.652152678,119146.927046583,79782.5798652299,53334.3452719735,35583.3309856943,23684.3173146819,15719.41022858,10397.2229068273,6850.02864380723,4495.31022676354,2939.44870323665,1914.14271335145,1233.95913568793,779.128680762003,481.991309863913,807.138276939785,178350.331744038,724311.390855126,1944384096.03432,512687.539512863
"180","7","7",19,302705.605675418,232776.257891414,178848.960387965,120073.430685843,80516.9251457996,53915.3477994101,36042.200939725,24046.4480992715,16005.3511376758,10622.8386084674,7026.21913350647,4629.10170855158,3037.83375708846,1986.41607530414,1293.53638729632,833.882986527341,526.518368730842,871.165988219964,181527.442959227,737623.203650092,1973244750.71323,525999.352307828
"181","8","8",0,176931.359818497,136946.525494931,89774.263380513,50407.22182277,28308.6103558701,15901.4641307893,8934.22803056919,5020.97110640099,2822.53618423521,1587.17121330337,892.797551255263,502.389899687084,282.815134309881,159.277683454776,89.746226965368,50.5949128544146,28.5397040631377,37.0749777838275,129737.79628666,507897.243221432,580870516.648782,0
"182","8","8",1,176634.670228883,136696.325005966,105804.232650994,62314.0134134394,34988.6056261434,19649.5416281458,11037.5068736506,6201.41657944766,3485.15096745063,1959.17572610826,1101.68554495408,619.707658848722,348.718327157813,196.307331403123,110.557651263523,62.294552807653,35.1188855195458,45.5443911291158,41568.5906346307,162732.628364368,700780067.003262,-6566.45270944259
"183","8","8",2,197586.852813903,136467.104043615,105610.928946149,73440.7181339659,43253.3347695858,24286.2526319353,13639.1183227464,7661.34218735217,4304.52048685825,2419.10917400767,1359.90091011424,764.700764345812,430.150801708418,242.05198347237,136.260629957627,76.7401558572852,43.2398267952027,55.9899052777719,50946.1249090218,199713.061127221,821390912.847562,30413.9800534104
"184","8","8",3,217806.76068187,152654.660411035,105433.833923537,73306.5423779866,50976.5908687584,30022.9573768133,16857.5470884576,9467.16987817235,5317.88245150048,2987.84904777881,1679.14941143822,943.93293091839,530.79325735861,298.575803555726,168.012857771005,94.5810792889936,53.2667929690672,68.8772329904691,60337.4025470949,238278.76302187,938357337.356464,68979.6819480594
"185","8","8",4,234362.704213504,168276.464823468,117940.262792468,73183.6173747737,50883.4569399127,35383.8154450036,20839.5023054677,11701.1421295143,6571.34159124492,3691.2427452546,2073.92250996776,1165.52935114634,655.201692597832,368.433634688973,207.247109885377,116.620900896696,65.6505152093651,84.7824775765989,69027.218979055,275770.296061683,1053711059.7771,106471.214987872
"186","8","8",5,246534.354748782,181067.507859039,130009.594398421,81864.566089324,50798.13237126,35319.1694242757,24560.5752387296,14465.0925253283,8121.98396460903,4561.29243105562,2562.16137318911,1439.54882210281,809.01595720423,454.787881555728,255.736751151716,143.854137020936,80.9487720546591,104.418384259594,77612.4022796953,311721.479777611,1169469934.2018,142422.398703801
"187","8","8",6,256488.170477511,190471.267029467,139891.893261377,90242.1173302274,56823.7429891611,35259.9440280952,24515.7032135959,17047.9595959592,10040.4941873977,5637.62261762258,3166.07930857294,1778.44464732148,999.218052389913,561.553270509528,315.676866446836,177.511713730604,99.8518760984583,128.666847602169,86309.6948691099,346668.39362552,1285669427.23672,177369.312551709
"188","8","8",7,265559.16882031,198161.537602754,147157.192760332,97101.6077979106,62638.7596848118,39442.4342733959,24474.5937464387,17016.813074999,11833.311050759,6969.29683309292,3913.18043931396,2197.63550346493,1234.45205156989,693.576140587877,389.784741341439,219.117280937229,123.214236396091,158.619166314362,95131.9083649579,382393.775585241,1400583470.51873,213094.694511431
"189","8","8",8,273791.82977406,205169.74767285,153098.659138865,102144.589532125,67400.0616985174,43478.7472959409,27377.7392965454,16988.2782166622,11811.6916617291,8213.72491152577,4837.52068784851,2716.21252241374,1525.42034970893,856.85650656613,481.424311382498,270.556957926282,152.093447156066,195.62589294012,103898.985614671,418368.837000367,1512032435.26768,249069.755926557
"190","8","8",9,281040.487285852,211530.262273271,158513.168824626,106268.673670117,70900.490658849,46783.6570370537,30179.4204728268,19003.4064275586,11791.8850771001,8198.71848488109,5701.30174325907,3357.81456376523,1885.37446236715,1058.82310312032,594.760300257108,334.165715956814,187.798699431906,241.358567666838,112414.244353375,453686.701438888,1618196519.00895,284387.620365077
"191","8","8",10,287262.759528656,217130.540506057,163427.272078657,110026.987205429,73763.0954256927,49213.3709547537,32473.4208041357,20948.1062983779,13190.6236646991,8184.97036004254,5690.8854988254,3957.38132428529,2330.72256888857,1308.67405772337,734.949133145672,412.834368475003,231.950740917631,297.886172400173,120534.874799529,487508.060984572,1717807140.54126,318208.979910761
"192","8","8",11,292552.969994529,221937.838373719,167754.02033978,113437.959176191,76371.811902248,51200.3590415554,34159.9311686557,22540.4152968903,14540.4766099882,9155.86125713743,5681.34266546381,3950.15121210262,2746.89319229922,1617.798597858,908.375404219643,510.142087681848,286.556139877659,367.769818210368,128164.687577857,519320.254940124,1810074912.41268,350021.173866314
"193","8","8",12,297045.074845159,226025.029756495,171468.115751653,116441.236942308,78739.4320322848,53011.1184662572,35539.1371641257,23711.054024731,15645.7283887868,10092.8197057118,6355.25639203068,3943.52735105711,2741.87463474646,1906.67049535907,1122.94459159048,630.520541093832,354.099267401697,454.18001767653,135242.648194972,548864.487112532,1894577188.38873,379565.406038722
"194","8","8",13,300859.562110658,229495.608546215,174625.860326694,119019.260783431,80824.063907334,54654.5283588642,36796.0195135928,24668.3869803615,16458.2908609484,10859.9958603895,7005.61696457953,4411.30360914562,2737.2768875693,1903.18701968484,1323.45603682897,779.457070522816,437.656227694525,561.041932459931,141733.616792035,576001.927437565,1971179347.49767,406702.846363754
"195","8","8",14,304096.315469182,232442.663220473,177307.212952284,121211.110990782,82613.5189935319,56101.5107537328,37936.7413890554,25540.8127807475,17122.7937640291,11424.0108339786,7538.12843716526,4862.73117775297,3061.96923171549,1899.99563644781,1321.03809050766,918.635855373217,541.03588844709,693.215273558576,147624.207823705,600673.098670764,2039979185.01767,431374.017596953
"196","8","8",15,306839.299701359,234943.363432775,179584.093342374,123072.288539729,84134.9236598357,57343.6053590814,38941.1192248353,26332.6094000891,17728.3610054673,11885.2548615718,7929.62189315319,5232.3574581143,3375.31364141745,2125.37073089563,1318.82289106908,916.957513119815,637.642514215479,856.717065321741,152919.502699857,622886.277179576,2101257600.49998,453587.196105765
"197","8","8",16,309160.955808207,237062.579972299,181516.122403327,124652.714263386,85426.8021825071,58399.6411004329,39803.2805724633,27029.7670438748,18277.9620080313,12305.590532228,8249.78009261942,5504.10046718031,3631.87823047756,2342.86900951066,1475.2600048881,915.419901310693,636.477545127986,1037.26323533385,157639.32765588,642711.134516128,2155430425.50404,473412.053442317
"198","8","8",17,311124.091393258,238856.280411041,183153.418997565,125993.772160003,86523.8055555723,59296.35840625,40536.2949451095,27628.2095346021,18761.8723084924,12687.0789784284,8541.54302815476,5726.32832608683,3820.50019042809,2520.95534118393,1626.22967192476,1024.00585948849,635.410259702405,1161.77511813434,161814.388658965,660266.254871522,2203008789.59213,490967.173797711
"199","8","8",18,312783.011445943,240372.989604031,184539.223404366,127130.250679494,87454.659194591,60057.8091865702,41158.7233797034,28137.0086684442,19177.2625549854,13022.9702664028,8806.34137078043,5928.84649548058,3974.75274855876,2651.88140952278,1749.84276149812,1128.79675949142,710.781826113619,1247.46034691793,165483.084044868,675705.669891958,2244573076.72273,506406.588818147
"200","8","8",19,314184.827451914,241654.663327183,185711.025695363,128092.163717174,88243.5104203319,60703.9322953938,41687.2607617082,28569.0480120342,19530.4296527381,13311.3004895321,9039.48986385778,6112.64803116452,4115.32443858286,2758.9510262978,1840.72102071653,1214.59894189533,783.519170899305,1359.25291327468,168689.429934072,689209.356043985,2280710205.53124,519910.274970174
"201","9","9",0,176931.359818497,136946.525494931,89774.263380513,50407.22182277,28308.6103558701,15901.4641307893,8934.22803056919,5020.97110640099,2822.53618423521,1587.17121330337,892.797551255263,502.389899687084,282.815134309881,159.277683454776,89.746226965368,50.5949128544146,28.5397040631377,37.0749777838275,129737.79628666,507897.243221432,580870516.648782,0
"202","9","9",1,176634.670228883,136696.325005966,105804.232650994,64005.2003101381,35938.1877205609,20182.8253232142,11337.0620775995,6369.72149010312,3579.73710187378,2012.34727027348,1131.58501789521,636.526371286248,358.182456223215,201.635063776773,113.558158547593,63.9852115483286,36.0720033780163,46.7804546287438,31237.593836779,122288.864530391,715501131.974276,-4685.44627496701
"203","9","9",2,200246.399180858,136467.104043615,105610.928946149,75433.8810420947,45632.9633068329,25622.3868313817,14389.4890249498,8082.83913318899,4541.33829164159,2552.19905611388,1434.71731515618,806.771595901012,453.816008761651,255.368732584004,143.757154451698,80.9620977215039,45.6187121767719,59.0702498825636,39149.0396613078,153584.454120021,853639138.590396,26610.143314663
"204","9","9",3,222665.184307449,154709.413253712,105433.833923537,75296.0637893166,53781.1226120116,32534.3461167626,18267.6631343144,10259.0886599507,5762.71771344528,3237.77947139041,1819.60848985783,1022.89192567107,575.193553873068,323.551354820049,182.066956235624,102.492686881724,57.7225040569775,74.6387409325455,47231.7904852192,186945.964493748,990305867.969208,59971.6536883901
"205","9","9",4,240785.576455265,172030.059752146,119527.755041878,75169.8026319495,53682.8648203228,38343.6343119369,23195.5937230755,13024.0605055604,7314.29030942229,4108.57062693437,2308.39792856913,1297.30282927232,729.278081856266,410.088339869768,230.678242249649,129.805932846538,73.0728909062039,94.3678920866827,54876.3719465833,219923.459271849,1127089342.10442,92949.1484664911
"206","9","9",5,254096.454317851,186029.788329456,132909.603943578,85218.1640483075,53592.846029142,38273.5807197129,27337.3671065613,16537.4637078926,9285.59667458882,5214.77535712864,2929.23468333761,1645.78874000148,924.921289507433,519.944001246305,292.375401922975,164.463695344386,92.5460640993733,119.378098488218,62551.607162165,252112.11513906,1265815248.32788,125137.804333702
"207","9","9",6,264936.938779446,196313.709101248,143725.727493199,94758.8485075377,60756.8968497724,38209.4011815663,27287.4218991722,19490.3705329321,11790.5025046974,6620.23226675918,3717.91122240321,2088.41872494968,1173.37680093769,659.42921920855,370.697777922935,208.451124644919,117.25556265102,151.092840711867,70411.3558614223,283817.534540131,1406280566.77345,156843.223734773
"208","9","9",7,274707.585988009,204689.015710005,151671.03564885,102470.280807888,67558.995768931,43317.0622253883,27241.6646404635,19454.7617416917,13895.7984516297,8406.12271438759,4719.94173360756,2650.71127920702,1488.95300043044,836.567345197379,470.144757266401,264.29162030452,148.616713581052,191.320904938504,78447.8998725571,316516.32730875,1546372448.56924,189542.016503392
"209","9","9",8,283459.527798895,212237.77115794,158141.75760221,108134.944831616,73056.9163363211,48166.6670837961,30883.2079504928,19422.1387782832,13870.4109103644,9907.1084504039,5993.20504458485,3365.11606707662,1889.84348076327,1061.55964366975,596.436645493005,335.193052334519,188.428592570927,242.360945631756,86500.5709320906,349707.690729685,1683370232.22542,222733.379924327
"210","9","9",9,291080.560958152,218999.479672707,163973.890069626,112748.292122705,77095.5788869852,52086.448699976,34340.7682656554,22018.4030105895,13847.1521363121,9889.00822208809,7063.34351276902,4272.89821084346,2399.18346115726,1347.37736614298,756.846506734909,425.233753300538,238.978273386696,307.134468676239,94388.8171579589,382551.80270927,1814849328.01763,255577.491903912
"211","9","9",10,297567.437423327,224887.453555279,169197.953829032,116906.352492747,80384.6976872679,54965.8419225599,37135.4044795132,24483.4952566641,15698.1772073001,9872.42571351466,7050.43882610952,5035.861051601,3046.39320437165,1710.51493189388,960.622287122519,539.599106063078,303.173432270575,389.354968021317,101969.658468507,414248.985838447,1938977267.94323,287274.675033089
"212","9","9",11,303040.990022575,229899.183383539,173746.974377477,120630.885947691,83349.2164353432,57310.8425912219,39188.2883801249,26475.9510443967,17455.6822767009,11192.1272180039,7038.61620854719,5026.66056335995,3590.35299432721,2171.94772674209,1219.52380032688,684.882499665334,384.71102485521,493.743054100777,109137.146044751,444263.052845959,2054508325.30364,317288.742040601
"213","9","9",12,307652.777105055,234128.024024405,177619.012947399,123874.142538771,86004.6490823937,59424.4173413646,40860.1733043035,27939.5692387916,18876.2178177433,12445.1529714572,7979.50679303911,5018.23154398656,3583.79344072416,2559.76773222847,1548.50559702228,869.468176999225,488.291854806832,626.300090578527,115817.998965018,472279.645625973,2160694226.17568,345305.334820615
"214","9","9",13,311537.840333993,237691.068735821,180886.195063872,126634.740007847,88316.9519624446,61317.6269549502,42367.0614720175,29131.5515000548,19919.7148310548,13457.9339002932,8872.86042606874,5689.04618576283,3577.7839113435,2555.09105178021,1825.00463138609,1104.01809145108,619.893527794803,794.656263856817,121966.270875497,498107.075616369,2257198429.24743,371132.764811011
"215","9","9",14,314809.169376463,240692.650062933,183638.986419696,128964.100761588,90285.1395847143,62966.1997579156,43716.8387465246,30205.8981489459,20769.5470716705,14201.9025261002,9594.92980073665,6325.96901950967,4056.04598669887,2550.80651501773,1821.67035876044,1301.15004679785,787.117559403796,1008.51334618669,127559.763978157,521645.203327324,2344020953.13436,394670.892521966
"216","9","9",15,317561.724415046,243220.063283798,185957.993841803,130926.722959831,91945.8739201866,64369.433137591,44892.2004649761,31168.2314678249,21535.5101648272,14807.7964732337,10125.3475298959,6840.77352163681,4510.14465619479,2891.78686708272,1818.61566776781,1298.77285338787,927.664190636166,1280.20783983777,132596.320880433,542872.208544341,2421427189.38908,415897.897738983
"217","9","9",16,319876.300259715,245346.674182719,187910.661245807,132580.075813795,93345.139391174,65553.4655072389,45892.6456946664,32006.2139740973,22221.6125567666,15353.8953145003,10557.3239337412,7218.93861845289,4877.17819162517,3215.53974688594,2061.72003770552,1296.5949896939,925.969353667844,1574.11808516504,137089.720185374,561833.888391645,2489879364.64412,434859.577586287
"218","9","9",17,321821.66987574,247134.90444466,189553.67068686,133972.243943347,94523.9090810211,66551.0817881768,46736.8100034482,32719.4885242236,22819.0581514247,15843.0569001902,10946.6689910908,7526.9192714401,5146.79369010522,3477.21891941435,2292.54195862686,1469.91798125309,924.416630239863,1782.45514125927,141065.58657099,578628.859550264,2549986957.3601,451654.548744906
"219","9","9",18,323456.459082331,248637.887734687,190935.248861146,135143.63922331,95516.4652618465,67391.494031922,47448.067634418,33321.3414789979,23327.5923207717,16269.0099909821,11295.4202266582,7804.50560238885,5366.37068961278,3669.44320883891,2479.10798795401,1634.48411332952,1047.98849120939,1929.88350363082,144558.418793688,593395.90087732,2602466722.85963,466421.590071962
"220","9","9",19,324830.861557131,249900.918081199,192096.446584957,136128.645220123,96351.6198675553,68099.1440284864,48047.2455277081,33828.437671471,23756.6876703409,16631.5730480094,11599.1065157153,8053.15027905176,5564.27784080181,3825.9921941245,2616.15566382237,1767.49769237208,1165.31708685791,2123.09504250491,147609.207765393,606303.315894918,2648052497.6659,479329.00508956
