,date,length_class,label,age
1,1/1/12,23,Jan,2.132435696
2,1/1/12,23,Jan,2.132435696
3,1/1/12,23,Jan,2.132435696
4,1/1/12,23,Jan,2.132435696
5,1/1/12,23,Jan,2.132435696
6,1/1/12,23,Jan,2.132435696
7,1/1/12,23,Jan,2.132435696
8,1/1/12,23,Jan,2.132435696
9,1/1/12,23,Jan,2.132435696
10,1/1/12,23,Jan,2.132435696
11,1/1/12,24,Jan,2.191401247
12,1/1/12,24,Jan,2.191401247
13,1/1/12,24,Jan,2.191401247
14,1/1/12,24,Jan,2.191401247
15,1/1/12,24,Jan,2.191401247
16,1/1/12,24,Jan,2.191401247
17,1/1/12,24,Jan,2.191401247
18,1/1/12,24,Jan,2.191401247
19,1/1/12,24,Jan,2.191401247
20,1/1/12,24,Jan,2.191401247
21,1/1/12,25,Jan,2.250970964
22,1/1/12,25,Jan,2.250970964
23,1/1/12,25,Jan,2.250970964
24,1/1/12,25,Jan,2.250970964
25,1/1/12,25,Jan,2.250970964
26,1/1/12,25,Jan,2.250970964
27,1/1/12,25,Jan,2.250970964
28,1/1/12,25,Jan,2.250970964
29,1/1/12,25,Jan,2.250970964
30,1/1/12,25,Jan,2.250970964
31,1/1/12,25,Jan,2.250970964
32,1/1/12,25,Jan,2.250970964
33,1/1/12,25,Jan,2.250970964
34,1/1/12,25,Jan,2.250970964
35,1/1/12,25,Jan,2.250970964
36,1/1/12,25,Jan,2.250970964
37,1/1/12,25,Jan,2.250970964
38,1/1/12,25,Jan,2.250970964
39,1/1/12,26,Jan,2.311157355
40,1/1/12,26,Jan,2.311157355
41,1/1/12,26,Jan,2.311157355
42,1/1/12,26,Jan,2.311157355
43,1/1/12,26,Jan,2.311157355
44,1/1/12,26,Jan,2.311157355
45,1/1/12,26,Jan,2.311157355
46,1/1/12,26,Jan,2.311157355
47,1/1/12,26,Jan,2.311157355
48,1/1/12,26,Jan,2.311157355
49,1/1/12,26,Jan,2.311157355
50,1/1/12,26,Jan,2.311157355
51,1/1/12,26,Jan,2.311157355
52,1/1/12,26,Jan,2.311157355
53,1/1/12,26,Jan,2.311157355
54,1/1/12,26,Jan,2.311157355
55,1/1/12,26,Jan,2.311157355
56,1/1/12,26,Jan,2.311157355
57,1/1/12,26,Jan,2.311157355
58,1/1/12,26,Jan,2.311157355
59,1/1/12,28,Jan,2.433432177
60,1/1/12,28,Jan,2.433432177
61,1/1/12,30,Jan,2.558333941
62,1/1/12,30,Jan,2.558333941
63,1/1/12,30,Jan,2.558333941
64,1/1/12,30,Jan,2.558333941
65,1/1/12,31,Jan,2.621805679
66,1/1/12,31,Jan,2.621805679
67,1/1/12,31,Jan,2.621805679
68,1/1/12,33,Jan,2.75086655
69,1/1/12,33,Jan,2.75086655
70,1/1/12,33,Jan,2.75086655
71,1/1/12,33,Jan,2.75086655
72,1/1/12,34,Jan,2.816487489
73,1/1/12,34,Jan,2.816487489
74,1/1/12,34,Jan,2.816487489
75,1/1/12,34,Jan,2.816487489
76,1/1/12,35,Jan,2.882857542
77,1/1/12,35,Jan,2.882857542
78,1/1/12,35,Jan,2.882857542
79,1/1/12,35,Jan,2.882857542
80,1/1/12,35,Jan,2.882857542
81,1/1/12,35,Jan,2.882857542
82,1/1/12,36,Jan,2.94999401
83,1/1/12,36,Jan,2.94999401
84,1/1/12,36,Jan,2.94999401
85,1/1/12,36,Jan,2.94999401
86,1/1/12,38,Jan,3.086638454
87,1/1/12,38,Jan,3.086638454
88,1/1/12,38,Jan,3.086638454
89,1/1/12,39,Jan,3.156184182
90,1/1/12,39,Jan,3.156184182
91,1/1/12,39,Jan,3.156184182
92,1/1/12,39,Jan,3.156184182
93,1/1/12,39,Jan,3.156184182
94,1/1/12,39,Jan,3.156184182
95,1/1/12,40,Jan,3.226571888
96,1/1/12,40,Jan,3.226571888
97,1/1/12,41,Jan,3.297822209
98,1/1/12,41,Jan,3.297822209
99,1/1/12,41,Jan,3.297822209
100,1/1/12,41,Jan,3.297822209
101,1/1/12,41,Jan,3.297822209
102,1/1/12,41,Jan,3.297822209
103,1/1/12,41,Jan,3.297822209
104,1/1/12,41,Jan,3.297822209
105,1/1/12,41,Jan,3.297822209
106,1/1/12,41,Jan,3.297822209
107,1/1/12,41,Jan,3.297822209
108,1/1/12,42,Jan,3.369956553
109,1/1/12,42,Jan,3.369956553
110,1/1/12,42,Jan,3.369956553
111,1/1/12,42,Jan,3.369956553
112,1/1/12,42,Jan,3.369956553
113,1/1/12,42,Jan,3.369956553
114,1/1/12,42,Jan,3.369956553
115,1/1/12,43,Jan,3.44299713
116,1/1/12,43,Jan,3.44299713
117,1/1/12,43,Jan,3.44299713
118,1/1/12,43,Jan,3.44299713
119,1/1/12,43,Jan,3.44299713
120,1/1/12,47,Jan,3.744696642
121,1/1/12,47,Jan,3.744696642
122,1/1/12,51,Jan,4.062913048
123,1/1/12,52,Jan,4.145265041
124,1/1/12,52,Jan,4.145265041
125,1/1/12,52,Jan,4.145265041
126,1/1/12,52,Jan,4.145265041
127,1/1/12,53,Jan,4.228800293
128,1/1/12,53,Jan,4.228800293
129,1/1/12,53,Jan,4.228800293
130,1/1/12,53,Jan,4.228800293
131,1/1/12,54,Jan,4.313553302
132,1/1/12,54,Jan,4.313553302
133,1/1/12,55,Jan,4.3995601
134,1/1/12,55,Jan,4.3995601
135,1/1/12,57,Jan,4.575487395
136,1/1/12,57,Jan,4.575487395
137,1/1/12,57,Jan,4.575487395
138,1/1/12,57,Jan,4.575487395
139,1/1/12,57,Jan,4.575487395
140,1/1/12,59,Jan,4.756904718
141,1/1/12,59,Jan,4.756904718
142,1/1/12,59,Jan,4.756904718
143,1/1/12,59,Jan,4.756904718
144,1/1/12,59,Jan,4.756904718
145,1/1/12,59,Jan,4.756904718
146,1/1/12,60,Jan,4.84978135
147,1/1/12,60,Jan,4.84978135
148,1/1/12,61,Jan,4.944165785
149,1/1/12,62,Jan,5.040107788
150,1/1/12,62,Jan,5.040107788
151,1/1/12,62,Jan,5.040107788
152,1/1/12,62,Jan,5.040107788
153,1/1/12,62,Jan,5.040107788
154,1/1/12,62,Jan,5.040107788
155,1/1/12,63,Jan,5.137659632
156,1/1/12,63,Jan,5.137659632
157,1/1/12,63,Jan,5.137659632
158,1/1/12,64,Jan,5.236876263
159,1/1/12,64,Jan,5.236876263
160,1/1/12,64,Jan,5.236876263
161,1/1/12,64,Jan,5.236876263
162,1/1/12,64,Jan,5.236876263
163,1/1/12,65,Jan,5.337815491
164,1/1/12,65,Jan,5.337815491
165,1/1/12,65,Jan,5.337815491
166,1/1/12,65,Jan,5.337815491
167,1/1/12,66,Jan,5.440538189
168,1/1/12,66,Jan,5.440538189
169,1/1/12,66,Jan,5.440538189
170,1/1/12,67,Jan,5.545108517
171,1/1/12,67,Jan,5.545108517
172,1/1/12,67,Jan,5.545108517
173,1/1/12,68,Jan,5.651594159
174,1/1/12,69,Jan,5.760066586
175,1/1/12,69,Jan,5.760066586
176,1/1/12,71,Jan,5.983278395
177,1/1/12,71,Jan,5.983278395
178,1/1/12,71,Jan,5.983278395
179,1/1/12,71,Jan,5.983278395
180,1/1/12,71,Jan,5.983278395
181,1/1/12,72,Jan,6.098182401
182,1/1/12,72,Jan,6.098182401
183,1/1/12,72,Jan,6.098182401
184,1/1/12,72,Jan,6.098182401
185,1/1/12,73,Jan,6.215403176
186,1/1/12,73,Jan,6.215403176
187,1/1/12,73,Jan,6.215403176
188,1/1/12,73,Jan,6.215403176
189,1/1/12,73,Jan,6.215403176
190,1/1/12,74,Jan,6.33503607
191,1/1/12,74,Jan,6.33503607
192,1/1/12,75,Jan,6.457182442
193,1/1/12,75,Jan,6.457182442
194,1/1/12,76,Jan,6.581950181
195,1/1/12,76,Jan,6.581950181
196,1/1/12,76,Jan,6.581950181
197,1/1/12,76,Jan,6.581950181
198,1/1/12,77,Jan,6.709454271
199,1/1/12,77,Jan,6.709454271
200,1/1/12,78,Jan,6.839817434
201,1/1/12,78,Jan,6.839817434
202,1/1/12,79,Jan,6.973170837
203,1/1/12,79,Jan,6.973170837
204,1/1/12,80,Jan,7.109654886
205,1/1/12,80,Jan,7.109654886
206,1/1/12,80,Jan,7.109654886
207,1/1/12,80,Jan,7.109654886
208,1/1/12,81,Jan,7.249420114
209,1/1/12,81,Jan,7.249420114
210,1/1/12,81,Jan,7.249420114
211,1/1/12,81,Jan,7.249420114
212,1/1/12,81,Jan,7.249420114
213,1/1/12,81,Jan,7.249420114
214,1/1/12,81,Jan,7.249420114
215,1/1/12,83,Jan,7.539452989
216,1/1/12,83,Jan,7.539452989
217,1/1/12,83,Jan,7.539452989
218,1/1/12,83,Jan,7.539452989
219,1/1/12,83,Jan,7.539452989
220,1/1/12,83,Jan,7.539452989
221,1/1/12,84,Jan,7.690081971
222,1/1/12,84,Jan,7.690081971
223,1/1/12,84,Jan,7.690081971
224,1/1/12,85,Jan,7.844717509
225,1/1/12,85,Jan,7.844717509
226,1/1/12,85,Jan,7.844717509
227,1/1/12,85,Jan,7.844717509
228,1/1/12,85,Jan,7.844717509
229,1/1/12,85,Jan,7.844717509
230,1/1/12,85,Jan,7.844717509
231,1/1/12,85,Jan,7.844717509
232,1/1/12,85,Jan,7.844717509
233,1/1/12,85,Jan,7.844717509
234,1/1/12,86,Jan,8.00357858
235,1/1/12,86,Jan,8.00357858
236,1/1/12,86,Jan,8.00357858
237,1/1/12,87,Jan,8.16690262
238,1/1/12,87,Jan,8.16690262
239,1/1/12,89,Jan,8.50799476
240,1/1/12,89,Jan,8.50799476
241,1/1/12,90,Jan,8.686350878
242,1/1/12,90,Jan,8.686350878
243,1/1/12,90,Jan,8.686350878
244,1/1/12,90,Jan,8.686350878
245,1/1/12,91,Jan,8.870352104
246,1/1/12,91,Jan,8.870352104
247,1/1/12,91,Jan,8.870352104
248,1/1/12,91,Jan,8.870352104
249,1/1/12,92,Jan,9.060367496
250,1/1/12,92,Jan,9.060367496
251,1/1/12,94,Jan,9.46010933
252,1/1/12,94,Jan,9.46010933
253,1/1/12,94,Jan,9.46010933
254,1/1/12,96,Jan,9.889378295
255,1/1/12,96,Jan,9.889378295
256,1/1/12,96,Jan,9.889378295
257,1/1/12,99,Jan,10.5992777
258,1/1/12,99,Jan,10.5992777
259,1/1/12,101,Jan,11.12578686
260,1/1/12,101,Jan,11.12578686
261,2/1/12,26,Feb,2.311157355
262,2/1/12,26,Feb,2.311157355
263,2/1/12,27,Feb,2.371973323
264,2/1/12,27,Feb,2.371973323
265,2/1/12,27,Feb,2.371973323
266,2/1/12,28,Feb,2.433432177
267,2/1/12,28,Feb,2.433432177
268,2/1/12,28,Feb,2.433432177
269,2/1/12,28,Feb,2.433432177
270,2/1/12,28,Feb,2.433432177
271,2/1/12,29,Feb,2.495547656
272,2/1/12,29,Feb,2.495547656
273,2/1/12,29,Feb,2.495547656
274,2/1/12,29,Feb,2.495547656
275,2/1/12,30,Feb,2.558333941
276,2/1/12,30,Feb,2.558333941
277,2/1/12,30,Feb,2.558333941
278,2/1/12,30,Feb,2.558333941
279,2/1/12,30,Feb,2.558333941
280,2/1/12,30,Feb,2.558333941
281,2/1/12,30,Feb,2.558333941
282,2/1/12,30,Feb,2.558333941
283,2/1/12,30,Feb,2.558333941
284,2/1/12,30,Feb,2.558333941
285,2/1/12,30,Feb,2.558333941
286,2/1/12,30,Feb,2.558333941
287,2/1/12,30,Feb,2.558333941
288,2/1/12,31,Feb,2.621805679
289,2/1/12,31,Feb,2.621805679
290,2/1/12,31,Feb,2.621805679
291,2/1/12,31,Feb,2.621805679
292,2/1/12,31,Feb,2.621805679
293,2/1/12,31,Feb,2.621805679
294,2/1/12,31,Feb,2.621805679
295,2/1/12,31,Feb,2.621805679
296,2/1/12,31,Feb,2.621805679
297,2/1/12,31,Feb,2.621805679
298,2/1/12,31,Feb,2.621805679
299,2/1/12,31,Feb,2.621805679
300,2/1/12,31,Feb,2.621805679
301,2/1/12,31,Feb,2.621805679
302,2/1/12,31,Feb,2.621805679
303,2/1/12,32,Feb,2.685978003
304,2/1/12,32,Feb,2.685978003
305,2/1/12,32,Feb,2.685978003
306,2/1/12,32,Feb,2.685978003
307,2/1/12,32,Feb,2.685978003
308,2/1/12,32,Feb,2.685978003
309,2/1/12,32,Feb,2.685978003
310,2/1/12,32,Feb,2.685978003
311,2/1/12,32,Feb,2.685978003
312,2/1/12,32,Feb,2.685978003
313,2/1/12,32,Feb,2.685978003
314,2/1/12,32,Feb,2.685978003
315,2/1/12,32,Feb,2.685978003
316,2/1/12,32,Feb,2.685978003
317,2/1/12,32,Feb,2.685978003
318,2/1/12,32,Feb,2.685978003
319,2/1/12,32,Feb,2.685978003
320,2/1/12,32,Feb,2.685978003
321,2/1/12,32,Feb,2.685978003
322,2/1/12,32,Feb,2.685978003
323,2/1/12,32,Feb,2.685978003
324,2/1/12,32,Feb,2.685978003
325,2/1/12,32,Feb,2.685978003
326,2/1/12,32,Feb,2.685978003
327,2/1/12,32,Feb,2.685978003
328,2/1/12,33,Feb,2.75086655
329,2/1/12,33,Feb,2.75086655
330,2/1/12,34,Feb,2.816487489
331,2/1/12,34,Feb,2.816487489
332,2/1/12,34,Feb,2.816487489
333,2/1/12,34,Feb,2.816487489
334,2/1/12,34,Feb,2.816487489
335,2/1/12,36,Feb,2.94999401
336,2/1/12,36,Feb,2.94999401
337,2/1/12,36,Feb,2.94999401
338,2/1/12,36,Feb,2.94999401
339,2/1/12,36,Feb,2.94999401
340,2/1/12,36,Feb,2.94999401
341,2/1/12,36,Feb,2.94999401
342,2/1/12,36,Feb,2.94999401
343,2/1/12,36,Feb,2.94999401
344,2/1/12,36,Feb,2.94999401
345,2/1/12,36,Feb,2.94999401
346,2/1/12,36,Feb,2.94999401
347,2/1/12,36,Feb,2.94999401
348,2/1/12,36,Feb,2.94999401
349,2/1/12,36,Feb,2.94999401
350,2/1/12,37,Feb,3.0179148
351,2/1/12,37,Feb,3.0179148
352,2/1/12,37,Feb,3.0179148
353,2/1/12,37,Feb,3.0179148
354,2/1/12,37,Feb,3.0179148
355,2/1/12,37,Feb,3.0179148
356,2/1/12,37,Feb,3.0179148
357,2/1/12,37,Feb,3.0179148
358,2/1/12,37,Feb,3.0179148
359,2/1/12,37,Feb,3.0179148
360,2/1/12,37,Feb,3.0179148
361,2/1/12,37,Feb,3.0179148
362,2/1/12,37,Feb,3.0179148
363,2/1/12,39,Feb,3.156184182
364,2/1/12,39,Feb,3.156184182
365,2/1/12,39,Feb,3.156184182
366,2/1/12,39,Feb,3.156184182
367,2/1/12,39,Feb,3.156184182
368,2/1/12,39,Feb,3.156184182
369,2/1/12,39,Feb,3.156184182
370,2/1/12,39,Feb,3.156184182
371,2/1/12,39,Feb,3.156184182
372,2/1/12,39,Feb,3.156184182
373,2/1/12,39,Feb,3.156184182
374,2/1/12,39,Feb,3.156184182
375,2/1/12,39,Feb,3.156184182
376,2/1/12,40,Feb,3.226571888
377,2/1/12,40,Feb,3.226571888
378,2/1/12,40,Feb,3.226571888
379,2/1/12,40,Feb,3.226571888
380,2/1/12,40,Feb,3.226571888
381,2/1/12,40,Feb,3.226571888
382,2/1/12,40,Feb,3.226571888
383,2/1/12,40,Feb,3.226571888
384,2/1/12,41,Feb,3.297822209
385,2/1/12,41,Feb,3.297822209
386,2/1/12,41,Feb,3.297822209
387,2/1/12,41,Feb,3.297822209
388,2/1/12,41,Feb,3.297822209
389,2/1/12,41,Feb,3.297822209
390,2/1/12,41,Feb,3.297822209
391,2/1/12,41,Feb,3.297822209
392,2/1/12,41,Feb,3.297822209
393,2/1/12,41,Feb,3.297822209
394,2/1/12,42,Feb,3.369956553
395,2/1/12,42,Feb,3.369956553
396,2/1/12,42,Feb,3.369956553
397,2/1/12,42,Feb,3.369956553
398,2/1/12,42,Feb,3.369956553
399,2/1/12,42,Feb,3.369956553
400,2/1/12,42,Feb,3.369956553
401,2/1/12,42,Feb,3.369956553
402,2/1/12,42,Feb,3.369956553
403,2/1/12,42,Feb,3.369956553
404,2/1/12,42,Feb,3.369956553
405,2/1/12,42,Feb,3.369956553
406,2/1/12,42,Feb,3.369956553
407,2/1/12,42,Feb,3.369956553
408,2/1/12,43,Feb,3.44299713
409,2/1/12,43,Feb,3.44299713
410,2/1/12,43,Feb,3.44299713
411,2/1/12,43,Feb,3.44299713
412,2/1/12,43,Feb,3.44299713
413,2/1/12,43,Feb,3.44299713
414,2/1/12,43,Feb,3.44299713
415,2/1/12,43,Feb,3.44299713
416,2/1/12,43,Feb,3.44299713
417,2/1/12,43,Feb,3.44299713
418,2/1/12,43,Feb,3.44299713
419,2/1/12,43,Feb,3.44299713
420,2/1/12,43,Feb,3.44299713
421,2/1/12,43,Feb,3.44299713
422,2/1/12,43,Feb,3.44299713
423,2/1/12,44,Feb,3.516967002
424,2/1/12,44,Feb,3.516967002
425,2/1/12,44,Feb,3.516967002
426,2/1/12,44,Feb,3.516967002
427,2/1/12,44,Feb,3.516967002
428,2/1/12,44,Feb,3.516967002
429,2/1/12,44,Feb,3.516967002
430,2/1/12,44,Feb,3.516967002
431,2/1/12,44,Feb,3.516967002
432,2/1/12,45,Feb,3.591890119
433,2/1/12,45,Feb,3.591890119
434,2/1/12,45,Feb,3.591890119
435,2/1/12,45,Feb,3.591890119
436,2/1/12,45,Feb,3.591890119
437,2/1/12,45,Feb,3.591890119
438,2/1/12,45,Feb,3.591890119
439,2/1/12,45,Feb,3.591890119
440,2/1/12,45,Feb,3.591890119
441,2/1/12,45,Feb,3.591890119
442,2/1/12,45,Feb,3.591890119
443,2/1/12,45,Feb,3.591890119
444,2/1/12,45,Feb,3.591890119
445,2/1/12,45,Feb,3.591890119
446,2/1/12,45,Feb,3.591890119
447,2/1/12,45,Feb,3.591890119
448,2/1/12,45,Feb,3.591890119
449,2/1/12,45,Feb,3.591890119
450,2/1/12,46,Feb,3.667791374
451,2/1/12,46,Feb,3.667791374
452,2/1/12,46,Feb,3.667791374
453,2/1/12,46,Feb,3.667791374
454,2/1/12,46,Feb,3.667791374
455,2/1/12,46,Feb,3.667791374
456,2/1/12,46,Feb,3.667791374
457,2/1/12,46,Feb,3.667791374
458,2/1/12,46,Feb,3.667791374
459,2/1/12,46,Feb,3.667791374
460,2/1/12,46,Feb,3.667791374
461,2/1/12,46,Feb,3.667791374
462,2/1/12,46,Feb,3.667791374
463,2/1/12,46,Feb,3.667791374
464,2/1/12,46,Feb,3.667791374
465,2/1/12,46,Feb,3.667791374
466,2/1/12,46,Feb,3.667791374
467,2/1/12,46,Feb,3.667791374
468,2/1/12,46,Feb,3.667791374
469,2/1/12,46,Feb,3.667791374
470,2/1/12,46,Feb,3.667791374
471,2/1/12,46,Feb,3.667791374
472,2/1/12,46,Feb,3.667791374
473,2/1/12,46,Feb,3.667791374
474,2/1/12,46,Feb,3.667791374
475,2/1/12,47,Feb,3.744696642
476,2/1/12,47,Feb,3.744696642
477,2/1/12,47,Feb,3.744696642
478,2/1/12,47,Feb,3.744696642
479,2/1/12,47,Feb,3.744696642
480,2/1/12,47,Feb,3.744696642
481,2/1/12,47,Feb,3.744696642
482,2/1/12,47,Feb,3.744696642
483,2/1/12,47,Feb,3.744696642
484,2/1/12,47,Feb,3.744696642
485,2/1/12,47,Feb,3.744696642
486,2/1/12,47,Feb,3.744696642
487,2/1/12,47,Feb,3.744696642
488,2/1/12,47,Feb,3.744696642
489,2/1/12,48,Feb,3.822632842
490,2/1/12,48,Feb,3.822632842
491,2/1/12,48,Feb,3.822632842
492,2/1/12,48,Feb,3.822632842
493,2/1/12,48,Feb,3.822632842
494,2/1/12,48,Feb,3.822632842
495,2/1/12,48,Feb,3.822632842
496,2/1/12,48,Feb,3.822632842
497,2/1/12,48,Feb,3.822632842
498,2/1/12,48,Feb,3.822632842
499,2/1/12,48,Feb,3.822632842
500,2/1/12,48,Feb,3.822632842
501,2/1/12,48,Feb,3.822632842
502,2/1/12,48,Feb,3.822632842
503,2/1/12,48,Feb,3.822632842
504,2/1/12,48,Feb,3.822632842
505,2/1/12,48,Feb,3.822632842
506,2/1/12,48,Feb,3.822632842
507,2/1/12,49,Feb,3.90162799
508,2/1/12,49,Feb,3.90162799
509,2/1/12,49,Feb,3.90162799
510,2/1/12,49,Feb,3.90162799
511,2/1/12,49,Feb,3.90162799
512,2/1/12,49,Feb,3.90162799
513,2/1/12,49,Feb,3.90162799
514,2/1/12,49,Feb,3.90162799
515,2/1/12,49,Feb,3.90162799
516,2/1/12,49,Feb,3.90162799
517,2/1/12,49,Feb,3.90162799
518,2/1/12,49,Feb,3.90162799
519,2/1/12,49,Feb,3.90162799
520,2/1/12,50,Feb,3.981711261
521,2/1/12,50,Feb,3.981711261
522,2/1/12,50,Feb,3.981711261
523,2/1/12,50,Feb,3.981711261
524,2/1/12,50,Feb,3.981711261
525,2/1/12,50,Feb,3.981711261
526,2/1/12,50,Feb,3.981711261
527,2/1/12,50,Feb,3.981711261
528,2/1/12,50,Feb,3.981711261
529,2/1/12,50,Feb,3.981711261
530,2/1/12,50,Feb,3.981711261
531,2/1/12,50,Feb,3.981711261
532,2/1/12,50,Feb,3.981711261
533,2/1/12,50,Feb,3.981711261
534,2/1/12,50,Feb,3.981711261
535,2/1/12,50,Feb,3.981711261
536,2/1/12,50,Feb,3.981711261
537,2/1/12,50,Feb,3.981711261
538,2/1/12,50,Feb,3.981711261
539,2/1/12,50,Feb,3.981711261
540,2/1/12,50,Feb,3.981711261
541,2/1/12,50,Feb,3.981711261
542,2/1/12,50,Feb,3.981711261
543,2/1/12,50,Feb,3.981711261
544,2/1/12,50,Feb,3.981711261
545,2/1/12,50,Feb,3.981711261
546,2/1/12,50,Feb,3.981711261
547,2/1/12,50,Feb,3.981711261
548,2/1/12,50,Feb,3.981711261
549,2/1/12,52,Feb,4.145265041
550,2/1/12,52,Feb,4.145265041
551,2/1/12,52,Feb,4.145265041
552,2/1/12,52,Feb,4.145265041
553,2/1/12,52,Feb,4.145265041
554,2/1/12,52,Feb,4.145265041
555,2/1/12,52,Feb,4.145265041
556,2/1/12,52,Feb,4.145265041
557,2/1/12,52,Feb,4.145265041
558,2/1/12,52,Feb,4.145265041
559,2/1/12,52,Feb,4.145265041
560,2/1/12,52,Feb,4.145265041
561,2/1/12,52,Feb,4.145265041
562,2/1/12,52,Feb,4.145265041
563,2/1/12,53,Feb,4.228800293
564,2/1/12,53,Feb,4.228800293
565,2/1/12,53,Feb,4.228800293
566,2/1/12,53,Feb,4.228800293
567,2/1/12,53,Feb,4.228800293
568,2/1/12,53,Feb,4.228800293
569,2/1/12,53,Feb,4.228800293
570,2/1/12,53,Feb,4.228800293
571,2/1/12,53,Feb,4.228800293
572,2/1/12,53,Feb,4.228800293
573,2/1/12,53,Feb,4.228800293
574,2/1/12,53,Feb,4.228800293
575,2/1/12,53,Feb,4.228800293
576,2/1/12,53,Feb,4.228800293
577,2/1/12,53,Feb,4.228800293
578,2/1/12,53,Feb,4.228800293
579,2/1/12,53,Feb,4.228800293
580,2/1/12,53,Feb,4.228800293
581,2/1/12,53,Feb,4.228800293
582,2/1/12,53,Feb,4.228800293
583,2/1/12,53,Feb,4.228800293
584,2/1/12,53,Feb,4.228800293
585,2/1/12,54,Feb,4.313553302
586,2/1/12,54,Feb,4.313553302
587,2/1/12,54,Feb,4.313553302
588,2/1/12,54,Feb,4.313553302
589,2/1/12,54,Feb,4.313553302
590,2/1/12,54,Feb,4.313553302
591,2/1/12,54,Feb,4.313553302
592,2/1/12,54,Feb,4.313553302
593,2/1/12,54,Feb,4.313553302
594,2/1/12,55,Feb,4.3995601
595,2/1/12,55,Feb,4.3995601
596,2/1/12,55,Feb,4.3995601
597,2/1/12,55,Feb,4.3995601
598,2/1/12,55,Feb,4.3995601
599,2/1/12,55,Feb,4.3995601
600,2/1/12,55,Feb,4.3995601
601,2/1/12,55,Feb,4.3995601
602,2/1/12,55,Feb,4.3995601
603,2/1/12,55,Feb,4.3995601
604,2/1/12,55,Feb,4.3995601
605,2/1/12,55,Feb,4.3995601
606,2/1/12,55,Feb,4.3995601
607,2/1/12,55,Feb,4.3995601
608,2/1/12,55,Feb,4.3995601
609,2/1/12,55,Feb,4.3995601
610,2/1/12,55,Feb,4.3995601
611,2/1/12,55,Feb,4.3995601
612,2/1/12,55,Feb,4.3995601
613,2/1/12,55,Feb,4.3995601
614,2/1/12,56,Feb,4.486858339
615,2/1/12,56,Feb,4.486858339
616,2/1/12,56,Feb,4.486858339
617,2/1/12,56,Feb,4.486858339
618,2/1/12,56,Feb,4.486858339
619,2/1/12,56,Feb,4.486858339
620,2/1/12,56,Feb,4.486858339
621,2/1/12,56,Feb,4.486858339
622,2/1/12,56,Feb,4.486858339
623,2/1/12,56,Feb,4.486858339
624,2/1/12,56,Feb,4.486858339
625,2/1/12,57,Feb,4.575487395
626,2/1/12,57,Feb,4.575487395
627,2/1/12,57,Feb,4.575487395
628,2/1/12,57,Feb,4.575487395
629,2/1/12,57,Feb,4.575487395
630,2/1/12,57,Feb,4.575487395
631,2/1/12,57,Feb,4.575487395
632,2/1/12,57,Feb,4.575487395
633,2/1/12,57,Feb,4.575487395
634,2/1/12,57,Feb,4.575487395
635,2/1/12,57,Feb,4.575487395
636,2/1/12,57,Feb,4.575487395
637,2/1/12,57,Feb,4.575487395
638,2/1/12,57,Feb,4.575487395
639,2/1/12,57,Feb,4.575487395
640,2/1/12,57,Feb,4.575487395
641,2/1/12,57,Feb,4.575487395
642,2/1/12,58,Feb,4.665488472
643,2/1/12,58,Feb,4.665488472
644,2/1/12,58,Feb,4.665488472
645,2/1/12,58,Feb,4.665488472
646,2/1/12,58,Feb,4.665488472
647,2/1/12,58,Feb,4.665488472
648,2/1/12,58,Feb,4.665488472
649,2/1/12,58,Feb,4.665488472
650,2/1/12,59,Feb,4.756904718
651,2/1/12,59,Feb,4.756904718
652,2/1/12,59,Feb,4.756904718
653,2/1/12,59,Feb,4.756904718
654,2/1/12,59,Feb,4.756904718
655,2/1/12,59,Feb,4.756904718
656,2/1/12,59,Feb,4.756904718
657,2/1/12,59,Feb,4.756904718
658,2/1/12,59,Feb,4.756904718
659,2/1/12,60,Feb,4.84978135
660,2/1/12,60,Feb,4.84978135
661,2/1/12,60,Feb,4.84978135
662,2/1/12,60,Feb,4.84978135
663,2/1/12,60,Feb,4.84978135
664,2/1/12,60,Feb,4.84978135
665,2/1/12,60,Feb,4.84978135
666,2/1/12,61,Feb,4.944165785
667,2/1/12,61,Feb,4.944165785
668,2/1/12,61,Feb,4.944165785
669,2/1/12,61,Feb,4.944165785
670,2/1/12,61,Feb,4.944165785
671,2/1/12,61,Feb,4.944165785
672,2/1/12,61,Feb,4.944165785
673,2/1/12,61,Feb,4.944165785
674,2/1/12,62,Feb,5.040107788
675,2/1/12,62,Feb,5.040107788
676,2/1/12,62,Feb,5.040107788
677,2/1/12,62,Feb,5.040107788
678,2/1/12,62,Feb,5.040107788
679,2/1/12,62,Feb,5.040107788
680,2/1/12,62,Feb,5.040107788
681,2/1/12,62,Feb,5.040107788
682,2/1/12,62,Feb,5.040107788
683,2/1/12,62,Feb,5.040107788
684,2/1/12,62,Feb,5.040107788
685,2/1/12,62,Feb,5.040107788
686,2/1/12,63,Feb,5.137659632
687,2/1/12,63,Feb,5.137659632
688,2/1/12,63,Feb,5.137659632
689,2/1/12,63,Feb,5.137659632
690,2/1/12,63,Feb,5.137659632
691,2/1/12,63,Feb,5.137659632
692,2/1/12,63,Feb,5.137659632
693,2/1/12,63,Feb,5.137659632
694,2/1/12,63,Feb,5.137659632
695,2/1/12,63,Feb,5.137659632
696,2/1/12,63,Feb,5.137659632
697,2/1/12,63,Feb,5.137659632
698,2/1/12,63,Feb,5.137659632
699,2/1/12,63,Feb,5.137659632
700,2/1/12,63,Feb,5.137659632
701,2/1/12,63,Feb,5.137659632
702,2/1/12,63,Feb,5.137659632
703,2/1/12,63,Feb,5.137659632
704,2/1/12,64,Feb,5.236876263
705,2/1/12,65,Feb,5.337815491
706,2/1/12,65,Feb,5.337815491
707,2/1/12,66,Feb,5.440538189
708,2/1/12,66,Feb,5.440538189
709,2/1/12,66,Feb,5.440538189
710,2/1/12,67,Feb,5.545108517
711,2/1/12,67,Feb,5.545108517
712,2/1/12,67,Feb,5.545108517
713,2/1/12,67,Feb,5.545108517
714,2/1/12,67,Feb,5.545108517
715,2/1/12,67,Feb,5.545108517
716,2/1/12,69,Feb,5.760066586
717,2/1/12,70,Feb,5.870601351
718,2/1/12,71,Feb,5.983278395
719,2/1/12,71,Feb,5.983278395
720,2/1/12,71,Feb,5.983278395
721,2/1/12,72,Feb,6.098182401
722,2/1/12,72,Feb,6.098182401
723,2/1/12,73,Feb,6.215403176
724,2/1/12,73,Feb,6.215403176
725,2/1/12,73,Feb,6.215403176
726,2/1/12,73,Feb,6.215403176
727,2/1/12,73,Feb,6.215403176
728,2/1/12,73,Feb,6.215403176
729,2/1/12,74,Feb,6.33503607
730,2/1/12,74,Feb,6.33503607
731,2/1/12,75,Feb,6.457182442
732,2/1/12,75,Feb,6.457182442
733,2/1/12,75,Feb,6.457182442
734,2/1/12,75,Feb,6.457182442
735,2/1/12,75,Feb,6.457182442
736,2/1/12,75,Feb,6.457182442
737,2/1/12,75,Feb,6.457182442
738,2/1/12,75,Feb,6.457182442
739,2/1/12,75,Feb,6.457182442
740,2/1/12,75,Feb,6.457182442
741,2/1/12,75,Feb,6.457182442
742,2/1/12,76,Feb,6.581950181
743,2/1/12,76,Feb,6.581950181
744,2/1/12,76,Feb,6.581950181
745,2/1/12,77,Feb,6.709454271
746,2/1/12,77,Feb,6.709454271
747,2/1/12,78,Feb,6.839817434
748,2/1/12,78,Feb,6.839817434
749,2/1/12,78,Feb,6.839817434
750,2/1/12,78,Feb,6.839817434
751,2/1/12,78,Feb,6.839817434
752,2/1/12,78,Feb,6.839817434
753,2/1/12,78,Feb,6.839817434
754,2/1/12,78,Feb,6.839817434
755,2/1/12,79,Feb,6.973170837
756,2/1/12,79,Feb,6.973170837
757,2/1/12,79,Feb,6.973170837
758,2/1/12,79,Feb,6.973170837
759,2/1/12,80,Feb,7.109654886
760,2/1/12,80,Feb,7.109654886
761,2/1/12,80,Feb,7.109654886
762,2/1/12,80,Feb,7.109654886
763,2/1/12,80,Feb,7.109654886
764,2/1/12,80,Feb,7.109654886
765,2/1/12,80,Feb,7.109654886
766,2/1/12,81,Feb,7.249420114
767,2/1/12,81,Feb,7.249420114
768,2/1/12,81,Feb,7.249420114
769,2/1/12,81,Feb,7.249420114
770,2/1/12,81,Feb,7.249420114
771,2/1/12,81,Feb,7.249420114
772,2/1/12,81,Feb,7.249420114
773,2/1/12,81,Feb,7.249420114
774,2/1/12,82,Feb,7.392628179
775,2/1/12,82,Feb,7.392628179
776,2/1/12,82,Feb,7.392628179
777,2/1/12,83,Feb,7.539452989
778,2/1/12,83,Feb,7.539452989
779,2/1/12,83,Feb,7.539452989
780,2/1/12,83,Feb,7.539452989
781,2/1/12,83,Feb,7.539452989
782,2/1/12,83,Feb,7.539452989
783,2/1/12,83,Feb,7.539452989
784,2/1/12,85,Feb,7.844717509
785,2/1/12,85,Feb,7.844717509
786,2/1/12,86,Feb,8.00357858
787,2/1/12,86,Feb,8.00357858
788,2/1/12,86,Feb,8.00357858
789,2/1/12,86,Feb,8.00357858
790,2/1/12,86,Feb,8.00357858
791,2/1/12,86,Feb,8.00357858
792,2/1/12,86,Feb,8.00357858
793,2/1/12,86,Feb,8.00357858
794,2/1/12,86,Feb,8.00357858
795,2/1/12,88,Feb,8.334947656
796,2/1/12,88,Feb,8.334947656
797,2/1/12,88,Feb,8.334947656
798,2/1/12,88,Feb,8.334947656
799,2/1/12,88,Feb,8.334947656
800,2/1/12,88,Feb,8.334947656
801,2/1/12,88,Feb,8.334947656
802,2/1/12,89,Feb,8.50799476
803,2/1/12,89,Feb,8.50799476
804,2/1/12,89,Feb,8.50799476
805,2/1/12,89,Feb,8.50799476
806,2/1/12,90,Feb,8.686350878
807,2/1/12,90,Feb,8.686350878
808,2/1/12,90,Feb,8.686350878
809,2/1/12,91,Feb,8.870352104
810,2/1/12,91,Feb,8.870352104
811,2/1/12,92,Feb,9.060367496
812,2/1/12,92,Feb,9.060367496
813,2/1/12,92,Feb,9.060367496
814,2/1/12,93,Feb,9.256803529
815,2/1/12,93,Feb,9.256803529
816,2/1/12,93,Feb,9.256803529
817,2/1/12,94,Feb,9.46010933
818,2/1/12,94,Feb,9.46010933
819,2/1/12,94,Feb,9.46010933
820,2/1/12,95,Feb,9.670782868
821,2/1/12,95,Feb,9.670782868
822,2/1/12,96,Feb,9.889378295
823,2/1/12,96,Feb,9.889378295
824,2/1/12,96,Feb,9.889378295
825,2/1/12,97,Feb,10.11651474
826,2/1/12,97,Feb,10.11651474
827,2/1/12,97,Feb,10.11651474
828,2/1/12,100,Feb,10.85657426
829,3/1/12,25,Mar,2.250970964
830,3/1/12,26,Mar,2.311157355
831,3/1/12,26,Mar,2.311157355
832,3/1/12,27,Mar,2.371973323
833,3/1/12,27,Mar,2.371973323
834,3/1/12,27,Mar,2.371973323
835,3/1/12,27,Mar,2.371973323
836,3/1/12,27,Mar,2.371973323
837,3/1/12,27,Mar,2.371973323
838,3/1/12,28,Mar,2.433432177
839,3/1/12,28,Mar,2.433432177
840,3/1/12,28,Mar,2.433432177
841,3/1/12,28,Mar,2.433432177
842,3/1/12,29,Mar,2.495547656
843,3/1/12,29,Mar,2.495547656
844,3/1/12,29,Mar,2.495547656
845,3/1/12,30,Mar,2.558333941
846,3/1/12,30,Mar,2.558333941
847,3/1/12,30,Mar,2.558333941
848,3/1/12,30,Mar,2.558333941
849,3/1/12,30,Mar,2.558333941
850,3/1/12,30,Mar,2.558333941
851,3/1/12,30,Mar,2.558333941
852,3/1/12,30,Mar,2.558333941
853,3/1/12,30,Mar,2.558333941
854,3/1/12,30,Mar,2.558333941
855,3/1/12,30,Mar,2.558333941
856,3/1/12,31,Mar,2.621805679
857,3/1/12,32,Mar,2.685978003
858,3/1/12,32,Mar,2.685978003
859,3/1/12,32,Mar,2.685978003
860,3/1/12,32,Mar,2.685978003
861,3/1/12,33,Mar,2.75086655
862,3/1/12,33,Mar,2.75086655
863,3/1/12,33,Mar,2.75086655
864,3/1/12,33,Mar,2.75086655
865,3/1/12,35,Mar,2.882857542
866,3/1/12,35,Mar,2.882857542
867,3/1/12,37,Mar,3.0179148
868,3/1/12,37,Mar,3.0179148
869,3/1/12,37,Mar,3.0179148
870,3/1/12,37,Mar,3.0179148
871,3/1/12,37,Mar,3.0179148
872,3/1/12,37,Mar,3.0179148
873,3/1/12,37,Mar,3.0179148
874,3/1/12,37,Mar,3.0179148
875,3/1/12,37,Mar,3.0179148
876,3/1/12,37,Mar,3.0179148
877,3/1/12,37,Mar,3.0179148
878,3/1/12,37,Mar,3.0179148
879,3/1/12,38,Mar,3.086638454
880,3/1/12,38,Mar,3.086638454
881,3/1/12,38,Mar,3.086638454
882,3/1/12,38,Mar,3.086638454
883,3/1/12,38,Mar,3.086638454
884,3/1/12,38,Mar,3.086638454
885,3/1/12,38,Mar,3.086638454
886,3/1/12,40,Mar,3.226571888
887,3/1/12,40,Mar,3.226571888
888,3/1/12,40,Mar,3.226571888
889,3/1/12,41,Mar,3.297822209
890,3/1/12,41,Mar,3.297822209
891,3/1/12,43,Mar,3.44299713
892,3/1/12,47,Mar,3.744696642
893,3/1/12,50,Mar,3.981711261
894,3/1/12,51,Mar,4.062913048
895,3/1/12,52,Mar,4.145265041
896,3/1/12,52,Mar,4.145265041
897,3/1/12,55,Mar,4.3995601
898,3/1/12,59,Mar,4.756904718
899,3/1/12,59,Mar,4.756904718
900,3/1/12,59,Mar,4.756904718
901,3/1/12,61,Mar,4.944165785
902,3/1/12,61,Mar,4.944165785
903,3/1/12,62,Mar,5.040107788
904,3/1/12,63,Mar,5.137659632
905,3/1/12,64,Mar,5.236876263
906,3/1/12,65,Mar,5.337815491
907,3/1/12,67,Mar,5.545108517
908,3/1/12,67,Mar,5.545108517
909,3/1/12,68,Mar,5.651594159
910,3/1/12,69,Mar,5.760066586
911,3/1/12,69,Mar,5.760066586
912,3/1/12,71,Mar,5.983278395
913,3/1/12,71,Mar,5.983278395
914,3/1/12,74,Mar,6.33503607
915,3/1/12,76,Mar,6.581950181
916,3/1/12,77,Mar,6.709454271
917,3/1/12,77,Mar,6.709454271
918,3/1/12,78,Mar,6.839817434
919,3/1/12,78,Mar,6.839817434
920,3/1/12,78,Mar,6.839817434
921,3/1/12,79,Mar,6.973170837
922,3/1/12,79,Mar,6.973170837
923,3/1/12,80,Mar,7.109654886
924,3/1/12,80,Mar,7.109654886
925,3/1/12,80,Mar,7.109654886
926,3/1/12,81,Mar,7.249420114
927,3/1/12,81,Mar,7.249420114
928,3/1/12,81,Mar,7.249420114
929,3/1/12,81,Mar,7.249420114
930,3/1/12,81,Mar,7.249420114
931,3/1/12,82,Mar,7.392628179
932,3/1/12,82,Mar,7.392628179
933,3/1/12,82,Mar,7.392628179
934,3/1/12,82,Mar,7.392628179
935,3/1/12,82,Mar,7.392628179
936,3/1/12,83,Mar,7.539452989
937,3/1/12,84,Mar,7.690081971
938,3/1/12,84,Mar,7.690081971
939,3/1/12,86,Mar,8.00357858
940,3/1/12,86,Mar,8.00357858
941,3/1/12,86,Mar,8.00357858
942,3/1/12,86,Mar,8.00357858
943,3/1/12,86,Mar,8.00357858
944,3/1/12,88,Mar,8.334947656
945,3/1/12,89,Mar,8.50799476
946,3/1/12,89,Mar,8.50799476
947,3/1/12,90,Mar,8.686350878
948,3/1/12,91,Mar,8.870352104
949,3/1/12,91,Mar,8.870352104
950,3/1/12,91,Mar,8.870352104
951,3/1/12,92,Mar,9.060367496
952,3/1/12,94,Mar,9.46010933
953,3/1/12,95,Mar,9.670782868
954,3/1/12,95,Mar,9.670782868
955,3/1/12,96,Mar,9.889378295
956,3/1/12,102,Mar,11.40807306
957,3/1/12,105,Mar,12.34784836
958,4/1/12,26,Apr,2.311157355
959,4/1/12,27,Apr,2.371973323
960,4/1/12,27,Apr,2.371973323
961,4/1/12,28,Apr,2.433432177
962,4/1/12,29,Apr,2.495547656
963,4/1/12,29,Apr,2.495547656
964,4/1/12,32,Apr,2.685978003
965,4/1/12,32,Apr,2.685978003
966,4/1/12,32,Apr,2.685978003
967,4/1/12,32,Apr,2.685978003
968,4/1/12,32,Apr,2.685978003
969,4/1/12,32,Apr,2.685978003
970,4/1/12,32,Apr,2.685978003
971,4/1/12,32,Apr,2.685978003
972,4/1/12,34,Apr,2.816487489
973,4/1/12,34,Apr,2.816487489
974,4/1/12,34,Apr,2.816487489
975,4/1/12,35,Apr,2.882857542
976,4/1/12,35,Apr,2.882857542
977,4/1/12,35,Apr,2.882857542
978,4/1/12,36,Apr,2.94999401
979,4/1/12,36,Apr,2.94999401
980,4/1/12,36,Apr,2.94999401
981,4/1/12,36,Apr,2.94999401
982,4/1/12,36,Apr,2.94999401
983,4/1/12,37,Apr,3.0179148
984,4/1/12,38,Apr,3.086638454
985,4/1/12,38,Apr,3.086638454
986,4/1/12,38,Apr,3.086638454
987,4/1/12,39,Apr,3.156184182
988,4/1/12,39,Apr,3.156184182
989,4/1/12,39,Apr,3.156184182
990,4/1/12,39,Apr,3.156184182
991,4/1/12,39,Apr,3.156184182
992,4/1/12,39,Apr,3.156184182
993,4/1/12,39,Apr,3.156184182
994,4/1/12,39,Apr,3.156184182
995,4/1/12,40,Apr,3.226571888
996,4/1/12,40,Apr,3.226571888
997,4/1/12,40,Apr,3.226571888
998,4/1/12,40,Apr,3.226571888
999,4/1/12,41,Apr,3.297822209
1000,4/1/12,41,Apr,3.297822209
1001,4/1/12,41,Apr,3.297822209
1002,4/1/12,42,Apr,3.369956553
1003,4/1/12,42,Apr,3.369956553
1004,4/1/12,42,Apr,3.369956553
1005,4/1/12,42,Apr,3.369956553
1006,4/1/12,43,Apr,3.44299713
1007,4/1/12,43,Apr,3.44299713
1008,4/1/12,43,Apr,3.44299713
1009,4/1/12,43,Apr,3.44299713
1010,4/1/12,45,Apr,3.591890119
1011,4/1/12,45,Apr,3.591890119
1012,4/1/12,45,Apr,3.591890119
1013,4/1/12,45,Apr,3.591890119
1014,4/1/12,45,Apr,3.591890119
1015,4/1/12,45,Apr,3.591890119
1016,4/1/12,45,Apr,3.591890119
1017,4/1/12,45,Apr,3.591890119
1018,4/1/12,45,Apr,3.591890119
1019,4/1/12,45,Apr,3.591890119
1020,4/1/12,47,Apr,3.744696642
1021,4/1/12,47,Apr,3.744696642
1022,4/1/12,47,Apr,3.744696642
1023,4/1/12,47,Apr,3.744696642
1024,4/1/12,47,Apr,3.744696642
1025,4/1/12,47,Apr,3.744696642
1026,4/1/12,47,Apr,3.744696642
1027,4/1/12,47,Apr,3.744696642
1028,4/1/12,47,Apr,3.744696642
1029,4/1/12,47,Apr,3.744696642
1030,4/1/12,47,Apr,3.744696642
1031,4/1/12,47,Apr,3.744696642
1032,4/1/12,47,Apr,3.744696642
1033,4/1/12,47,Apr,3.744696642
1034,4/1/12,48,Apr,3.822632842
1035,4/1/12,48,Apr,3.822632842
1036,4/1/12,48,Apr,3.822632842
1037,4/1/12,48,Apr,3.822632842
1038,4/1/12,48,Apr,3.822632842
1039,4/1/12,48,Apr,3.822632842
1040,4/1/12,49,Apr,3.90162799
1041,4/1/12,49,Apr,3.90162799
1042,4/1/12,49,Apr,3.90162799
1043,4/1/12,49,Apr,3.90162799
1044,4/1/12,49,Apr,3.90162799
1045,4/1/12,49,Apr,3.90162799
1046,4/1/12,49,Apr,3.90162799
1047,4/1/12,49,Apr,3.90162799
1048,4/1/12,50,Apr,3.981711261
1049,4/1/12,50,Apr,3.981711261
1050,4/1/12,50,Apr,3.981711261
1051,4/1/12,50,Apr,3.981711261
1052,4/1/12,50,Apr,3.981711261
1053,4/1/12,50,Apr,3.981711261
1054,4/1/12,50,Apr,3.981711261
1055,4/1/12,50,Apr,3.981711261
1056,4/1/12,50,Apr,3.981711261
1057,4/1/12,50,Apr,3.981711261
1058,4/1/12,50,Apr,3.981711261
1059,4/1/12,50,Apr,3.981711261
1060,4/1/12,50,Apr,3.981711261
1061,4/1/12,51,Apr,4.062913048
1062,4/1/12,51,Apr,4.062913048
1063,4/1/12,51,Apr,4.062913048
1064,4/1/12,52,Apr,4.145265041
1065,4/1/12,52,Apr,4.145265041
1066,4/1/12,52,Apr,4.145265041
1067,4/1/12,52,Apr,4.145265041
1068,4/1/12,52,Apr,4.145265041
1069,4/1/12,52,Apr,4.145265041
1070,4/1/12,52,Apr,4.145265041
1071,4/1/12,52,Apr,4.145265041
1072,4/1/12,52,Apr,4.145265041
1073,4/1/12,52,Apr,4.145265041
1074,4/1/12,52,Apr,4.145265041
1075,4/1/12,52,Apr,4.145265041
1076,4/1/12,53,Apr,4.228800293
1077,4/1/12,53,Apr,4.228800293
1078,4/1/12,53,Apr,4.228800293
1079,4/1/12,53,Apr,4.228800293
1080,4/1/12,53,Apr,4.228800293
1081,4/1/12,53,Apr,4.228800293
1082,4/1/12,53,Apr,4.228800293
1083,4/1/12,53,Apr,4.228800293
1084,4/1/12,53,Apr,4.228800293
1085,4/1/12,53,Apr,4.228800293
1086,4/1/12,53,Apr,4.228800293
1087,4/1/12,53,Apr,4.228800293
1088,4/1/12,53,Apr,4.228800293
1089,4/1/12,53,Apr,4.228800293
1090,4/1/12,53,Apr,4.228800293
1091,4/1/12,53,Apr,4.228800293
1092,4/1/12,53,Apr,4.228800293
1093,4/1/12,54,Apr,4.313553302
1094,4/1/12,54,Apr,4.313553302
1095,4/1/12,54,Apr,4.313553302
1096,4/1/12,54,Apr,4.313553302
1097,4/1/12,54,Apr,4.313553302
1098,4/1/12,54,Apr,4.313553302
1099,4/1/12,54,Apr,4.313553302
1100,4/1/12,54,Apr,4.313553302
1101,4/1/12,55,Apr,4.3995601
1102,4/1/12,55,Apr,4.3995601
1103,4/1/12,55,Apr,4.3995601
1104,4/1/12,55,Apr,4.3995601
1105,4/1/12,55,Apr,4.3995601
1106,4/1/12,55,Apr,4.3995601
1107,4/1/12,55,Apr,4.3995601
1108,4/1/12,55,Apr,4.3995601
1109,4/1/12,56,Apr,4.486858339
1110,4/1/12,56,Apr,4.486858339
1111,4/1/12,56,Apr,4.486858339
1112,4/1/12,56,Apr,4.486858339
1113,4/1/12,56,Apr,4.486858339
1114,4/1/12,56,Apr,4.486858339
1115,4/1/12,56,Apr,4.486858339
1116,4/1/12,56,Apr,4.486858339
1117,4/1/12,56,Apr,4.486858339
1118,4/1/12,56,Apr,4.486858339
1119,4/1/12,56,Apr,4.486858339
1120,4/1/12,57,Apr,4.575487395
1121,4/1/12,57,Apr,4.575487395
1122,4/1/12,57,Apr,4.575487395
1123,4/1/12,57,Apr,4.575487395
1124,4/1/12,57,Apr,4.575487395
1125,4/1/12,57,Apr,4.575487395
1126,4/1/12,57,Apr,4.575487395
1127,4/1/12,57,Apr,4.575487395
1128,4/1/12,57,Apr,4.575487395
1129,4/1/12,57,Apr,4.575487395
1130,4/1/12,57,Apr,4.575487395
1131,4/1/12,57,Apr,4.575487395
1132,4/1/12,57,Apr,4.575487395
1133,4/1/12,57,Apr,4.575487395
1134,4/1/12,57,Apr,4.575487395
1135,4/1/12,57,Apr,4.575487395
1136,4/1/12,57,Apr,4.575487395
1137,4/1/12,58,Apr,4.665488472
1138,4/1/12,58,Apr,4.665488472
1139,4/1/12,58,Apr,4.665488472
1140,4/1/12,58,Apr,4.665488472
1141,4/1/12,58,Apr,4.665488472
1142,4/1/12,58,Apr,4.665488472
1143,4/1/12,58,Apr,4.665488472
1144,4/1/12,58,Apr,4.665488472
1145,4/1/12,58,Apr,4.665488472
1146,4/1/12,58,Apr,4.665488472
1147,4/1/12,58,Apr,4.665488472
1148,4/1/12,58,Apr,4.665488472
1149,4/1/12,58,Apr,4.665488472
1150,4/1/12,58,Apr,4.665488472
1151,4/1/12,59,Apr,4.756904718
1152,4/1/12,59,Apr,4.756904718
1153,4/1/12,59,Apr,4.756904718
1154,4/1/12,59,Apr,4.756904718
1155,4/1/12,61,Apr,4.944165785
1156,4/1/12,61,Apr,4.944165785
1157,4/1/12,61,Apr,4.944165785
1158,4/1/12,61,Apr,4.944165785
1159,4/1/12,61,Apr,4.944165785
1160,4/1/12,61,Apr,4.944165785
1161,4/1/12,61,Apr,4.944165785
1162,4/1/12,61,Apr,4.944165785
1163,4/1/12,61,Apr,4.944165785
1164,4/1/12,61,Apr,4.944165785
1165,4/1/12,61,Apr,4.944165785
1166,4/1/12,61,Apr,4.944165785
1167,4/1/12,61,Apr,4.944165785
1168,4/1/12,61,Apr,4.944165785
1169,4/1/12,62,Apr,5.040107788
1170,4/1/12,62,Apr,5.040107788
1171,4/1/12,62,Apr,5.040107788
1172,4/1/12,62,Apr,5.040107788
1173,4/1/12,62,Apr,5.040107788
1174,4/1/12,62,Apr,5.040107788
1175,4/1/12,62,Apr,5.040107788
1176,4/1/12,62,Apr,5.040107788
1177,4/1/12,63,Apr,5.137659632
1178,4/1/12,63,Apr,5.137659632
1179,4/1/12,63,Apr,5.137659632
1180,4/1/12,63,Apr,5.137659632
1181,4/1/12,63,Apr,5.137659632
1182,4/1/12,63,Apr,5.137659632
1183,4/1/12,64,Apr,5.236876263
1184,4/1/12,64,Apr,5.236876263
1185,4/1/12,64,Apr,5.236876263
1186,4/1/12,64,Apr,5.236876263
1187,4/1/12,64,Apr,5.236876263
1188,4/1/12,64,Apr,5.236876263
1189,4/1/12,64,Apr,5.236876263
1190,4/1/12,64,Apr,5.236876263
1191,4/1/12,64,Apr,5.236876263
1192,4/1/12,64,Apr,5.236876263
1193,4/1/12,64,Apr,5.236876263
1194,4/1/12,64,Apr,5.236876263
1195,4/1/12,65,Apr,5.337815491
1196,4/1/12,65,Apr,5.337815491
1197,4/1/12,65,Apr,5.337815491
1198,4/1/12,65,Apr,5.337815491
1199,4/1/12,65,Apr,5.337815491
1200,4/1/12,65,Apr,5.337815491
1201,4/1/12,66,Apr,5.440538189
1202,4/1/12,66,Apr,5.440538189
1203,4/1/12,66,Apr,5.440538189
1204,4/1/12,66,Apr,5.440538189
1205,4/1/12,66,Apr,5.440538189
1206,4/1/12,66,Apr,5.440538189
1207,4/1/12,66,Apr,5.440538189
1208,4/1/12,66,Apr,5.440538189
1209,4/1/12,67,Apr,5.545108517
1210,4/1/12,67,Apr,5.545108517
1211,4/1/12,67,Apr,5.545108517
1212,4/1/12,67,Apr,5.545108517
1213,4/1/12,67,Apr,5.545108517
1214,4/1/12,67,Apr,5.545108517
1215,4/1/12,67,Apr,5.545108517
1216,4/1/12,68,Apr,5.651594159
1217,4/1/12,68,Apr,5.651594159
1218,4/1/12,68,Apr,5.651594159
1219,4/1/12,68,Apr,5.651594159
1220,4/1/12,68,Apr,5.651594159
1221,4/1/12,69,Apr,5.760066586
1222,4/1/12,69,Apr,5.760066586
1223,4/1/12,69,Apr,5.760066586
1224,4/1/12,69,Apr,5.760066586
1225,4/1/12,69,Apr,5.760066586
1226,4/1/12,69,Apr,5.760066586
1227,4/1/12,69,Apr,5.760066586
1228,4/1/12,70,Apr,5.870601351
1229,4/1/12,70,Apr,5.870601351
1230,4/1/12,70,Apr,5.870601351
1231,4/1/12,70,Apr,5.870601351
1232,4/1/12,70,Apr,5.870601351
1233,4/1/12,70,Apr,5.870601351
1234,4/1/12,71,Apr,5.983278395
1235,4/1/12,71,Apr,5.983278395
1236,4/1/12,71,Apr,5.983278395
1237,4/1/12,71,Apr,5.983278395
1238,4/1/12,71,Apr,5.983278395
1239,4/1/12,71,Apr,5.983278395
1240,4/1/12,71,Apr,5.983278395
1241,4/1/12,71,Apr,5.983278395
1242,4/1/12,72,Apr,6.098182401
1243,4/1/12,72,Apr,6.098182401
1244,4/1/12,72,Apr,6.098182401
1245,4/1/12,72,Apr,6.098182401
1246,4/1/12,72,Apr,6.098182401
1247,4/1/12,72,Apr,6.098182401
1248,4/1/12,72,Apr,6.098182401
1249,4/1/12,73,Apr,6.215403176
1250,4/1/12,73,Apr,6.215403176
1251,4/1/12,73,Apr,6.215403176
1252,4/1/12,73,Apr,6.215403176
1253,4/1/12,75,Apr,6.457182442
1254,4/1/12,75,Apr,6.457182442
1255,4/1/12,75,Apr,6.457182442
1256,4/1/12,75,Apr,6.457182442
1257,4/1/12,76,Apr,6.581950181
1258,4/1/12,76,Apr,6.581950181
1259,4/1/12,76,Apr,6.581950181
1260,4/1/12,76,Apr,6.581950181
1261,4/1/12,76,Apr,6.581950181
1262,4/1/12,76,Apr,6.581950181
1263,4/1/12,76,Apr,6.581950181
1264,4/1/12,76,Apr,6.581950181
1265,4/1/12,76,Apr,6.581950181
1266,4/1/12,77,Apr,6.709454271
1267,4/1/12,77,Apr,6.709454271
1268,4/1/12,77,Apr,6.709454271
1269,4/1/12,77,Apr,6.709454271
1270,4/1/12,77,Apr,6.709454271
1271,4/1/12,77,Apr,6.709454271
1272,4/1/12,77,Apr,6.709454271
1273,4/1/12,77,Apr,6.709454271
1274,4/1/12,77,Apr,6.709454271
1275,4/1/12,78,Apr,6.839817434
1276,4/1/12,78,Apr,6.839817434
1277,4/1/12,79,Apr,6.973170837
1278,4/1/12,79,Apr,6.973170837
1279,4/1/12,79,Apr,6.973170837
1280,4/1/12,80,Apr,7.109654886
1281,4/1/12,80,Apr,7.109654886
1282,4/1/12,81,Apr,7.249420114
1283,4/1/12,81,Apr,7.249420114
1284,4/1/12,81,Apr,7.249420114
1285,4/1/12,81,Apr,7.249420114
1286,4/1/12,81,Apr,7.249420114
1287,4/1/12,81,Apr,7.249420114
1288,4/1/12,81,Apr,7.249420114
1289,4/1/12,81,Apr,7.249420114
1290,4/1/12,81,Apr,7.249420114
1291,4/1/12,81,Apr,7.249420114
1292,4/1/12,82,Apr,7.392628179
1293,4/1/12,82,Apr,7.392628179
1294,4/1/12,82,Apr,7.392628179
1295,4/1/12,82,Apr,7.392628179
1296,4/1/12,82,Apr,7.392628179
1297,4/1/12,82,Apr,7.392628179
1298,4/1/12,83,Apr,7.539452989
1299,4/1/12,83,Apr,7.539452989
1300,4/1/12,83,Apr,7.539452989
1301,4/1/12,83,Apr,7.539452989
1302,4/1/12,85,Apr,7.844717509
1303,4/1/12,85,Apr,7.844717509
1304,4/1/12,85,Apr,7.844717509
1305,4/1/12,85,Apr,7.844717509
1306,4/1/12,85,Apr,7.844717509
1307,4/1/12,85,Apr,7.844717509
1308,4/1/12,85,Apr,7.844717509
1309,4/1/12,84,Apr,7.690081971
1310,4/1/12,84,Apr,7.690081971
1311,4/1/12,84,Apr,7.690081971
1312,4/1/12,84,Apr,7.690081971
1313,4/1/12,84,Apr,7.690081971
1314,4/1/12,86,Apr,8.00357858
1315,4/1/12,86,Apr,8.00357858
1316,4/1/12,87,Apr,8.16690262
1317,4/1/12,87,Apr,8.16690262
1318,4/1/12,87,Apr,8.16690262
1319,4/1/12,87,Apr,8.16690262
1320,4/1/12,87,Apr,8.16690262
1321,4/1/12,87,Apr,8.16690262
1322,4/1/12,87,Apr,8.16690262
1323,4/1/12,87,Apr,8.16690262
1324,4/1/12,89,Apr,8.50799476
1325,4/1/12,89,Apr,8.50799476
1326,4/1/12,89,Apr,8.50799476
1327,4/1/12,89,Apr,8.50799476
1328,4/1/12,91,Apr,8.870352104
1329,4/1/12,91,Apr,8.870352104
1330,4/1/12,92,Apr,9.060367496
1331,4/1/12,93,Apr,9.256803529
1332,4/1/12,93,Apr,9.256803529
1333,4/1/12,93,Apr,9.256803529
1334,4/1/12,93,Apr,9.256803529
1335,4/1/12,94,Apr,9.46010933
1336,4/1/12,94,Apr,9.46010933
1337,4/1/12,98,Apr,10.35288686
1338,5/1/12,26,May,2.311157355
1339,5/1/12,28,May,2.433432177
1340,5/1/12,28,May,2.433432177
1341,5/1/12,29,May,2.495547656
1342,5/1/12,29,May,2.495547656
1343,5/1/12,30,May,2.558333941
1344,5/1/12,30,May,2.558333941
1345,5/1/12,30,May,2.558333941
1346,5/1/12,31,May,2.621805679
1347,5/1/12,32,May,2.685978003
1348,5/1/12,32,May,2.685978003
1349,5/1/12,32,May,2.685978003
1350,5/1/12,33,May,2.75086655
1351,5/1/12,35,May,2.882857542
1352,5/1/12,35,May,2.882857542
1353,5/1/12,38,May,3.086638454
1354,5/1/12,38,May,3.086638454
1355,5/1/12,41,May,3.297822209
1356,5/1/12,41,May,3.297822209
1357,5/1/12,41,May,3.297822209
1358,5/1/12,41,May,3.297822209
1359,5/1/12,42,May,3.369956553
1360,5/1/12,42,May,3.369956553
1361,5/1/12,42,May,3.369956553
1362,5/1/12,43,May,3.44299713
1363,5/1/12,43,May,3.44299713
1364,5/1/12,43,May,3.44299713
1365,5/1/12,43,May,3.44299713
1366,5/1/12,43,May,3.44299713
1367,5/1/12,43,May,3.44299713
1368,5/1/12,43,May,3.44299713
1369,5/1/12,44,May,3.516967002
1370,5/1/12,44,May,3.516967002
1371,5/1/12,44,May,3.516967002
1372,5/1/12,44,May,3.516967002
1373,5/1/12,46,May,3.667791374
1374,5/1/12,46,May,3.667791374
1375,5/1/12,47,May,3.744696642
1376,5/1/12,47,May,3.744696642
1377,5/1/12,47,May,3.744696642
1378,5/1/12,47,May,3.744696642
1379,5/1/12,48,May,3.822632842
1380,5/1/12,48,May,3.822632842
1381,5/1/12,49,May,3.90162799
1382,5/1/12,49,May,3.90162799
1383,5/1/12,49,May,3.90162799
1384,5/1/12,50,May,3.981711261
1385,5/1/12,51,May,4.062913048
1386,5/1/12,51,May,4.062913048
1387,5/1/12,51,May,4.062913048
1388,5/1/12,51,May,4.062913048
1389,5/1/12,52,May,4.145265041
1390,5/1/12,52,May,4.145265041
1391,5/1/12,52,May,4.145265041
1392,5/1/12,52,May,4.145265041
1393,5/1/12,52,May,4.145265041
1394,5/1/12,52,May,4.145265041
1395,5/1/12,52,May,4.145265041
1396,5/1/12,52,May,4.145265041
1397,5/1/12,52,May,4.145265041
1398,5/1/12,52,May,4.145265041
1399,5/1/12,52,May,4.145265041
1400,5/1/12,52,May,4.145265041
1401,5/1/12,52,May,4.145265041
1402,5/1/12,53,May,4.228800293
1403,5/1/12,53,May,4.228800293
1404,5/1/12,53,May,4.228800293
1405,5/1/12,54,May,4.313553302
1406,5/1/12,54,May,4.313553302
1407,5/1/12,54,May,4.313553302
1408,5/1/12,54,May,4.313553302
1409,5/1/12,54,May,4.313553302
1410,5/1/12,54,May,4.313553302
1411,5/1/12,54,May,4.313553302
1412,5/1/12,54,May,4.313553302
1413,5/1/12,56,May,4.486858339
1414,5/1/12,57,May,4.575487395
1415,5/1/12,57,May,4.575487395
1416,5/1/12,57,May,4.575487395
1417,5/1/12,57,May,4.575487395
1418,5/1/12,57,May,4.575487395
1419,5/1/12,57,May,4.575487395
1420,5/1/12,58,May,4.665488472
1421,5/1/12,58,May,4.665488472
1422,5/1/12,58,May,4.665488472
1423,5/1/12,58,May,4.665488472
1424,5/1/12,58,May,4.665488472
1425,5/1/12,58,May,4.665488472
1426,5/1/12,59,May,4.756904718
1427,5/1/12,60,May,4.84978135
1428,5/1/12,60,May,4.84978135
1429,5/1/12,60,May,4.84978135
1430,5/1/12,60,May,4.84978135
1431,5/1/12,60,May,4.84978135
1432,5/1/12,60,May,4.84978135
1433,5/1/12,61,May,4.944165785
1434,5/1/12,61,May,4.944165785
1435,5/1/12,61,May,4.944165785
1436,5/1/12,62,May,5.040107788
1437,5/1/12,62,May,5.040107788
1438,5/1/12,62,May,5.040107788
1439,5/1/12,62,May,5.040107788
1440,5/1/12,62,May,5.040107788
1441,5/1/12,62,May,5.040107788
1442,5/1/12,62,May,5.040107788
1443,5/1/12,63,May,5.137659632
1444,5/1/12,63,May,5.137659632
1445,5/1/12,63,May,5.137659632
1446,5/1/12,64,May,5.236876263
1447,5/1/12,64,May,5.236876263
1448,5/1/12,64,May,5.236876263
1449,5/1/12,64,May,5.236876263
1450,5/1/12,65,May,5.337815491
1451,5/1/12,65,May,5.337815491
1452,5/1/12,66,May,5.440538189
1453,5/1/12,66,May,5.440538189
1454,5/1/12,67,May,5.545108517
1455,5/1/12,67,May,5.545108517
1456,5/1/12,67,May,5.545108517
1457,5/1/12,67,May,5.545108517
1458,5/1/12,68,May,5.651594159
1459,5/1/12,69,May,5.760066586
1460,5/1/12,69,May,5.760066586
1461,5/1/12,69,May,5.760066586
1462,5/1/12,70,May,5.870601351
1463,5/1/12,70,May,5.870601351
1464,5/1/12,70,May,5.870601351
1465,5/1/12,70,May,5.870601351
1466,5/1/12,70,May,5.870601351
1467,5/1/12,71,May,5.983278395
1468,5/1/12,71,May,5.983278395
1469,5/1/12,71,May,5.983278395
1470,5/1/12,72,May,6.098182401
1471,5/1/12,72,May,6.098182401
1472,5/1/12,72,May,6.098182401
1473,5/1/12,72,May,6.098182401
1474,5/1/12,72,May,6.098182401
1475,5/1/12,72,May,6.098182401
1476,5/1/12,74,May,6.33503607
1477,5/1/12,74,May,6.33503607
1478,5/1/12,74,May,6.33503607
1479,5/1/12,75,May,6.457182442
1480,5/1/12,75,May,6.457182442
1481,5/1/12,75,May,6.457182442
1482,5/1/12,76,May,6.581950181
1483,5/1/12,78,May,6.839817434
1484,5/1/12,78,May,6.839817434
1485,5/1/12,79,May,6.973170837
1486,5/1/12,79,May,6.973170837
1487,5/1/12,80,May,7.109654886
1488,5/1/12,80,May,7.109654886
1489,5/1/12,81,May,7.249420114
1490,5/1/12,81,May,7.249420114
1491,5/1/12,81,May,7.249420114
1492,5/1/12,83,May,7.539452989
1493,5/1/12,83,May,7.539452989
1494,5/1/12,87,May,8.16690262
1495,5/1/12,87,May,8.16690262
1496,5/1/12,89,May,8.50799476
1497,5/1/12,89,May,8.50799476
1498,5/1/12,89,May,8.50799476
1499,5/1/12,91,May,8.870352104
1500,5/1/12,95,May,9.670782868
1501,5/1/12,100,May,10.85657426
1502,8/1/12,24,Aug,2.191401247
1503,8/1/12,24,Aug,2.191401247
1504,8/1/12,25,Aug,2.250970964
1505,8/1/12,25,Aug,2.250970964
1506,8/1/12,25,Aug,2.250970964
1507,8/1/12,25,Aug,2.250970964
1508,8/1/12,25,Aug,2.250970964
1509,8/1/12,25,Aug,2.250970964
1510,8/1/12,25,Aug,2.250970964
1511,8/1/12,25,Aug,2.250970964
1512,8/1/12,25,Aug,2.250970964
1513,8/1/12,26,Aug,2.311157355
1514,8/1/12,26,Aug,2.311157355
1515,8/1/12,26,Aug,2.311157355
1516,8/1/12,26,Aug,2.311157355
1517,8/1/12,26,Aug,2.311157355
1518,8/1/12,26,Aug,2.311157355
1519,8/1/12,27,Aug,2.371973323
1520,8/1/12,27,Aug,2.371973323
1521,8/1/12,27,Aug,2.371973323
1522,8/1/12,27,Aug,2.371973323
1523,8/1/12,27,Aug,2.371973323
1524,8/1/12,27,Aug,2.371973323
1525,8/1/12,27,Aug,2.371973323
1526,8/1/12,27,Aug,2.371973323
1527,8/1/12,27,Aug,2.371973323
1528,8/1/12,27,Aug,2.371973323
1529,8/1/12,27,Aug,2.371973323
1530,8/1/12,27,Aug,2.371973323
1531,8/1/12,27,Aug,2.371973323
1532,8/1/12,27,Aug,2.371973323
1533,8/1/12,27,Aug,2.371973323
1534,8/1/12,27,Aug,2.371973323
1535,8/1/12,28,Aug,2.433432177
1536,8/1/12,28,Aug,2.433432177
1537,8/1/12,28,Aug,2.433432177
1538,8/1/12,28,Aug,2.433432177
1539,8/1/12,28,Aug,2.433432177
1540,8/1/12,28,Aug,2.433432177
1541,8/1/12,28,Aug,2.433432177
1542,8/1/12,28,Aug,2.433432177
1543,8/1/12,28,Aug,2.433432177
1544,8/1/12,28,Aug,2.433432177
1545,8/1/12,28,Aug,2.433432177
1546,8/1/12,28,Aug,2.433432177
1547,8/1/12,28,Aug,2.433432177
1548,8/1/12,28,Aug,2.433432177
1549,8/1/12,28,Aug,2.433432177
1550,8/1/12,28,Aug,2.433432177
1551,8/1/12,28,Aug,2.433432177
1552,8/1/12,28,Aug,2.433432177
1553,8/1/12,28,Aug,2.433432177
1554,8/1/12,28,Aug,2.433432177
1555,8/1/12,28,Aug,2.433432177
1556,8/1/12,28,Aug,2.433432177
1557,8/1/12,29,Aug,2.495547656
1558,8/1/12,29,Aug,2.495547656
1559,8/1/12,29,Aug,2.495547656
1560,8/1/12,29,Aug,2.495547656
1561,8/1/12,29,Aug,2.495547656
1562,8/1/12,29,Aug,2.495547656
1563,8/1/12,29,Aug,2.495547656
1564,8/1/12,29,Aug,2.495547656
1565,8/1/12,29,Aug,2.495547656
1566,8/1/12,29,Aug,2.495547656
1567,8/1/12,29,Aug,2.495547656
1568,8/1/12,29,Aug,2.495547656
1569,8/1/12,29,Aug,2.495547656
1570,8/1/12,29,Aug,2.495547656
1571,8/1/12,29,Aug,2.495547656
1572,8/1/12,29,Aug,2.495547656
1573,8/1/12,29,Aug,2.495547656
1574,8/1/12,29,Aug,2.495547656
1575,8/1/12,29,Aug,2.495547656
1576,8/1/12,29,Aug,2.495547656
1577,8/1/12,29,Aug,2.495547656
1578,8/1/12,29,Aug,2.495547656
1579,8/1/12,29,Aug,2.495547656
1580,8/1/12,29,Aug,2.495547656
1581,8/1/12,29,Aug,2.495547656
1582,8/1/12,29,Aug,2.495547656
1583,8/1/12,29,Aug,2.495547656
1584,8/1/12,30,Aug,2.558333941
1585,8/1/12,30,Aug,2.558333941
1586,8/1/12,30,Aug,2.558333941
1587,8/1/12,30,Aug,2.558333941
1588,8/1/12,30,Aug,2.558333941
1589,8/1/12,30,Aug,2.558333941
1590,8/1/12,30,Aug,2.558333941
1591,8/1/12,30,Aug,2.558333941
1592,8/1/12,30,Aug,2.558333941
1593,8/1/12,30,Aug,2.558333941
1594,8/1/12,30,Aug,2.558333941
1595,8/1/12,30,Aug,2.558333941
1596,8/1/12,30,Aug,2.558333941
1597,8/1/12,30,Aug,2.558333941
1598,8/1/12,30,Aug,2.558333941
1599,8/1/12,30,Aug,2.558333941
1600,8/1/12,30,Aug,2.558333941
1601,8/1/12,30,Aug,2.558333941
1602,8/1/12,30,Aug,2.558333941
1603,8/1/12,30,Aug,2.558333941
1604,8/1/12,30,Aug,2.558333941
1605,8/1/12,30,Aug,2.558333941
1606,8/1/12,30,Aug,2.558333941
1607,8/1/12,30,Aug,2.558333941
1608,8/1/12,30,Aug,2.558333941
1609,8/1/12,30,Aug,2.558333941
1610,8/1/12,30,Aug,2.558333941
1611,8/1/12,30,Aug,2.558333941
1612,8/1/12,30,Aug,2.558333941
1613,8/1/12,30,Aug,2.558333941
1614,8/1/12,30,Aug,2.558333941
1615,8/1/12,31,Aug,2.621805679
1616,8/1/12,31,Aug,2.621805679
1617,8/1/12,31,Aug,2.621805679
1618,8/1/12,31,Aug,2.621805679
1619,8/1/12,31,Aug,2.621805679
1620,8/1/12,31,Aug,2.621805679
1621,8/1/12,31,Aug,2.621805679
1622,8/1/12,31,Aug,2.621805679
1623,8/1/12,31,Aug,2.621805679
1624,8/1/12,31,Aug,2.621805679
1625,8/1/12,31,Aug,2.621805679
1626,8/1/12,31,Aug,2.621805679
1627,8/1/12,31,Aug,2.621805679
1628,8/1/12,31,Aug,2.621805679
1629,8/1/12,31,Aug,2.621805679
1630,8/1/12,31,Aug,2.621805679
1631,8/1/12,31,Aug,2.621805679
1632,8/1/12,31,Aug,2.621805679
1633,8/1/12,31,Aug,2.621805679
1634,8/1/12,31,Aug,2.621805679
1635,8/1/12,31,Aug,2.621805679
1636,8/1/12,31,Aug,2.621805679
1637,8/1/12,31,Aug,2.621805679
1638,8/1/12,31,Aug,2.621805679
1639,8/1/12,31,Aug,2.621805679
1640,8/1/12,31,Aug,2.621805679
1641,8/1/12,31,Aug,2.621805679
1642,8/1/12,31,Aug,2.621805679
1643,8/1/12,31,Aug,2.621805679
1644,8/1/12,31,Aug,2.621805679
1645,8/1/12,31,Aug,2.621805679
1646,8/1/12,31,Aug,2.621805679
1647,8/1/12,31,Aug,2.621805679
1648,8/1/12,31,Aug,2.621805679
1649,8/1/12,31,Aug,2.621805679
1650,8/1/12,31,Aug,2.621805679
1651,8/1/12,31,Aug,2.621805679
1652,8/1/12,31,Aug,2.621805679
1653,8/1/12,31,Aug,2.621805679
1654,8/1/12,31,Aug,2.621805679
1655,8/1/12,31,Aug,2.621805679
1656,8/1/12,31,Aug,2.621805679
1657,8/1/12,31,Aug,2.621805679
1658,8/1/12,31,Aug,2.621805679
1659,8/1/12,32,Aug,2.685978003
1660,8/1/12,32,Aug,2.685978003
1661,8/1/12,32,Aug,2.685978003
1662,8/1/12,32,Aug,2.685978003
1663,8/1/12,32,Aug,2.685978003
1664,8/1/12,32,Aug,2.685978003
1665,8/1/12,32,Aug,2.685978003
1666,8/1/12,32,Aug,2.685978003
1667,8/1/12,32,Aug,2.685978003
1668,8/1/12,32,Aug,2.685978003
1669,8/1/12,32,Aug,2.685978003
1670,8/1/12,32,Aug,2.685978003
1671,8/1/12,32,Aug,2.685978003
1672,8/1/12,32,Aug,2.685978003
1673,8/1/12,32,Aug,2.685978003
1674,8/1/12,32,Aug,2.685978003
1675,8/1/12,32,Aug,2.685978003
1676,8/1/12,32,Aug,2.685978003
1677,8/1/12,32,Aug,2.685978003
1678,8/1/12,32,Aug,2.685978003
1679,8/1/12,32,Aug,2.685978003
1680,8/1/12,32,Aug,2.685978003
1681,8/1/12,32,Aug,2.685978003
1682,8/1/12,32,Aug,2.685978003
1683,8/1/12,32,Aug,2.685978003
1684,8/1/12,32,Aug,2.685978003
1685,8/1/12,32,Aug,2.685978003
1686,8/1/12,32,Aug,2.685978003
1687,8/1/12,32,Aug,2.685978003
1688,8/1/12,32,Aug,2.685978003
1689,8/1/12,32,Aug,2.685978003
1690,8/1/12,32,Aug,2.685978003
1691,8/1/12,32,Aug,2.685978003
1692,8/1/12,32,Aug,2.685978003
1693,8/1/12,32,Aug,2.685978003
1694,8/1/12,32,Aug,2.685978003
1695,8/1/12,32,Aug,2.685978003
1696,8/1/12,32,Aug,2.685978003
1697,8/1/12,32,Aug,2.685978003
1698,8/1/12,32,Aug,2.685978003
1699,8/1/12,32,Aug,2.685978003
1700,8/1/12,32,Aug,2.685978003
1701,8/1/12,32,Aug,2.685978003
1702,8/1/12,32,Aug,2.685978003
1703,8/1/12,32,Aug,2.685978003
1704,8/1/12,32,Aug,2.685978003
1705,8/1/12,32,Aug,2.685978003
1706,8/1/12,32,Aug,2.685978003
1707,8/1/12,32,Aug,2.685978003
1708,8/1/12,33,Aug,2.75086655
1709,8/1/12,33,Aug,2.75086655
1710,8/1/12,33,Aug,2.75086655
1711,8/1/12,33,Aug,2.75086655
1712,8/1/12,33,Aug,2.75086655
1713,8/1/12,33,Aug,2.75086655
1714,8/1/12,33,Aug,2.75086655
1715,8/1/12,33,Aug,2.75086655
1716,8/1/12,33,Aug,2.75086655
1717,8/1/12,33,Aug,2.75086655
1718,8/1/12,33,Aug,2.75086655
1719,8/1/12,33,Aug,2.75086655
1720,8/1/12,33,Aug,2.75086655
1721,8/1/12,33,Aug,2.75086655
1722,8/1/12,33,Aug,2.75086655
1723,8/1/12,33,Aug,2.75086655
1724,8/1/12,33,Aug,2.75086655
1725,8/1/12,33,Aug,2.75086655
1726,8/1/12,33,Aug,2.75086655
1727,8/1/12,33,Aug,2.75086655
1728,8/1/12,33,Aug,2.75086655
1729,8/1/12,33,Aug,2.75086655
1730,8/1/12,33,Aug,2.75086655
1731,8/1/12,33,Aug,2.75086655
1732,8/1/12,33,Aug,2.75086655
1733,8/1/12,33,Aug,2.75086655
1734,8/1/12,33,Aug,2.75086655
1735,8/1/12,33,Aug,2.75086655
1736,8/1/12,33,Aug,2.75086655
1737,8/1/12,33,Aug,2.75086655
1738,8/1/12,33,Aug,2.75086655
1739,8/1/12,33,Aug,2.75086655
1740,8/1/12,33,Aug,2.75086655
1741,8/1/12,33,Aug,2.75086655
1742,8/1/12,33,Aug,2.75086655
1743,8/1/12,33,Aug,2.75086655
1744,8/1/12,33,Aug,2.75086655
1745,8/1/12,33,Aug,2.75086655
1746,8/1/12,33,Aug,2.75086655
1747,8/1/12,33,Aug,2.75086655
1748,8/1/12,33,Aug,2.75086655
1749,8/1/12,33,Aug,2.75086655
1750,8/1/12,33,Aug,2.75086655
1751,8/1/12,33,Aug,2.75086655
1752,8/1/12,33,Aug,2.75086655
1753,8/1/12,33,Aug,2.75086655
1754,8/1/12,33,Aug,2.75086655
1755,8/1/12,33,Aug,2.75086655
1756,8/1/12,33,Aug,2.75086655
1757,8/1/12,33,Aug,2.75086655
1758,8/1/12,33,Aug,2.75086655
1759,8/1/12,33,Aug,2.75086655
1760,8/1/12,33,Aug,2.75086655
1761,8/1/12,33,Aug,2.75086655
1762,8/1/12,33,Aug,2.75086655
1763,8/1/12,33,Aug,2.75086655
1764,8/1/12,34,Aug,2.816487489
1765,8/1/12,34,Aug,2.816487489
1766,8/1/12,34,Aug,2.816487489
1767,8/1/12,34,Aug,2.816487489
1768,8/1/12,34,Aug,2.816487489
1769,8/1/12,34,Aug,2.816487489
1770,8/1/12,34,Aug,2.816487489
1771,8/1/12,34,Aug,2.816487489
1772,8/1/12,34,Aug,2.816487489
1773,8/1/12,34,Aug,2.816487489
1774,8/1/12,34,Aug,2.816487489
1775,8/1/12,34,Aug,2.816487489
1776,8/1/12,34,Aug,2.816487489
1777,8/1/12,34,Aug,2.816487489
1778,8/1/12,34,Aug,2.816487489
1779,8/1/12,34,Aug,2.816487489
1780,8/1/12,34,Aug,2.816487489
1781,8/1/12,34,Aug,2.816487489
1782,8/1/12,34,Aug,2.816487489
1783,8/1/12,34,Aug,2.816487489
1784,8/1/12,34,Aug,2.816487489
1785,8/1/12,34,Aug,2.816487489
1786,8/1/12,34,Aug,2.816487489
1787,8/1/12,34,Aug,2.816487489
1788,8/1/12,34,Aug,2.816487489
1789,8/1/12,34,Aug,2.816487489
1790,8/1/12,34,Aug,2.816487489
1791,8/1/12,34,Aug,2.816487489
1792,8/1/12,34,Aug,2.816487489
1793,8/1/12,34,Aug,2.816487489
1794,8/1/12,34,Aug,2.816487489
1795,8/1/12,34,Aug,2.816487489
1796,8/1/12,35,Aug,2.882857542
1797,8/1/12,35,Aug,2.882857542
1798,8/1/12,35,Aug,2.882857542
1799,8/1/12,35,Aug,2.882857542
1800,8/1/12,35,Aug,2.882857542
1801,8/1/12,35,Aug,2.882857542
1802,8/1/12,35,Aug,2.882857542
1803,8/1/12,35,Aug,2.882857542
1804,8/1/12,35,Aug,2.882857542
1805,8/1/12,35,Aug,2.882857542
1806,8/1/12,35,Aug,2.882857542
1807,8/1/12,35,Aug,2.882857542
1808,8/1/12,35,Aug,2.882857542
1809,8/1/12,35,Aug,2.882857542
1810,8/1/12,35,Aug,2.882857542
1811,8/1/12,35,Aug,2.882857542
1812,8/1/12,35,Aug,2.882857542
1813,8/1/12,35,Aug,2.882857542
1814,8/1/12,35,Aug,2.882857542
1815,8/1/12,35,Aug,2.882857542
1816,8/1/12,35,Aug,2.882857542
1817,8/1/12,35,Aug,2.882857542
1818,8/1/12,35,Aug,2.882857542
1819,8/1/12,35,Aug,2.882857542
1820,8/1/12,35,Aug,2.882857542
1821,8/1/12,35,Aug,2.882857542
1822,8/1/12,35,Aug,2.882857542
1823,8/1/12,35,Aug,2.882857542
1824,8/1/12,35,Aug,2.882857542
1825,8/1/12,35,Aug,2.882857542
1826,8/1/12,35,Aug,2.882857542
1827,8/1/12,35,Aug,2.882857542
1828,8/1/12,35,Aug,2.882857542
1829,8/1/12,35,Aug,2.882857542
1830,8/1/12,35,Aug,2.882857542
1831,8/1/12,35,Aug,2.882857542
1832,8/1/12,35,Aug,2.882857542
1833,8/1/12,35,Aug,2.882857542
1834,8/1/12,35,Aug,2.882857542
1835,8/1/12,35,Aug,2.882857542
1836,8/1/12,35,Aug,2.882857542
1837,8/1/12,35,Aug,2.882857542
1838,8/1/12,35,Aug,2.882857542
1839,8/1/12,35,Aug,2.882857542
1840,8/1/12,35,Aug,2.882857542
1841,8/1/12,35,Aug,2.882857542
1842,8/1/12,36,Aug,2.94999401
1843,8/1/12,36,Aug,2.94999401
1844,8/1/12,36,Aug,2.94999401
1845,8/1/12,36,Aug,2.94999401
1846,8/1/12,36,Aug,2.94999401
1847,8/1/12,36,Aug,2.94999401
1848,8/1/12,36,Aug,2.94999401
1849,8/1/12,36,Aug,2.94999401
1850,8/1/12,36,Aug,2.94999401
1851,8/1/12,36,Aug,2.94999401
1852,8/1/12,36,Aug,2.94999401
1853,8/1/12,36,Aug,2.94999401
1854,8/1/12,36,Aug,2.94999401
1855,8/1/12,36,Aug,2.94999401
1856,8/1/12,36,Aug,2.94999401
1857,8/1/12,36,Aug,2.94999401
1858,8/1/12,36,Aug,2.94999401
1859,8/1/12,36,Aug,2.94999401
1860,8/1/12,36,Aug,2.94999401
1861,8/1/12,36,Aug,2.94999401
1862,8/1/12,36,Aug,2.94999401
1863,8/1/12,36,Aug,2.94999401
1864,8/1/12,36,Aug,2.94999401
1865,8/1/12,36,Aug,2.94999401
1866,8/1/12,36,Aug,2.94999401
1867,8/1/12,36,Aug,2.94999401
1868,8/1/12,36,Aug,2.94999401
1869,8/1/12,36,Aug,2.94999401
1870,8/1/12,36,Aug,2.94999401
1871,8/1/12,36,Aug,2.94999401
1872,8/1/12,36,Aug,2.94999401
1873,8/1/12,36,Aug,2.94999401
1874,8/1/12,38,Aug,3.086638454
1875,8/1/12,38,Aug,3.086638454
1876,8/1/12,38,Aug,3.086638454
1877,8/1/12,38,Aug,3.086638454
1878,8/1/12,38,Aug,3.086638454
1879,8/1/12,38,Aug,3.086638454
1880,8/1/12,38,Aug,3.086638454
1881,8/1/12,38,Aug,3.086638454
1882,8/1/12,38,Aug,3.086638454
1883,8/1/12,38,Aug,3.086638454
1884,8/1/12,38,Aug,3.086638454
1885,8/1/12,38,Aug,3.086638454
1886,8/1/12,38,Aug,3.086638454
1887,8/1/12,38,Aug,3.086638454
1888,8/1/12,38,Aug,3.086638454
1889,8/1/12,38,Aug,3.086638454
1890,8/1/12,38,Aug,3.086638454
1891,8/1/12,38,Aug,3.086638454
1892,8/1/12,38,Aug,3.086638454
1893,8/1/12,38,Aug,3.086638454
1894,8/1/12,38,Aug,3.086638454
1895,8/1/12,38,Aug,3.086638454
1896,8/1/12,38,Aug,3.086638454
1897,8/1/12,38,Aug,3.086638454
1898,8/1/12,38,Aug,3.086638454
1899,8/1/12,38,Aug,3.086638454
1900,8/1/12,38,Aug,3.086638454
1901,8/1/12,38,Aug,3.086638454
1902,8/1/12,38,Aug,3.086638454
1903,8/1/12,38,Aug,3.086638454
1904,8/1/12,38,Aug,3.086638454
1905,8/1/12,38,Aug,3.086638454
1906,8/1/12,38,Aug,3.086638454
1907,8/1/12,38,Aug,3.086638454
1908,8/1/12,38,Aug,3.086638454
1909,8/1/12,38,Aug,3.086638454
1910,8/1/12,38,Aug,3.086638454
1911,8/1/12,38,Aug,3.086638454
1912,8/1/12,38,Aug,3.086638454
1913,8/1/12,38,Aug,3.086638454
1914,8/1/12,38,Aug,3.086638454
1915,8/1/12,38,Aug,3.086638454
1916,8/1/12,38,Aug,3.086638454
1917,8/1/12,38,Aug,3.086638454
1918,8/1/12,38,Aug,3.086638454
1919,8/1/12,39,Aug,3.156184182
1920,8/1/12,39,Aug,3.156184182
1921,8/1/12,39,Aug,3.156184182
1922,8/1/12,39,Aug,3.156184182
1923,8/1/12,39,Aug,3.156184182
1924,8/1/12,39,Aug,3.156184182
1925,8/1/12,39,Aug,3.156184182
1926,8/1/12,39,Aug,3.156184182
1927,8/1/12,39,Aug,3.156184182
1928,8/1/12,39,Aug,3.156184182
1929,8/1/12,39,Aug,3.156184182
1930,8/1/12,39,Aug,3.156184182
1931,8/1/12,39,Aug,3.156184182
1932,8/1/12,39,Aug,3.156184182
1933,8/1/12,39,Aug,3.156184182
1934,8/1/12,39,Aug,3.156184182
1935,8/1/12,39,Aug,3.156184182
1936,8/1/12,39,Aug,3.156184182
1937,8/1/12,39,Aug,3.156184182
1938,8/1/12,39,Aug,3.156184182
1939,8/1/12,39,Aug,3.156184182
1940,8/1/12,39,Aug,3.156184182
1941,8/1/12,40,Aug,3.226571888
1942,8/1/12,40,Aug,3.226571888
1943,8/1/12,40,Aug,3.226571888
1944,8/1/12,40,Aug,3.226571888
1945,8/1/12,40,Aug,3.226571888
1946,8/1/12,40,Aug,3.226571888
1947,8/1/12,40,Aug,3.226571888
1948,8/1/12,40,Aug,3.226571888
1949,8/1/12,40,Aug,3.226571888
1950,8/1/12,40,Aug,3.226571888
1951,8/1/12,40,Aug,3.226571888
1952,8/1/12,40,Aug,3.226571888
1953,8/1/12,40,Aug,3.226571888
1954,8/1/12,40,Aug,3.226571888
1955,8/1/12,40,Aug,3.226571888
1956,8/1/12,40,Aug,3.226571888
1957,8/1/12,40,Aug,3.226571888
1958,8/1/12,40,Aug,3.226571888
1959,8/1/12,40,Aug,3.226571888
1960,8/1/12,40,Aug,3.226571888
1961,8/1/12,40,Aug,3.226571888
1962,8/1/12,40,Aug,3.226571888
1963,8/1/12,41,Aug,3.297822209
1964,8/1/12,41,Aug,3.297822209
1965,8/1/12,41,Aug,3.297822209
1966,8/1/12,41,Aug,3.297822209
1967,8/1/12,41,Aug,3.297822209
1968,8/1/12,41,Aug,3.297822209
1969,8/1/12,41,Aug,3.297822209
1970,8/1/12,41,Aug,3.297822209
1971,8/1/12,41,Aug,3.297822209
1972,8/1/12,41,Aug,3.297822209
1973,8/1/12,41,Aug,3.297822209
1974,8/1/12,41,Aug,3.297822209
1975,8/1/12,41,Aug,3.297822209
1976,8/1/12,41,Aug,3.297822209
1977,8/1/12,41,Aug,3.297822209
1978,8/1/12,41,Aug,3.297822209
1979,8/1/12,41,Aug,3.297822209
1980,8/1/12,41,Aug,3.297822209
1981,8/1/12,42,Aug,3.369956553
1982,8/1/12,42,Aug,3.369956553
1983,8/1/12,42,Aug,3.369956553
1984,8/1/12,42,Aug,3.369956553
1985,8/1/12,42,Aug,3.369956553
1986,8/1/12,42,Aug,3.369956553
1987,8/1/12,42,Aug,3.369956553
1988,8/1/12,42,Aug,3.369956553
1989,8/1/12,42,Aug,3.369956553
1990,8/1/12,42,Aug,3.369956553
1991,8/1/12,42,Aug,3.369956553
1992,8/1/12,42,Aug,3.369956553
1993,8/1/12,42,Aug,3.369956553
1994,8/1/12,43,Aug,3.44299713
1995,8/1/12,43,Aug,3.44299713
1996,8/1/12,43,Aug,3.44299713
1997,8/1/12,43,Aug,3.44299713
1998,8/1/12,44,Aug,3.516967002
1999,8/1/12,44,Aug,3.516967002
2000,8/1/12,44,Aug,3.516967002
2001,8/1/12,44,Aug,3.516967002
2002,8/1/12,44,Aug,3.516967002
2003,8/1/12,44,Aug,3.516967002
2004,8/1/12,44,Aug,3.516967002
2005,8/1/12,44,Aug,3.516967002
2006,8/1/12,44,Aug,3.516967002
2007,8/1/12,44,Aug,3.516967002
2008,8/1/12,47,Aug,3.744696642
2009,8/1/12,47,Aug,3.744696642
2010,8/1/12,48,Aug,3.822632842
2011,8/1/12,48,Aug,3.822632842
2012,8/1/12,48,Aug,3.822632842
2013,8/1/12,49,Aug,3.90162799
2014,8/1/12,49,Aug,3.90162799
2015,8/1/12,49,Aug,3.90162799
2016,8/1/12,49,Aug,3.90162799
2017,8/1/12,51,Aug,4.062913048
2018,8/1/12,51,Aug,4.062913048
2019,8/1/12,51,Aug,4.062913048
2020,8/1/12,55,Aug,4.3995601
2021,8/1/12,55,Aug,4.3995601
2022,8/1/12,55,Aug,4.3995601
2023,8/1/12,55,Aug,4.3995601
2024,8/1/12,55,Aug,4.3995601
2025,8/1/12,55,Aug,4.3995601
2026,8/1/12,55,Aug,4.3995601
2027,8/1/12,55,Aug,4.3995601
2069,8/1/12,59,Aug,4.756904718
2070,8/1/12,59,Aug,4.756904718
2071,8/1/12,59,Aug,4.756904718
2072,8/1/12,60,Aug,4.84978135
2073,8/1/12,60,Aug,4.84978135
2074,8/1/12,60,Aug,4.84978135
2075,8/1/12,62,Aug,5.040107788
2076,8/1/12,62,Aug,5.040107788
2077,8/1/12,62,Aug,5.040107788
2078,8/1/12,62,Aug,5.040107788
2079,8/1/12,62,Aug,5.040107788
2080,8/1/12,64,Aug,5.236876263
2081,8/1/12,64,Aug,5.236876263
2082,8/1/12,64,Aug,5.236876263
2083,8/1/12,64,Aug,5.236876263
2084,8/1/12,66,Aug,5.440538189
2085,8/1/12,66,Aug,5.440538189
2086,8/1/12,66,Aug,5.440538189
2087,8/1/12,66,Aug,5.440538189
2088,8/1/12,68,Aug,5.651594159
2089,8/1/12,68,Aug,5.651594159
2090,8/1/12,68,Aug,5.651594159
2091,8/1/12,68,Aug,5.651594159
2092,8/1/12,68,Aug,5.651594159
2093,8/1/12,69,Aug,5.760066586
2094,8/1/12,69,Aug,5.760066586
2095,8/1/12,69,Aug,5.760066586
2096,8/1/12,69,Aug,5.760066586
2097,8/1/12,71,Aug,5.983278395
2098,8/1/12,71,Aug,5.983278395
2099,8/1/12,71,Aug,5.983278395
2100,8/1/12,71,Aug,5.983278395
2101,8/1/12,71,Aug,5.983278395
2102,8/1/12,72,Aug,6.098182401
2103,8/1/12,72,Aug,6.098182401
2104,8/1/12,72,Aug,6.098182401
2105,8/1/12,73,Aug,6.215403176
2106,8/1/12,73,Aug,6.215403176
2107,8/1/12,73,Aug,6.215403176
2108,8/1/12,75,Aug,6.457182442
2109,8/1/12,75,Aug,6.457182442
2110,8/1/12,75,Aug,6.457182442
2111,8/1/12,77,Aug,6.709454271
2112,8/1/12,77,Aug,6.709454271
2113,8/1/12,77,Aug,6.709454271
2114,8/1/12,82,Aug,7.392628179
2115,8/1/12,82,Aug,7.392628179
2116,8/1/12,82,Aug,7.392628179
2117,8/1/12,82,Aug,7.392628179
2118,8/1/12,82,Aug,7.392628179
2119,8/1/12,82,Aug,7.392628179
2120,8/1/12,83,Aug,7.539452989
2121,8/1/12,83,Aug,7.539452989
2122,8/1/12,83,Aug,7.539452989
2123,8/1/12,83,Aug,7.539452989
2124,8/1/12,83,Aug,7.539452989
2125,8/1/12,84,Aug,7.690081971
2126,8/1/12,84,Aug,7.690081971
2127,8/1/12,84,Aug,7.690081971
2128,8/1/12,85,Aug,7.844717509
2129,8/1/12,85,Aug,7.844717509
2130,8/1/12,85,Aug,7.844717509
2131,8/1/12,85,Aug,7.844717509
2132,8/1/12,85,Aug,7.844717509
2133,8/1/12,85,Aug,7.844717509
2134,8/1/12,86,Aug,8.00357858
2135,8/1/12,86,Aug,8.00357858
2136,8/1/12,86,Aug,8.00357858
2137,8/1/12,86,Aug,8.00357858
2138,8/1/12,86,Aug,8.00357858
2139,8/1/12,86,Aug,8.00357858
2140,8/1/12,87,Aug,8.16690262
2141,8/1/12,87,Aug,8.16690262
2142,8/1/12,87,Aug,8.16690262
2143,8/1/12,88,Aug,8.334947656
2144,8/1/12,88,Aug,8.334947656
2145,8/1/12,88,Aug,8.334947656
2146,8/1/12,88,Aug,8.334947656
2147,8/1/12,91,Aug,8.870352104
2148,8/1/12,91,Aug,8.870352104
2149,8/1/12,91,Aug,8.870352104
2150,8/1/12,91,Aug,8.870352104
2151,8/1/12,94,Aug,9.46010933
2152,8/1/12,94,Aug,9.46010933
2153,8/1/12,94,Aug,9.46010933
2154,8/1/12,94,Aug,9.46010933
2155,10/1/12,27,Oct,2.371973323
2156,10/1/12,28,Oct,2.433432177
2157,10/1/12,28,Oct,2.433432177
2158,10/1/12,28,Oct,2.433432177
2159,10/1/12,29,Oct,2.495547656
2160,10/1/12,29,Oct,2.495547656
2161,10/1/12,29,Oct,2.495547656
2162,10/1/12,30,Oct,2.558333941
2163,10/1/12,30,Oct,2.558333941
2164,10/1/12,30,Oct,2.558333941
2165,10/1/12,31,Oct,2.621805679
2166,10/1/12,31,Oct,2.621805679
2167,10/1/12,31,Oct,2.621805679
2168,10/1/12,32,Oct,2.685978003
2169,10/1/12,32,Oct,2.685978003
2170,10/1/12,32,Oct,2.685978003
2171,10/1/12,32,Oct,2.685978003
2172,10/1/12,33,Oct,2.75086655
2173,10/1/12,35,Oct,2.882857542
2174,10/1/12,35,Oct,2.882857542
2175,10/1/12,35,Oct,2.882857542
2176,10/1/12,35,Oct,2.882857542
2177,10/1/12,35,Oct,2.882857542
2178,10/1/12,36,Oct,2.94999401
2179,10/1/12,36,Oct,2.94999401
2180,10/1/12,36,Oct,2.94999401
2181,10/1/12,36,Oct,2.94999401
2182,10/1/12,36,Oct,2.94999401
2183,10/1/12,36,Oct,2.94999401
2184,10/1/12,36,Oct,2.94999401
2185,10/1/12,36,Oct,2.94999401
2186,10/1/12,38,Oct,3.086638454
2187,10/1/12,38,Oct,3.086638454
2188,10/1/12,40,Oct,3.226571888
2189,10/1/12,40,Oct,3.226571888
2190,10/1/12,41,Oct,3.297822209
2191,10/1/12,41,Oct,3.297822209
2192,10/1/12,41,Oct,3.297822209
2193,10/1/12,41,Oct,3.297822209
2194,10/1/12,42,Oct,3.369956553
2195,10/1/12,42,Oct,3.369956553
2196,10/1/12,42,Oct,3.369956553
2197,10/1/12,42,Oct,3.369956553
2198,10/1/12,42,Oct,3.369956553
2199,10/1/12,43,Oct,3.44299713
2200,10/1/12,43,Oct,3.44299713
2201,10/1/12,44,Oct,3.516967002
2202,10/1/12,44,Oct,3.516967002
2203,10/1/12,44,Oct,3.516967002
2204,10/1/12,45,Oct,3.591890119
2205,10/1/12,45,Oct,3.591890119
2206,10/1/12,45,Oct,3.591890119
2207,10/1/12,45,Oct,3.591890119
2208,10/1/12,45,Oct,3.591890119
2209,10/1/12,45,Oct,3.591890119
2210,10/1/12,46,Oct,3.667791374
2211,10/1/12,46,Oct,3.667791374
2212,10/1/12,46,Oct,3.667791374
2213,10/1/12,46,Oct,3.667791374
2214,10/1/12,46,Oct,3.667791374
2215,10/1/12,46,Oct,3.667791374
2216,10/1/12,46,Oct,3.667791374
2217,10/1/12,46,Oct,3.667791374
2218,10/1/12,47,Oct,3.744696642
2219,10/1/12,47,Oct,3.744696642
2220,10/1/12,47,Oct,3.744696642
2221,10/1/12,48,Oct,3.822632842
2222,10/1/12,48,Oct,3.822632842
2223,10/1/12,48,Oct,3.822632842
2224,10/1/12,48,Oct,3.822632842
2225,10/1/12,48,Oct,3.822632842
2226,10/1/12,48,Oct,3.822632842
2227,10/1/12,48,Oct,3.822632842
2228,10/1/12,49,Oct,3.90162799
2229,10/1/12,49,Oct,3.90162799
2230,10/1/12,49,Oct,3.90162799
2231,10/1/12,51,Oct,4.062913048
2232,10/1/12,51,Oct,4.062913048
2233,10/1/12,52,Oct,4.145265041
2234,10/1/12,52,Oct,4.145265041
2235,10/1/12,54,Oct,4.313553302
2236,10/1/12,54,Oct,4.313553302
2237,10/1/12,54,Oct,4.313553302
2242,10/1/12,56,Oct,4.486858339
2243,10/1/12,57,Oct,4.575487395
2244,10/1/12,60,Oct,4.84978135
2245,10/1/12,60,Oct,4.84978135
2246,10/1/12,60,Oct,4.84978135
2247,10/1/12,60,Oct,4.84978135
2248,10/1/12,60,Oct,4.84978135
2249,10/1/12,61,Oct,4.944165785
2250,10/1/12,61,Oct,4.944165785
2251,10/1/12,62,Oct,5.040107788
2252,10/1/12,64,Oct,5.236876263
2253,10/1/12,66,Oct,5.440538189
2254,10/1/12,66,Oct,5.440538189
2255,10/1/12,66,Oct,5.440538189
2256,10/1/12,66,Oct,5.440538189
2257,10/1/12,67,Oct,5.545108517
2258,10/1/12,67,Oct,5.545108517
2259,10/1/12,67,Oct,5.545108517
2260,10/1/12,68,Oct,5.651594159
2261,10/1/12,68,Oct,5.651594159
2262,10/1/12,68,Oct,5.651594159
2263,10/1/12,68,Oct,5.651594159
2264,10/1/12,68,Oct,5.651594159
2265,10/1/12,68,Oct,5.651594159
2266,10/1/12,68,Oct,5.651594159
2267,10/1/12,70,Oct,5.870601351
2268,10/1/12,70,Oct,5.870601351
2269,10/1/12,70,Oct,5.870601351
2270,10/1/12,70,Oct,5.870601351
2271,10/1/12,70,Oct,5.870601351
2272,10/1/12,71,Oct,5.983278395
2273,10/1/12,71,Oct,5.983278395
2274,10/1/12,71,Oct,5.983278395
2275,10/1/12,71,Oct,5.983278395
2276,10/1/12,71,Oct,5.983278395
2277,10/1/12,72,Oct,6.098182401
2278,10/1/12,72,Oct,6.098182401
2279,10/1/12,72,Oct,6.098182401
2280,10/1/12,72,Oct,6.098182401
2281,10/1/12,72,Oct,6.098182401
2282,10/1/12,72,Oct,6.098182401
2283,10/1/12,72,Oct,6.098182401
2284,10/1/12,72,Oct,6.098182401
2285,10/1/12,73,Oct,6.215403176
2286,10/1/12,73,Oct,6.215403176
2287,10/1/12,73,Oct,6.215403176
2288,10/1/12,74,Oct,6.33503607
2289,10/1/12,74,Oct,6.33503607
2290,10/1/12,74,Oct,6.33503607
2291,10/1/12,74,Oct,6.33503607
2292,10/1/12,75,Oct,6.457182442
2293,10/1/12,76,Oct,6.581950181
2294,10/1/12,76,Oct,6.581950181
2295,10/1/12,76,Oct,6.581950181
2296,10/1/12,76,Oct,6.581950181
2297,10/1/12,77,Oct,6.709454271
2298,10/1/12,77,Oct,6.709454271
2299,10/1/12,77,Oct,6.709454271
2300,10/1/12,77,Oct,6.709454271
2301,10/1/12,77,Oct,6.709454271
2302,10/1/12,78,Oct,6.839817434
2303,10/1/12,78,Oct,6.839817434
2304,10/1/12,78,Oct,6.839817434
2305,10/1/12,79,Oct,6.973170837
2306,10/1/12,79,Oct,6.973170837
2307,10/1/12,80,Oct,7.109654886
2308,10/1/12,80,Oct,7.109654886
2309,10/1/12,80,Oct,7.109654886
2310,10/1/12,80,Oct,7.109654886
2311,10/1/12,80,Oct,7.109654886
2312,10/1/12,81,Oct,7.249420114
2313,10/1/12,83,Oct,7.539452989
2314,10/1/12,84,Oct,7.690081971
2315,10/1/12,85,Oct,7.844717509
2316,10/1/12,86,Oct,8.00357858
2317,10/1/12,88,Oct,8.334947656
2318,10/1/12,88,Oct,8.334947656
2319,10/1/12,89,Oct,8.50799476
2320,10/1/12,89,Oct,8.50799476
2321,10/1/12,90,Oct,8.686350878
2322,10/1/12,90,Oct,8.686350878
2323,10/1/12,90,Oct,8.686350878
2324,10/1/12,90,Oct,8.686350878
2325,10/1/12,91,Oct,8.870352104
2326,10/1/12,91,Oct,8.870352104
2327,10/1/12,91,Oct,8.870352104
2328,10/1/12,92,Oct,9.060367496
2329,10/1/12,92,Oct,9.060367496
2330,10/1/12,94,Oct,9.46010933
2331,10/1/12,96,Oct,9.889378295
2332,10/1/12,96,Oct,9.889378295
2333,10/1/12,99,Oct,10.5992777
2334,10/1/12,101,Oct,11.12578686
2335,10/1/12,104,Oct,12.01742118
2336,11/1/12,25,Nov,2.250970964
2337,11/1/12,26,Nov,2.311157355
2338,11/1/12,26,Nov,2.311157355
2339,11/1/12,27,Nov,2.371973323
2340,11/1/12,27,Nov,2.371973323
2341,11/1/12,28,Nov,2.433432177
2342,11/1/12,28,Nov,2.433432177
2343,11/1/12,29,Nov,2.495547656
2344,11/1/12,29,Nov,2.495547656
2345,11/1/12,30,Nov,2.558333941
2346,11/1/12,30,Nov,2.558333941
2347,11/1/12,30,Nov,2.558333941
2348,11/1/12,31,Nov,2.621805679
2349,11/1/12,31,Nov,2.621805679
2350,11/1/12,32,Nov,2.685978003
2351,11/1/12,33,Nov,2.75086655
2352,11/1/12,33,Nov,2.75086655
2353,11/1/12,35,Nov,2.882857542
2354,11/1/12,35,Nov,2.882857542
2355,11/1/12,35,Nov,2.882857542
2356,11/1/12,36,Nov,2.94999401
2357,11/1/12,36,Nov,2.94999401
2358,11/1/12,36,Nov,2.94999401
2359,11/1/12,37,Nov,3.0179148
2360,11/1/12,37,Nov,3.0179148
2361,11/1/12,38,Nov,3.086638454
2362,11/1/12,39,Nov,3.156184182
2363,11/1/12,40,Nov,3.226571888
2364,11/1/12,40,Nov,3.226571888
2365,11/1/12,40,Nov,3.226571888
2366,11/1/12,42,Nov,3.369956553
2367,11/1/12,42,Nov,3.369956553
2368,11/1/12,45,Nov,3.591890119
2369,11/1/12,45,Nov,3.591890119
2370,11/1/12,47,Nov,3.744696642
2371,11/1/12,47,Nov,3.744696642
2372,11/1/12,48,Nov,3.822632842
2373,11/1/12,49,Nov,3.90162799
2374,11/1/12,54,Nov,4.313553302
2375,11/1/12,54,Nov,4.313553302
2376,11/1/12,54,Nov,4.313553302
2377,11/1/12,53,Nov,4.228800293
2379,11/1/12,58,Nov,4.665488472
2380,11/1/12,58,Nov,4.665488472
2381,11/1/12,58,Nov,4.665488472
2382,11/1/12,62,Nov,5.040107788
2383,11/1/12,64,Nov,5.236876263
2384,11/1/12,66,Nov,5.440538189
2385,11/1/12,67,Nov,5.545108517
2386,11/1/12,74,Nov,6.33503607
2387,11/1/12,75,Nov,6.457182442
2388,11/1/12,77,Nov,6.709454271
2389,11/1/12,77,Nov,6.709454271
2390,11/1/12,80,Nov,7.109654886
2391,11/1/12,81,Nov,7.249420114
2392,11/1/12,86,Nov,8.00357858
2393,11/1/12,86,Nov,8.00357858
2394,11/1/12,87,Nov,8.16690262
2395,11/1/12,87,Nov,8.16690262
2396,11/1/12,89,Nov,8.50799476
2397,11/1/12,90,Nov,8.686350878
2398,11/1/12,90,Nov,8.686350878
2399,11/1/12,92,Nov,9.060367496
2400,11/1/12,92,Nov,9.060367496
2401,11/1/12,93,Nov,9.256803529
2402,11/1/12,93,Nov,9.256803529
2403,11/1/12,94,Nov,9.46010933
2404,11/1/12,94,Nov,9.46010933
2405,11/1/12,94,Nov,9.46010933
2406,11/1/12,95,Nov,9.670782868
2407,11/1/12,97,Nov,10.11651474