"","length_RAW","count_RAW","length_class","age","age_class"
"1",21,1,21,2.01626892494322,2
"2",21.97856677,1,22,2.07406217904351,2
"3",23.06272848,1,23,2.13243569639952,2
"4",24,2.357305936,24,2.19140124735664,2
"4.1",24,2.357305936,24,2.19140124735664,2
"5",24.9698858,7.272938071,25,2.25097096406616,2
"5.1",24.9698858,7.272938071,25,2.25097096406616,2
"5.2",24.9698858,7.272938071,25,2.25097096406616,2
"5.3",24.9698858,7.272938071,25,2.25097096406616,2
"5.4",24.9698858,7.272938071,25,2.25097096406616,2
"5.5",24.9698858,7.272938071,25,2.25097096406616,2
"5.6",24.9698858,7.272938071,25,2.25097096406616,2
"6",25.93434638,20,26,2.31115735546751,2
"6.1",25.93434638,20,26,2.31115735546751,2
"6.2",25.93434638,20,26,2.31115735546751,2
"6.3",25.93434638,20,26,2.31115735546751,2
"6.4",25.93434638,20,26,2.31115735546751,2
"6.5",25.93434638,20,26,2.31115735546751,2
"6.6",25.93434638,20,26,2.31115735546751,2
"6.7",25.93434638,20,26,2.31115735546751,2
"6.8",25.93434638,20,26,2.31115735546751,2
"6.9",25.93434638,20,26,2.31115735546751,2
"6.10",25.93434638,20,26,2.31115735546751,2
"6.11",25.93434638,20,26,2.31115735546751,2
"6.12",25.93434638,20,26,2.31115735546751,2
"6.13",25.93434638,20,26,2.31115735546751,2
"6.14",25.93434638,20,26,2.31115735546751,2
"6.15",25.93434638,20,26,2.31115735546751,2
"6.16",25.93434638,20,26,2.31115735546751,2
"6.17",25.93434638,20,26,2.31115735546751,2
"6.18",25.93434638,20,26,2.31115735546751,2
"6.19",25.93434638,20,26,2.31115735546751,2
"7",27,26.45726313,27,2.37197332305415,2
"7.1",27,26.45726313,27,2.37197332305415,2
"7.2",27,26.45726313,27,2.37197332305415,2
"7.3",27,26.45726313,27,2.37197332305415,2
"7.4",27,26.45726313,27,2.37197332305415,2
"7.5",27,26.45726313,27,2.37197332305415,2
"7.6",27,26.45726313,27,2.37197332305415,2
"7.7",27,26.45726313,27,2.37197332305415,2
"7.8",27,26.45726313,27,2.37197332305415,2
"7.9",27,26.45726313,27,2.37197332305415,2
"7.10",27,26.45726313,27,2.37197332305415,2
"7.11",27,26.45726313,27,2.37197332305415,2
"7.12",27,26.45726313,27,2.37197332305415,2
"7.13",27,26.45726313,27,2.37197332305415,2
"7.14",27,26.45726313,27,2.37197332305415,2
"7.15",27,26.45726313,27,2.37197332305415,2
"7.16",27,26.45726313,27,2.37197332305415,2
"7.17",27,26.45726313,27,2.37197332305415,2
"7.18",27,26.45726313,27,2.37197332305415,2
"7.19",27,26.45726313,27,2.37197332305415,2
"7.20",27,26.45726313,27,2.37197332305415,2
"7.21",27,26.45726313,27,2.37197332305415,2
"7.22",27,26.45726313,27,2.37197332305415,2
"7.23",27,26.45726313,27,2.37197332305415,2
"7.24",27,26.45726313,27,2.37197332305415,2
"7.25",27,26.45726313,27,2.37197332305415,2
"8",27.94427739,46.46814355,28,2.43343217747282,2
"8.1",27.94427739,46.46814355,28,2.43343217747282,2
"8.2",27.94427739,46.46814355,28,2.43343217747282,2
"8.3",27.94427739,46.46814355,28,2.43343217747282,2
"8.4",27.94427739,46.46814355,28,2.43343217747282,2
"8.5",27.94427739,46.46814355,28,2.43343217747282,2
"8.6",27.94427739,46.46814355,28,2.43343217747282,2
"8.7",27.94427739,46.46814355,28,2.43343217747282,2
"8.8",27.94427739,46.46814355,28,2.43343217747282,2
"8.9",27.94427739,46.46814355,28,2.43343217747282,2
"8.10",27.94427739,46.46814355,28,2.43343217747282,2
"8.11",27.94427739,46.46814355,28,2.43343217747282,2
"8.12",27.94427739,46.46814355,28,2.43343217747282,2
"8.13",27.94427739,46.46814355,28,2.43343217747282,2
"8.14",27.94427739,46.46814355,28,2.43343217747282,2
"8.15",27.94427739,46.46814355,28,2.43343217747282,2
"8.16",27.94427739,46.46814355,28,2.43343217747282,2
"8.17",27.94427739,46.46814355,28,2.43343217747282,2
"8.18",27.94427739,46.46814355,28,2.43343217747282,2
"8.19",27.94427739,46.46814355,28,2.43343217747282,2
"8.20",27.94427739,46.46814355,28,2.43343217747282,2
"8.21",27.94427739,46.46814355,28,2.43343217747282,2
"8.22",27.94427739,46.46814355,28,2.43343217747282,2
"8.23",27.94427739,46.46814355,28,2.43343217747282,2
"8.24",27.94427739,46.46814355,28,2.43343217747282,2
"8.25",27.94427739,46.46814355,28,2.43343217747282,2
"8.26",27.94427739,46.46814355,28,2.43343217747282,2
"8.27",27.94427739,46.46814355,28,2.43343217747282,2
"8.28",27.94427739,46.46814355,28,2.43343217747282,2
"8.29",27.94427739,46.46814355,28,2.43343217747282,2
"8.30",27.94427739,46.46814355,28,2.43343217747282,2
"8.31",27.94427739,46.46814355,28,2.43343217747282,2
"8.32",27.94427739,46.46814355,28,2.43343217747282,2
"8.33",27.94427739,46.46814355,28,2.43343217747282,2
"8.34",27.94427739,46.46814355,28,2.43343217747282,2
"8.35",27.94427739,46.46814355,28,2.43343217747282,2
"8.36",27.94427739,46.46814355,28,2.43343217747282,2
"8.37",27.94427739,46.46814355,28,2.43343217747282,2
"8.38",27.94427739,46.46814355,28,2.43343217747282,2
"8.39",27.94427739,46.46814355,28,2.43343217747282,2
"8.40",27.94427739,46.46814355,28,2.43343217747282,2
"8.41",27.94427739,46.46814355,28,2.43343217747282,2
"8.42",27.94427739,46.46814355,28,2.43343217747282,2
"8.43",27.94427739,46.46814355,28,2.43343217747282,2
"8.44",27.94427739,46.46814355,28,2.43343217747282,2
"8.45",27.94427739,46.46814355,28,2.43343217747282,2
"9",28.95508689,65.2729024,29,2.49554765600952,2
"9.1",28.95508689,65.2729024,29,2.49554765600952,2
"9.2",28.95508689,65.2729024,29,2.49554765600952,2
"9.3",28.95508689,65.2729024,29,2.49554765600952,2
"9.4",28.95508689,65.2729024,29,2.49554765600952,2
"9.5",28.95508689,65.2729024,29,2.49554765600952,2
"9.6",28.95508689,65.2729024,29,2.49554765600952,2
"9.7",28.95508689,65.2729024,29,2.49554765600952,2
"9.8",28.95508689,65.2729024,29,2.49554765600952,2
"9.9",28.95508689,65.2729024,29,2.49554765600952,2
"9.10",28.95508689,65.2729024,29,2.49554765600952,2
"9.11",28.95508689,65.2729024,29,2.49554765600952,2
"9.12",28.95508689,65.2729024,29,2.49554765600952,2
"9.13",28.95508689,65.2729024,29,2.49554765600952,2
"9.14",28.95508689,65.2729024,29,2.49554765600952,2
"9.15",28.95508689,65.2729024,29,2.49554765600952,2
"9.16",28.95508689,65.2729024,29,2.49554765600952,2
"9.17",28.95508689,65.2729024,29,2.49554765600952,2
"9.18",28.95508689,65.2729024,29,2.49554765600952,2
"9.19",28.95508689,65.2729024,29,2.49554765600952,2
"9.20",28.95508689,65.2729024,29,2.49554765600952,2
"9.21",28.95508689,65.2729024,29,2.49554765600952,2
"9.22",28.95508689,65.2729024,29,2.49554765600952,2
"9.23",28.95508689,65.2729024,29,2.49554765600952,2
"9.24",28.95508689,65.2729024,29,2.49554765600952,2
"9.25",28.95508689,65.2729024,29,2.49554765600952,2
"9.26",28.95508689,65.2729024,29,2.49554765600952,2
"9.27",28.95508689,65.2729024,29,2.49554765600952,2
"9.28",28.95508689,65.2729024,29,2.49554765600952,2
"9.29",28.95508689,65.2729024,29,2.49554765600952,2
"9.30",28.95508689,65.2729024,29,2.49554765600952,2
"9.31",28.95508689,65.2729024,29,2.49554765600952,2
"9.32",28.95508689,65.2729024,29,2.49554765600952,2
"9.33",28.95508689,65.2729024,29,2.49554765600952,2
"9.34",28.95508689,65.2729024,29,2.49554765600952,2
"9.35",28.95508689,65.2729024,29,2.49554765600952,2
"9.36",28.95508689,65.2729024,29,2.49554765600952,2
"9.37",28.95508689,65.2729024,29,2.49554765600952,2
"9.38",28.95508689,65.2729024,29,2.49554765600952,2
"9.39",28.95508689,65.2729024,29,2.49554765600952,2
"9.40",28.95508689,65.2729024,29,2.49554765600952,2
"9.41",28.95508689,65.2729024,29,2.49554765600952,2
"9.42",28.95508689,65.2729024,29,2.49554765600952,2
"9.43",28.95508689,65.2729024,29,2.49554765600952,2
"9.44",28.95508689,65.2729024,29,2.49554765600952,2
"9.45",28.95508689,65.2729024,29,2.49554765600952,2
"9.46",28.95508689,65.2729024,29,2.49554765600952,2
"9.47",28.95508689,65.2729024,29,2.49554765600952,2
"9.48",28.95508689,65.2729024,29,2.49554765600952,2
"9.49",28.95508689,65.2729024,29,2.49554765600952,2
"9.50",28.95508689,65.2729024,29,2.49554765600952,2
"9.51",28.95508689,65.2729024,29,2.49554765600952,2
"9.52",28.95508689,65.2729024,29,2.49554765600952,2
"9.53",28.95508689,65.2729024,29,2.49554765600952,2
"9.54",28.95508689,65.2729024,29,2.49554765600952,2
"9.55",28.95508689,65.2729024,29,2.49554765600952,2
"9.56",28.95508689,65.2729024,29,2.49554765600952,2
"9.57",28.95508689,65.2729024,29,2.49554765600952,2
"9.58",28.95508689,65.2729024,29,2.49554765600952,2
"9.59",28.95508689,65.2729024,29,2.49554765600952,2
"9.60",28.95508689,65.2729024,29,2.49554765600952,2
"9.61",28.95508689,65.2729024,29,2.49554765600952,2
"9.62",28.95508689,65.2729024,29,2.49554765600952,2
"9.63",28.95508689,65.2729024,29,2.49554765600952,2
"9.64",28.95508689,65.2729024,29,2.49554765600952,2
"10",30,61,30,2.55833394101976,2
"10.1",30,61,30,2.55833394101976,2
"10.2",30,61,30,2.55833394101976,2
"10.3",30,61,30,2.55833394101976,2
"10.4",30,61,30,2.55833394101976,2
"10.5",30,61,30,2.55833394101976,2
"10.6",30,61,30,2.55833394101976,2
"10.7",30,61,30,2.55833394101976,2
"10.8",30,61,30,2.55833394101976,2
"10.9",30,61,30,2.55833394101976,2
"10.10",30,61,30,2.55833394101976,2
"10.11",30,61,30,2.55833394101976,2
"10.12",30,61,30,2.55833394101976,2
"10.13",30,61,30,2.55833394101976,2
"10.14",30,61,30,2.55833394101976,2
"10.15",30,61,30,2.55833394101976,2
"10.16",30,61,30,2.55833394101976,2
"10.17",30,61,30,2.55833394101976,2
"10.18",30,61,30,2.55833394101976,2
"10.19",30,61,30,2.55833394101976,2
"10.20",30,61,30,2.55833394101976,2
"10.21",30,61,30,2.55833394101976,2
"10.22",30,61,30,2.55833394101976,2
"10.23",30,61,30,2.55833394101976,2
"10.24",30,61,30,2.55833394101976,2
"10.25",30,61,30,2.55833394101976,2
"10.26",30,61,30,2.55833394101976,2
"10.27",30,61,30,2.55833394101976,2
"10.28",30,61,30,2.55833394101976,2
"10.29",30,61,30,2.55833394101976,2
"10.30",30,61,30,2.55833394101976,2
"10.31",30,61,30,2.55833394101976,2
"10.32",30,61,30,2.55833394101976,2
"10.33",30,61,30,2.55833394101976,2
"10.34",30,61,30,2.55833394101976,2
"10.35",30,61,30,2.55833394101976,2
"10.36",30,61,30,2.55833394101976,2
"10.37",30,61,30,2.55833394101976,2
"10.38",30,61,30,2.55833394101976,2
"10.39",30,61,30,2.55833394101976,2
"10.40",30,61,30,2.55833394101976,2
"10.41",30,61,30,2.55833394101976,2
"10.42",30,61,30,2.55833394101976,2
"10.43",30,61,30,2.55833394101976,2
"10.44",30,61,30,2.55833394101976,2
"10.45",30,61,30,2.55833394101976,2
"10.46",30,61,30,2.55833394101976,2
"10.47",30,61,30,2.55833394101976,2
"10.48",30,61,30,2.55833394101976,2
"10.49",30,61,30,2.55833394101976,2
"10.50",30,61,30,2.55833394101976,2
"10.51",30,61,30,2.55833394101976,2
"10.52",30,61,30,2.55833394101976,2
"10.53",30,61,30,2.55833394101976,2
"10.54",30,61,30,2.55833394101976,2
"10.55",30,61,30,2.55833394101976,2
"10.56",30,61,30,2.55833394101976,2
"10.57",30,61,30,2.55833394101976,2
"10.58",30,61,30,2.55833394101976,2
"10.59",30,61,30,2.55833394101976,2
"10.60",30,61,30,2.55833394101976,2
"11",30.9130265,52.3233422,31,2.6218056793648,2
"11.1",30.9130265,52.3233422,31,2.6218056793648,2
"11.2",30.9130265,52.3233422,31,2.6218056793648,2
"11.3",30.9130265,52.3233422,31,2.6218056793648,2
"11.4",30.9130265,52.3233422,31,2.6218056793648,2
"11.5",30.9130265,52.3233422,31,2.6218056793648,2
"11.6",30.9130265,52.3233422,31,2.6218056793648,2
"11.7",30.9130265,52.3233422,31,2.6218056793648,2
"11.8",30.9130265,52.3233422,31,2.6218056793648,2
"11.9",30.9130265,52.3233422,31,2.6218056793648,2
"11.10",30.9130265,52.3233422,31,2.6218056793648,2
"11.11",30.9130265,52.3233422,31,2.6218056793648,2
"11.12",30.9130265,52.3233422,31,2.6218056793648,2
"11.13",30.9130265,52.3233422,31,2.6218056793648,2
"11.14",30.9130265,52.3233422,31,2.6218056793648,2
"11.15",30.9130265,52.3233422,31,2.6218056793648,2
"11.16",30.9130265,52.3233422,31,2.6218056793648,2
"11.17",30.9130265,52.3233422,31,2.6218056793648,2
"11.18",30.9130265,52.3233422,31,2.6218056793648,2
"11.19",30.9130265,52.3233422,31,2.6218056793648,2
"11.20",30.9130265,52.3233422,31,2.6218056793648,2
"11.21",30.9130265,52.3233422,31,2.6218056793648,2
"11.22",30.9130265,52.3233422,31,2.6218056793648,2
"11.23",30.9130265,52.3233422,31,2.6218056793648,2
"11.24",30.9130265,52.3233422,31,2.6218056793648,2
"11.25",30.9130265,52.3233422,31,2.6218056793648,2
"11.26",30.9130265,52.3233422,31,2.6218056793648,2
"11.27",30.9130265,52.3233422,31,2.6218056793648,2
"11.28",30.9130265,52.3233422,31,2.6218056793648,2
"11.29",30.9130265,52.3233422,31,2.6218056793648,2
"11.30",30.9130265,52.3233422,31,2.6218056793648,2
"11.31",30.9130265,52.3233422,31,2.6218056793648,2
"11.32",30.9130265,52.3233422,31,2.6218056793648,2
"11.33",30.9130265,52.3233422,31,2.6218056793648,2
"11.34",30.9130265,52.3233422,31,2.6218056793648,2
"11.35",30.9130265,52.3233422,31,2.6218056793648,2
"11.36",30.9130265,52.3233422,31,2.6218056793648,2
"11.37",30.9130265,52.3233422,31,2.6218056793648,2
"11.38",30.9130265,52.3233422,31,2.6218056793648,2
"11.39",30.9130265,52.3233422,31,2.6218056793648,2
"11.40",30.9130265,52.3233422,31,2.6218056793648,2
"11.41",30.9130265,52.3233422,31,2.6218056793648,2
"11.42",30.9130265,52.3233422,31,2.6218056793648,2
"11.43",30.9130265,52.3233422,31,2.6218056793648,2
"11.44",30.9130265,52.3233422,31,2.6218056793648,2
"11.45",30.9130265,52.3233422,31,2.6218056793648,2
"11.46",30.9130265,52.3233422,31,2.6218056793648,2
"11.47",30.9130265,52.3233422,31,2.6218056793648,2
"11.48",30.9130265,52.3233422,31,2.6218056793648,2
"11.49",30.9130265,52.3233422,31,2.6218056793648,2
"11.50",30.9130265,52.3233422,31,2.6218056793648,2
"11.51",30.9130265,52.3233422,31,2.6218056793648,2
"12",31.97784257,41.2334556,32,2.68597800292074,2
"12.1",31.97784257,41.2334556,32,2.68597800292074,2
"12.2",31.97784257,41.2334556,32,2.68597800292074,2
"12.3",31.97784257,41.2334556,32,2.68597800292074,2
"12.4",31.97784257,41.2334556,32,2.68597800292074,2
"12.5",31.97784257,41.2334556,32,2.68597800292074,2
"12.6",31.97784257,41.2334556,32,2.68597800292074,2
"12.7",31.97784257,41.2334556,32,2.68597800292074,2
"12.8",31.97784257,41.2334556,32,2.68597800292074,2
"12.9",31.97784257,41.2334556,32,2.68597800292074,2
"12.10",31.97784257,41.2334556,32,2.68597800292074,2
"12.11",31.97784257,41.2334556,32,2.68597800292074,2
"12.12",31.97784257,41.2334556,32,2.68597800292074,2
"12.13",31.97784257,41.2334556,32,2.68597800292074,2
"12.14",31.97784257,41.2334556,32,2.68597800292074,2
"12.15",31.97784257,41.2334556,32,2.68597800292074,2
"12.16",31.97784257,41.2334556,32,2.68597800292074,2
"12.17",31.97784257,41.2334556,32,2.68597800292074,2
"12.18",31.97784257,41.2334556,32,2.68597800292074,2
"12.19",31.97784257,41.2334556,32,2.68597800292074,2
"12.20",31.97784257,41.2334556,32,2.68597800292074,2
"12.21",31.97784257,41.2334556,32,2.68597800292074,2
"12.22",31.97784257,41.2334556,32,2.68597800292074,2
"12.23",31.97784257,41.2334556,32,2.68597800292074,2
"12.24",31.97784257,41.2334556,32,2.68597800292074,2
"12.25",31.97784257,41.2334556,32,2.68597800292074,2
"12.26",31.97784257,41.2334556,32,2.68597800292074,2
"12.27",31.97784257,41.2334556,32,2.68597800292074,2
"12.28",31.97784257,41.2334556,32,2.68597800292074,2
"12.29",31.97784257,41.2334556,32,2.68597800292074,2
"12.30",31.97784257,41.2334556,32,2.68597800292074,2
"12.31",31.97784257,41.2334556,32,2.68597800292074,2
"12.32",31.97784257,41.2334556,32,2.68597800292074,2
"12.33",31.97784257,41.2334556,32,2.68597800292074,2
"12.34",31.97784257,41.2334556,32,2.68597800292074,2
"12.35",31.97784257,41.2334556,32,2.68597800292074,2
"12.36",31.97784257,41.2334556,32,2.68597800292074,2
"12.37",31.97784257,41.2334556,32,2.68597800292074,2
"12.38",31.97784257,41.2334556,32,2.68597800292074,2
"12.39",31.97784257,41.2334556,32,2.68597800292074,2
"12.40",31.97784257,41.2334556,32,2.68597800292074,2
"13",33,44.42797517,33,2.75086655023195,2
"13.1",33,44.42797517,33,2.75086655023195,2
"13.2",33,44.42797517,33,2.75086655023195,2
"13.3",33,44.42797517,33,2.75086655023195,2
"13.4",33,44.42797517,33,2.75086655023195,2
"13.5",33,44.42797517,33,2.75086655023195,2
"13.6",33,44.42797517,33,2.75086655023195,2
"13.7",33,44.42797517,33,2.75086655023195,2
"13.8",33,44.42797517,33,2.75086655023195,2
"13.9",33,44.42797517,33,2.75086655023195,2
"13.10",33,44.42797517,33,2.75086655023195,2
"13.11",33,44.42797517,33,2.75086655023195,2
"13.12",33,44.42797517,33,2.75086655023195,2
"13.13",33,44.42797517,33,2.75086655023195,2
"13.14",33,44.42797517,33,2.75086655023195,2
"13.15",33,44.42797517,33,2.75086655023195,2
"13.16",33,44.42797517,33,2.75086655023195,2
"13.17",33,44.42797517,33,2.75086655023195,2
"13.18",33,44.42797517,33,2.75086655023195,2
"13.19",33,44.42797517,33,2.75086655023195,2
"13.20",33,44.42797517,33,2.75086655023195,2
"13.21",33,44.42797517,33,2.75086655023195,2
"13.22",33,44.42797517,33,2.75086655023195,2
"13.23",33,44.42797517,33,2.75086655023195,2
"13.24",33,44.42797517,33,2.75086655023195,2
"13.25",33,44.42797517,33,2.75086655023195,2
"13.26",33,44.42797517,33,2.75086655023195,2
"13.27",33,44.42797517,33,2.75086655023195,2
"13.28",33,44.42797517,33,2.75086655023195,2
"13.29",33,44.42797517,33,2.75086655023195,2
"13.30",33,44.42797517,33,2.75086655023195,2
"13.31",33,44.42797517,33,2.75086655023195,2
"13.32",33,44.42797517,33,2.75086655023195,2
"13.33",33,44.42797517,33,2.75086655023195,2
"13.34",33,44.42797517,33,2.75086655023195,2
"13.35",33,44.42797517,33,2.75086655023195,2
"13.36",33,44.42797517,33,2.75086655023195,2
"13.37",33,44.42797517,33,2.75086655023195,2
"13.38",33,44.42797517,33,2.75086655023195,2
"13.39",33,44.42797517,33,2.75086655023195,2
"13.40",33,44.42797517,33,2.75086655023195,2
"13.41",33,44.42797517,33,2.75086655023195,2
"13.42",33,44.42797517,33,2.75086655023195,2
"13.43",33,44.42797517,33,2.75086655023195,2
"14",33.8762451,38.1784302,34,2.81648748938678,2
"14.1",33.8762451,38.1784302,34,2.81648748938678,2
"14.2",33.8762451,38.1784302,34,2.81648748938678,2
"14.3",33.8762451,38.1784302,34,2.81648748938678,2
"14.4",33.8762451,38.1784302,34,2.81648748938678,2
"14.5",33.8762451,38.1784302,34,2.81648748938678,2
"14.6",33.8762451,38.1784302,34,2.81648748938678,2
"14.7",33.8762451,38.1784302,34,2.81648748938678,2
"14.8",33.8762451,38.1784302,34,2.81648748938678,2
"14.9",33.8762451,38.1784302,34,2.81648748938678,2
"14.10",33.8762451,38.1784302,34,2.81648748938678,2
"14.11",33.8762451,38.1784302,34,2.81648748938678,2
"14.12",33.8762451,38.1784302,34,2.81648748938678,2
"14.13",33.8762451,38.1784302,34,2.81648748938678,2
"14.14",33.8762451,38.1784302,34,2.81648748938678,2
"14.15",33.8762451,38.1784302,34,2.81648748938678,2
"14.16",33.8762451,38.1784302,34,2.81648748938678,2
"14.17",33.8762451,38.1784302,34,2.81648748938678,2
"14.18",33.8762451,38.1784302,34,2.81648748938678,2
"14.19",33.8762451,38.1784302,34,2.81648748938678,2
"14.20",33.8762451,38.1784302,34,2.81648748938678,2
"14.21",33.8762451,38.1784302,34,2.81648748938678,2
"14.22",33.8762451,38.1784302,34,2.81648748938678,2
"14.23",33.8762451,38.1784302,34,2.81648748938678,2
"14.24",33.8762451,38.1784302,34,2.81648748938678,2
"14.25",33.8762451,38.1784302,34,2.81648748938678,2
"14.26",33.8762451,38.1784302,34,2.81648748938678,2
"14.27",33.8762451,38.1784302,34,2.81648748938678,2
"14.28",33.8762451,38.1784302,34,2.81648748938678,2
"14.29",33.8762451,38.1784302,34,2.81648748938678,2
"14.30",33.8762451,38.1784302,34,2.81648748938678,2
"14.31",33.8762451,38.1784302,34,2.81648748938678,2
"14.32",33.8762451,38.1784302,34,2.81648748938678,2
"14.33",33.8762451,38.1784302,34,2.81648748938678,2
"14.34",33.8762451,38.1784302,34,2.81648748938678,2
"14.35",33.8762451,38.1784302,34,2.81648748938678,2
"14.36",33.8762451,38.1784302,34,2.81648748938678,2
"14.37",33.8762451,38.1784302,34,2.81648748938678,2
"15",34.94780079,39.2899371,35,2.88285754219885,2
"15.1",34.94780079,39.2899371,35,2.88285754219885,2
"15.2",34.94780079,39.2899371,35,2.88285754219885,2
"15.3",34.94780079,39.2899371,35,2.88285754219885,2
"15.4",34.94780079,39.2899371,35,2.88285754219885,2
"15.5",34.94780079,39.2899371,35,2.88285754219885,2
"15.6",34.94780079,39.2899371,35,2.88285754219885,2
"15.7",34.94780079,39.2899371,35,2.88285754219885,2
"15.8",34.94780079,39.2899371,35,2.88285754219885,2
"15.9",34.94780079,39.2899371,35,2.88285754219885,2
"15.10",34.94780079,39.2899371,35,2.88285754219885,2
"15.11",34.94780079,39.2899371,35,2.88285754219885,2
"15.12",34.94780079,39.2899371,35,2.88285754219885,2
"15.13",34.94780079,39.2899371,35,2.88285754219885,2
"15.14",34.94780079,39.2899371,35,2.88285754219885,2
"15.15",34.94780079,39.2899371,35,2.88285754219885,2
"15.16",34.94780079,39.2899371,35,2.88285754219885,2
"15.17",34.94780079,39.2899371,35,2.88285754219885,2
"15.18",34.94780079,39.2899371,35,2.88285754219885,2
"15.19",34.94780079,39.2899371,35,2.88285754219885,2
"15.20",34.94780079,39.2899371,35,2.88285754219885,2
"15.21",34.94780079,39.2899371,35,2.88285754219885,2
"15.22",34.94780079,39.2899371,35,2.88285754219885,2
"15.23",34.94780079,39.2899371,35,2.88285754219885,2
"15.24",34.94780079,39.2899371,35,2.88285754219885,2
"15.25",34.94780079,39.2899371,35,2.88285754219885,2
"15.26",34.94780079,39.2899371,35,2.88285754219885,2
"15.27",34.94780079,39.2899371,35,2.88285754219885,2
"15.28",34.94780079,39.2899371,35,2.88285754219885,2
"15.29",34.94780079,39.2899371,35,2.88285754219885,2
"15.30",34.94780079,39.2899371,35,2.88285754219885,2
"15.31",34.94780079,39.2899371,35,2.88285754219885,2
"15.32",34.94780079,39.2899371,35,2.88285754219885,2
"15.33",34.94780079,39.2899371,35,2.88285754219885,2
"15.34",34.94780079,39.2899371,35,2.88285754219885,2
"15.35",34.94780079,39.2899371,35,2.88285754219885,2
"15.36",34.94780079,39.2899371,35,2.88285754219885,2
"15.37",34.94780079,39.2899371,35,2.88285754219885,2
"15.38",34.94780079,39.2899371,35,2.88285754219885,2
"16",36,13.9315782,36,2.94999400978473,2
"16.1",36,13.9315782,36,2.94999400978473,2
"16.2",36,13.9315782,36,2.94999400978473,2
"16.3",36,13.9315782,36,2.94999400978473,2
"16.4",36,13.9315782,36,2.94999400978473,2
"16.5",36,13.9315782,36,2.94999400978473,2
"16.6",36,13.9315782,36,2.94999400978473,2
"16.7",36,13.9315782,36,2.94999400978473,2
"16.8",36,13.9315782,36,2.94999400978473,2
"16.9",36,13.9315782,36,2.94999400978473,2
"16.10",36,13.9315782,36,2.94999400978473,2
"16.11",36,13.9315782,36,2.94999400978473,2
"16.12",36,13.9315782,36,2.94999400978473,2
"16.13",36,13.9315782,36,2.94999400978473,2
"17",36.98433205,20,37,3.01791479963564,3
"17.1",36.98433205,20,37,3.01791479963564,3
"17.2",36.98433205,20,37,3.01791479963564,3
"17.3",36.98433205,20,37,3.01791479963564,3
"17.4",36.98433205,20,37,3.01791479963564,3
"17.5",36.98433205,20,37,3.01791479963564,3
"17.6",36.98433205,20,37,3.01791479963564,3
"17.7",36.98433205,20,37,3.01791479963564,3
"17.8",36.98433205,20,37,3.01791479963564,3
"17.9",36.98433205,20,37,3.01791479963564,3
"17.10",36.98433205,20,37,3.01791479963564,3
"17.11",36.98433205,20,37,3.01791479963564,3
"17.12",36.98433205,20,37,3.01791479963564,3
"17.13",36.98433205,20,37,3.01791479963564,3
"17.14",36.98433205,20,37,3.01791479963564,3
"17.15",36.98433205,20,37,3.01791479963564,3
"17.16",36.98433205,20,37,3.01791479963564,3
"17.17",36.98433205,20,37,3.01791479963564,3
"17.18",36.98433205,20,37,3.01791479963564,3
"17.19",36.98433205,20,37,3.01791479963564,3
"18",37.97861715,13.24985731,38,3.08663845428928,3
"18.1",37.97861715,13.24985731,38,3.08663845428928,3
"18.2",37.97861715,13.24985731,38,3.08663845428928,3
"18.3",37.97861715,13.24985731,38,3.08663845428928,3
"18.4",37.97861715,13.24985731,38,3.08663845428928,3
"18.5",37.97861715,13.24985731,38,3.08663845428928,3
"18.6",37.97861715,13.24985731,38,3.08663845428928,3
"18.7",37.97861715,13.24985731,38,3.08663845428928,3
"18.8",37.97861715,13.24985731,38,3.08663845428928,3
"18.9",37.97861715,13.24985731,38,3.08663845428928,3
"18.10",37.97861715,13.24985731,38,3.08663845428928,3
"18.11",37.97861715,13.24985731,38,3.08663845428928,3
"18.12",37.97861715,13.24985731,38,3.08663845428928,3
"19",39,14.27993008,39,3.15618418171661,3
"19.1",39,14.27993008,39,3.15618418171661,3
"19.2",39,14.27993008,39,3.15618418171661,3
"19.3",39,14.27993008,39,3.15618418171661,3
"19.4",39,14.27993008,39,3.15618418171661,3
"19.5",39,14.27993008,39,3.15618418171661,3
"19.6",39,14.27993008,39,3.15618418171661,3
"19.7",39,14.27993008,39,3.15618418171661,3
"19.8",39,14.27993008,39,3.15618418171661,3
"19.9",39,14.27993008,39,3.15618418171661,3
"19.10",39,14.27993008,39,3.15618418171661,3
"19.11",39,14.27993008,39,3.15618418171661,3
"19.12",39,14.27993008,39,3.15618418171661,3
"19.13",39,14.27993008,39,3.15618418171661,3
"20",40.03812136,15.201377,40,3.22657188754812,3
"20.1",40.03812136,15.201377,40,3.22657188754812,3
"20.2",40.03812136,15.201377,40,3.22657188754812,3
"20.3",40.03812136,15.201377,40,3.22657188754812,3
"20.4",40.03812136,15.201377,40,3.22657188754812,3
"20.5",40.03812136,15.201377,40,3.22657188754812,3
"20.6",40.03812136,15.201377,40,3.22657188754812,3
"20.7",40.03812136,15.201377,40,3.22657188754812,3
"20.8",40.03812136,15.201377,40,3.22657188754812,3
"20.9",40.03812136,15.201377,40,3.22657188754812,3
"20.10",40.03812136,15.201377,40,3.22657188754812,3
"20.11",40.03812136,15.201377,40,3.22657188754812,3
"20.12",40.03812136,15.201377,40,3.22657188754812,3
"20.13",40.03812136,15.201377,40,3.22657188754812,3
"20.14",40.03812136,15.201377,40,3.22657188754812,3
"21",40.92237815,11,41,3.29782220927495,3
"21.1",40.92237815,11,41,3.29782220927495,3
"21.2",40.92237815,11,41,3.29782220927495,3
"21.3",40.92237815,11,41,3.29782220927495,3
"21.4",40.92237815,11,41,3.29782220927495,3
"21.5",40.92237815,11,41,3.29782220927495,3
"21.6",40.92237815,11,41,3.29782220927495,3
"21.7",40.92237815,11,41,3.29782220927495,3
"21.8",40.92237815,11,41,3.29782220927495,3
"21.9",40.92237815,11,41,3.29782220927495,3
"21.10",40.92237815,11,41,3.29782220927495,3
"22",42,7.448986872,42,3.36995655257178,3
"22.1",42,7.448986872,42,3.36995655257178,3
"22.2",42,7.448986872,42,3.36995655257178,3
"22.3",42,7.448986872,42,3.36995655257178,3
"22.4",42,7.448986872,42,3.36995655257178,3
"22.5",42,7.448986872,42,3.36995655257178,3
"22.6",42,7.448986872,42,3.36995655257178,3
"23",43.03266465,7.165560788,43,3.44299712990146,3
"23.1",43.03266465,7.165560788,43,3.44299712990146,3
"23.2",43.03266465,7.165560788,43,3.44299712990146,3
"23.3",43.03266465,7.165560788,43,3.44299712990146,3
"23.4",43.03266465,7.165560788,43,3.44299712990146,3
"23.5",43.03266465,7.165560788,43,3.44299712990146,3
"23.6",43.03266465,7.165560788,43,3.44299712990146,3
"24",43.93908832,11.97381564,44,3.51696700157569,3
"24.1",43.93908832,11.97381564,44,3.51696700157569,3
"24.2",43.93908832,11.97381564,44,3.51696700157569,3
"24.3",43.93908832,11.97381564,44,3.51696700157569,3
"24.4",43.93908832,11.97381564,44,3.51696700157569,3
"24.5",43.93908832,11.97381564,44,3.51696700157569,3
"24.6",43.93908832,11.97381564,44,3.51696700157569,3
"24.7",43.93908832,11.97381564,44,3.51696700157569,3
"24.8",43.93908832,11.97381564,44,3.51696700157569,3
"24.9",43.93908832,11.97381564,44,3.51696700157569,3
"24.10",43.93908832,11.97381564,44,3.51696700157569,3
"24.11",43.93908832,11.97381564,44,3.51696700157569,3
"25",45,27.75952483,45,3.59189011946148,3
"25.1",45,27.75952483,45,3.59189011946148,3
"25.2",45,27.75952483,45,3.59189011946148,3
"25.3",45,27.75952483,45,3.59189011946148,3
"25.4",45,27.75952483,45,3.59189011946148,3
"25.5",45,27.75952483,45,3.59189011946148,3
"25.6",45,27.75952483,45,3.59189011946148,3
"25.7",45,27.75952483,45,3.59189011946148,3
"25.8",45,27.75952483,45,3.59189011946148,3
"25.9",45,27.75952483,45,3.59189011946148,3
"25.10",45,27.75952483,45,3.59189011946148,3
"25.11",45,27.75952483,45,3.59189011946148,3
"25.12",45,27.75952483,45,3.59189011946148,3
"25.13",45,27.75952483,45,3.59189011946148,3
"25.14",45,27.75952483,45,3.59189011946148,3
"25.15",45,27.75952483,45,3.59189011946148,3
"25.16",45,27.75952483,45,3.59189011946148,3
"25.17",45,27.75952483,45,3.59189011946148,3
"25.18",45,27.75952483,45,3.59189011946148,3
"25.19",45,27.75952483,45,3.59189011946148,3
"25.20",45,27.75952483,45,3.59189011946148,3
"25.21",45,27.75952483,45,3.59189011946148,3
"25.22",45,27.75952483,45,3.59189011946148,3
"25.23",45,27.75952483,45,3.59189011946148,3
"25.24",45,27.75952483,45,3.59189011946148,3
"25.25",45,27.75952483,45,3.59189011946148,3
"25.26",45,27.75952483,45,3.59189011946148,3
"25.27",45,27.75952483,45,3.59189011946148,3
"26",46.09088734,28.01048801,46,3.66779137354081,3
"26.1",46.09088734,28.01048801,46,3.66779137354081,3
"26.2",46.09088734,28.01048801,46,3.66779137354081,3
"26.3",46.09088734,28.01048801,46,3.66779137354081,3
"26.4",46.09088734,28.01048801,46,3.66779137354081,3
"26.5",46.09088734,28.01048801,46,3.66779137354081,3
"26.6",46.09088734,28.01048801,46,3.66779137354081,3
"26.7",46.09088734,28.01048801,46,3.66779137354081,3
"26.8",46.09088734,28.01048801,46,3.66779137354081,3
"26.9",46.09088734,28.01048801,46,3.66779137354081,3
"26.10",46.09088734,28.01048801,46,3.66779137354081,3
"26.11",46.09088734,28.01048801,46,3.66779137354081,3
"26.12",46.09088734,28.01048801,46,3.66779137354081,3
"26.13",46.09088734,28.01048801,46,3.66779137354081,3
"26.14",46.09088734,28.01048801,46,3.66779137354081,3
"26.15",46.09088734,28.01048801,46,3.66779137354081,3
"26.16",46.09088734,28.01048801,46,3.66779137354081,3
"26.17",46.09088734,28.01048801,46,3.66779137354081,3
"26.18",46.09088734,28.01048801,46,3.66779137354081,3
"26.19",46.09088734,28.01048801,46,3.66779137354081,3
"26.20",46.09088734,28.01048801,46,3.66779137354081,3
"26.21",46.09088734,28.01048801,46,3.66779137354081,3
"26.22",46.09088734,28.01048801,46,3.66779137354081,3
"26.23",46.09088734,28.01048801,46,3.66779137354081,3
"26.24",46.09088734,28.01048801,46,3.66779137354081,3
"26.25",46.09088734,28.01048801,46,3.66779137354081,3
"26.26",46.09088734,28.01048801,46,3.66779137354081,3
"26.27",46.09088734,28.01048801,46,3.66779137354081,3
"27",47.05857219,10,47,3.74469664154983,3
"27.1",47.05857219,10,47,3.74469664154983,3
"27.2",47.05857219,10,47,3.74469664154983,3
"27.3",47.05857219,10,47,3.74469664154983,3
"27.4",47.05857219,10,47,3.74469664154983,3
"27.5",47.05857219,10,47,3.74469664154983,3
"27.6",47.05857219,10,47,3.74469664154983,3
"27.7",47.05857219,10,47,3.74469664154983,3
"27.8",47.05857219,10,47,3.74469664154983,3
"27.9",47.05857219,10,47,3.74469664154983,3
"28",48,13.48209189,48,3.82263284194545,3
"28.1",48,13.48209189,48,3.82263284194545,3
"28.2",48,13.48209189,48,3.82263284194545,3
"28.3",48,13.48209189,48,3.82263284194545,3
"28.4",48,13.48209189,48,3.82263284194545,3
"28.5",48,13.48209189,48,3.82263284194545,3
"28.6",48,13.48209189,48,3.82263284194545,3
"28.7",48,13.48209189,48,3.82263284194545,3
"28.8",48,13.48209189,48,3.82263284194545,3
"28.9",48,13.48209189,48,3.82263284194545,3
"28.10",48,13.48209189,48,3.82263284194545,3
"28.11",48,13.48209189,48,3.82263284194545,3
"28.12",48,13.48209189,48,3.82263284194545,3
"29",48.90809563,5.465004281,49,3.9016279904705,3
"29.1",48.90809563,5.465004281,49,3.9016279904705,3
"29.2",48.90809563,5.465004281,49,3.9016279904705,3
"29.3",48.90809563,5.465004281,49,3.9016279904705,3
"29.4",48.90809563,5.465004281,49,3.9016279904705,3
"30",49.9717026,22.03107163,50,3.98171126061486,3
"30.1",49.9717026,22.03107163,50,3.98171126061486,3
"30.2",49.9717026,22.03107163,50,3.98171126061486,3
"30.3",49.9717026,22.03107163,50,3.98171126061486,3
"30.4",49.9717026,22.03107163,50,3.98171126061486,3
"30.5",49.9717026,22.03107163,50,3.98171126061486,3
"30.6",49.9717026,22.03107163,50,3.98171126061486,3
"30.7",49.9717026,22.03107163,50,3.98171126061486,3
"30.8",49.9717026,22.03107163,50,3.98171126061486,3
"30.9",49.9717026,22.03107163,50,3.98171126061486,3
"30.10",49.9717026,22.03107163,50,3.98171126061486,3
"30.11",49.9717026,22.03107163,50,3.98171126061486,3
"30.12",49.9717026,22.03107163,50,3.98171126061486,3
"30.13",49.9717026,22.03107163,50,3.98171126061486,3
"30.14",49.9717026,22.03107163,50,3.98171126061486,3
"30.15",49.9717026,22.03107163,50,3.98171126061486,3
"30.16",49.9717026,22.03107163,50,3.98171126061486,3
"30.17",49.9717026,22.03107163,50,3.98171126061486,3
"30.18",49.9717026,22.03107163,50,3.98171126061486,3
"30.19",49.9717026,22.03107163,50,3.98171126061486,3
"30.20",49.9717026,22.03107163,50,3.98171126061486,3
"30.21",49.9717026,22.03107163,50,3.98171126061486,3
"31",51,12.03249857,51,4.06291304829921,4
"31.1",51,12.03249857,51,4.06291304829921,4
"31.2",51,12.03249857,51,4.06291304829921,4
"31.3",51,12.03249857,51,4.06291304829921,4
"31.4",51,12.03249857,51,4.06291304829921,4
"31.5",51,12.03249857,51,4.06291304829921,4
"31.6",51,12.03249857,51,4.06291304829921,4
"31.7",51,12.03249857,51,4.06291304829921,4
"31.8",51,12.03249857,51,4.06291304829921,4
"31.9",51,12.03249857,51,4.06291304829921,4
"31.10",51,12.03249857,51,4.06291304829921,4
"31.11",51,12.03249857,51,4.06291304829921,4
"32",52.01830971,10,52,4.1452650411402,4
"32.1",52.01830971,10,52,4.1452650411402,4
"32.2",52.01830971,10,52,4.1452650411402,4
"32.3",52.01830971,10,52,4.1452650411402,4
"32.4",52.01830971,10,52,4.1452650411402,4
"32.5",52.01830971,10,52,4.1452650411402,4
"32.6",52.01830971,10,52,4.1452650411402,4
"32.7",52.01830971,10,52,4.1452650411402,4
"32.8",52.01830971,10,52,4.1452650411402,4
"32.9",52.01830971,10,52,4.1452650411402,4
"33",52.93037586,17.14665382,53,4.22880029269206,4
"33.1",52.93037586,17.14665382,53,4.22880029269206,4
"33.2",52.93037586,17.14665382,53,4.22880029269206,4
"33.3",52.93037586,17.14665382,53,4.22880029269206,4
"33.4",52.93037586,17.14665382,53,4.22880029269206,4
"33.5",52.93037586,17.14665382,53,4.22880029269206,4
"33.6",52.93037586,17.14665382,53,4.22880029269206,4
"33.7",52.93037586,17.14665382,53,4.22880029269206,4
"33.8",52.93037586,17.14665382,53,4.22880029269206,4
"33.9",52.93037586,17.14665382,53,4.22880029269206,4
"33.10",52.93037586,17.14665382,53,4.22880029269206,4
"33.11",52.93037586,17.14665382,53,4.22880029269206,4
"33.12",52.93037586,17.14665382,53,4.22880029269206,4
"33.13",52.93037586,17.14665382,53,4.22880029269206,4
"33.14",52.93037586,17.14665382,53,4.22880029269206,4
"33.15",52.93037586,17.14665382,53,4.22880029269206,4
"33.16",52.93037586,17.14665382,53,4.22880029269206,4
"34",54,16.56481878,54,4.31355330209996,4
"34.1",54,16.56481878,54,4.31355330209996,4
"34.2",54,16.56481878,54,4.31355330209996,4
"34.3",54,16.56481878,54,4.31355330209996,4
"34.4",54,16.56481878,54,4.31355330209996,4
"34.5",54,16.56481878,54,4.31355330209996,4
"34.6",54,16.56481878,54,4.31355330209996,4
"34.7",54,16.56481878,54,4.31355330209996,4
"34.8",54,16.56481878,54,4.31355330209996,4
"34.9",54,16.56481878,54,4.31355330209996,4
"34.10",54,16.56481878,54,4.31355330209996,4
"34.11",54,16.56481878,54,4.31355330209996,4
"34.12",54,16.56481878,54,4.31355330209996,4
"34.13",54,16.56481878,54,4.31355330209996,4
"34.14",54,16.56481878,54,4.31355330209996,4
"34.15",54,16.56481878,54,4.31355330209996,4
"34.16",54,16.56481878,54,4.31355330209996,4
"35",55.16923024,17.8520976,55,4.39956009964548,4
"35.1",55.16923024,17.8520976,55,4.39956009964548,4
"35.2",55.16923024,17.8520976,55,4.39956009964548,4
"35.3",55.16923024,17.8520976,55,4.39956009964548,4
"35.4",55.16923024,17.8520976,55,4.39956009964548,4
"35.5",55.16923024,17.8520976,55,4.39956009964548,4
"35.6",55.16923024,17.8520976,55,4.39956009964548,4
"35.7",55.16923024,17.8520976,55,4.39956009964548,4
"35.8",55.16923024,17.8520976,55,4.39956009964548,4
"35.9",55.16923024,17.8520976,55,4.39956009964548,4
"35.10",55.16923024,17.8520976,55,4.39956009964548,4
"35.11",55.16923024,17.8520976,55,4.39956009964548,4
"35.12",55.16923024,17.8520976,55,4.39956009964548,4
"35.13",55.16923024,17.8520976,55,4.39956009964548,4
"35.14",55.16923024,17.8520976,55,4.39956009964548,4
"35.15",55.16923024,17.8520976,55,4.39956009964548,4
"35.16",55.16923024,17.8520976,55,4.39956009964548,4
"35.17",55.16923024,17.8520976,55,4.39956009964548,4
"36",56.15182735,16.85448773,56,4.48685833871522,4
"36.1",56.15182735,16.85448773,56,4.48685833871522,4
"36.2",56.15182735,16.85448773,56,4.48685833871522,4
"36.3",56.15182735,16.85448773,56,4.48685833871522,4
"36.4",56.15182735,16.85448773,56,4.48685833871522,4
"36.5",56.15182735,16.85448773,56,4.48685833871522,4
"36.6",56.15182735,16.85448773,56,4.48685833871522,4
"36.7",56.15182735,16.85448773,56,4.48685833871522,4
"36.8",56.15182735,16.85448773,56,4.48685833871522,4
"36.9",56.15182735,16.85448773,56,4.48685833871522,4
"36.10",56.15182735,16.85448773,56,4.48685833871522,4
"36.11",56.15182735,16.85448773,56,4.48685833871522,4
"36.12",56.15182735,16.85448773,56,4.48685833871522,4
"36.13",56.15182735,16.85448773,56,4.48685833871522,4
"36.14",56.15182735,16.85448773,56,4.48685833871522,4
"36.15",56.15182735,16.85448773,56,4.48685833871522,4
"36.16",56.15182735,16.85448773,56,4.48685833871522,4
"37",57,13.10502283,57,4.57548739477986,4
"37.1",57,13.10502283,57,4.57548739477986,4
"37.2",57,13.10502283,57,4.57548739477986,4
"37.3",57,13.10502283,57,4.57548739477986,4
"37.4",57,13.10502283,57,4.57548739477986,4
"37.5",57,13.10502283,57,4.57548739477986,4
"37.6",57,13.10502283,57,4.57548739477986,4
"37.7",57,13.10502283,57,4.57548739477986,4
"37.8",57,13.10502283,57,4.57548739477986,4
"37.9",57,13.10502283,57,4.57548739477986,4
"37.10",57,13.10502283,57,4.57548739477986,4
"37.11",57,13.10502283,57,4.57548739477986,4
"37.12",57,13.10502283,57,4.57548739477986,4
"38",58.08800312,13.13124287,58,4.66548847203509,4
"38.1",58.08800312,13.13124287,58,4.66548847203509,4
"38.2",58.08800312,13.13124287,58,4.66548847203509,4
"38.3",58.08800312,13.13124287,58,4.66548847203509,4
"38.4",58.08800312,13.13124287,58,4.66548847203509,4
"38.5",58.08800312,13.13124287,58,4.66548847203509,4
"38.6",58.08800312,13.13124287,58,4.66548847203509,4
"38.7",58.08800312,13.13124287,58,4.66548847203509,4
"38.8",58.08800312,13.13124287,58,4.66548847203509,4
"38.9",58.08800312,13.13124287,58,4.66548847203509,4
"38.10",58.08800312,13.13124287,58,4.66548847203509,4
"38.11",58.08800312,13.13124287,58,4.66548847203509,4
"38.12",58.08800312,13.13124287,58,4.66548847203509,4
"39",58.99402376,9.17946212,59,4.75690471842728,4
"39.1",58.99402376,9.17946212,59,4.75690471842728,4
"39.2",58.99402376,9.17946212,59,4.75690471842728,4
"39.3",58.99402376,9.17946212,59,4.75690471842728,4
"39.4",58.99402376,9.17946212,59,4.75690471842728,4
"39.5",58.99402376,9.17946212,59,4.75690471842728,4
"39.6",58.99402376,9.17946212,59,4.75690471842728,4
"39.7",58.99402376,9.17946212,59,4.75690471842728,4
"39.8",58.99402376,9.17946212,59,4.75690471842728,4
"40",60,17.12417951,60,4.84978134986759,4
"40.1",60,17.12417951,60,4.84978134986759,4
"40.2",60,17.12417951,60,4.84978134986759,4
"40.3",60,17.12417951,60,4.84978134986759,4
"40.4",60,17.12417951,60,4.84978134986759,4
"40.5",60,17.12417951,60,4.84978134986759,4
"40.6",60,17.12417951,60,4.84978134986759,4
"40.7",60,17.12417951,60,4.84978134986759,4
"40.8",60,17.12417951,60,4.84978134986759,4
"40.9",60,17.12417951,60,4.84978134986759,4
"40.10",60,17.12417951,60,4.84978134986759,4
"40.11",60,17.12417951,60,4.84978134986759,4
"40.12",60,17.12417951,60,4.84978134986759,4
"40.13",60,17.12417951,60,4.84978134986759,4
"40.14",60,17.12417951,60,4.84978134986759,4
"40.15",60,17.12417951,60,4.84978134986759,4
"40.16",60,17.12417951,60,4.84978134986759,4
"41",61.02652468,12.4158105,61,4.94416578452971,4
"41.1",61.02652468,12.4158105,61,4.94416578452971,4
"41.2",61.02652468,12.4158105,61,4.94416578452971,4
"41.3",61.02652468,12.4158105,61,4.94416578452971,4
"41.4",61.02652468,12.4158105,61,4.94416578452971,4
"41.5",61.02652468,12.4158105,61,4.94416578452971,4
"41.6",61.02652468,12.4158105,61,4.94416578452971,4
"41.7",61.02652468,12.4158105,61,4.94416578452971,4
"41.8",61.02652468,12.4158105,61,4.94416578452971,4
"41.9",61.02652468,12.4158105,61,4.94416578452971,4
"41.10",61.02652468,12.4158105,61,4.94416578452971,4
"41.11",61.02652468,12.4158105,61,4.94416578452971,4
"42",62.11632886,13.31603168,62,5.04010778822963,5
"42.1",62.11632886,13.31603168,62,5.04010778822963,5
"42.2",62.11632886,13.31603168,62,5.04010778822963,5
"42.3",62.11632886,13.31603168,62,5.04010778822963,5
"42.4",62.11632886,13.31603168,62,5.04010778822963,5
"42.5",62.11632886,13.31603168,62,5.04010778822963,5
"42.6",62.11632886,13.31603168,62,5.04010778822963,5
"42.7",62.11632886,13.31603168,62,5.04010778822963,5
"42.8",62.11632886,13.31603168,62,5.04010778822963,5
"42.9",62.11632886,13.31603168,62,5.04010778822963,5
"42.10",62.11632886,13.31603168,62,5.04010778822963,5
"42.11",62.11632886,13.31603168,62,5.04010778822963,5
"42.12",62.11632886,13.31603168,62,5.04010778822963,5
"43",63,13.37346604,63,5.13765963200353,5
"43.1",63,13.37346604,63,5.13765963200353,5
"43.2",63,13.37346604,63,5.13765963200353,5
"43.3",63,13.37346604,63,5.13765963200353,5
"43.4",63,13.37346604,63,5.13765963200353,5
"43.5",63,13.37346604,63,5.13765963200353,5
"43.6",63,13.37346604,63,5.13765963200353,5
"43.7",63,13.37346604,63,5.13765963200353,5
"43.8",63,13.37346604,63,5.13765963200353,5
"43.9",63,13.37346604,63,5.13765963200353,5
"43.10",63,13.37346604,63,5.13765963200353,5
"43.11",63,13.37346604,63,5.13765963200353,5
"43.12",63,13.37346604,63,5.13765963200353,5
"44",64.068626,10,64,5.23687626313252,5
"44.1",64.068626,10,64,5.23687626313252,5
"44.2",64.068626,10,64,5.23687626313252,5
"44.3",64.068626,10,64,5.23687626313252,5
"44.4",64.068626,10,64,5.23687626313252,5
"44.5",64.068626,10,64,5.23687626313252,5
"44.6",64.068626,10,64,5.23687626313252,5
"44.7",64.068626,10,64,5.23687626313252,5
"44.8",64.068626,10,64,5.23687626313252,5
"44.9",64.068626,10,64,5.23687626313252,5
"45",65.0072924,6.955800514,65,5.33781549101567,5
"45.1",65.0072924,6.955800514,65,5.33781549101567,5
"45.2",65.0072924,6.955800514,65,5.33781549101567,5
"45.3",65.0072924,6.955800514,65,5.33781549101567,5
"45.4",65.0072924,6.955800514,65,5.33781549101567,5
"45.5",65.0072924,6.955800514,65,5.33781549101567,5
"45.6",65.0072924,6.955800514,65,5.33781549101567,5
"46",66,14.25995291,66,5.44053818946517,5
"46.1",66,14.25995291,66,5.44053818946517,5
"46.2",66,14.25995291,66,5.44053818946517,5
"46.3",66,14.25995291,66,5.44053818946517,5
"46.4",66,14.25995291,66,5.44053818946517,5
"46.5",66,14.25995291,66,5.44053818946517,5
"46.6",66,14.25995291,66,5.44053818946517,5
"46.7",66,14.25995291,66,5.44053818946517,5
"46.8",66,14.25995291,66,5.44053818946517,5
"46.9",66,14.25995291,66,5.44053818946517,5
"46.10",66,14.25995291,66,5.44053818946517,5
"46.11",66,14.25995291,66,5.44053818946517,5
"46.12",66,14.25995291,66,5.44053818946517,5
"46.13",66,14.25995291,66,5.44053818946517,5
"47",66.96281381,6.306542523,67,5.54510851719646,5
"47.1",66.96281381,6.306542523,67,5.54510851719646,5
"47.2",66.96281381,6.306542523,67,5.54510851719646,5
"47.3",66.96281381,6.306542523,67,5.54510851719646,5
"47.4",66.96281381,6.306542523,67,5.54510851719646,5
"47.5",66.96281381,6.306542523,67,5.54510851719646,5
"48",67.9333199,9,68,5.65159415851293,5
"48.1",67.9333199,9,68,5.65159415851293,5
"48.2",67.9333199,9,68,5.65159415851293,5
"48.3",67.9333199,9,68,5.65159415851293,5
"48.4",67.9333199,9,68,5.65159415851293,5
"48.5",67.9333199,9,68,5.65159415851293,5
"48.6",67.9333199,9,68,5.65159415851293,5
"48.7",67.9333199,9,68,5.65159415851293,5
"48.8",67.9333199,9,68,5.65159415851293,5
"49",69,2.173765696,69,5.76006658644631,5
"49.1",69,2.173765696,69,5.76006658644631,5
"50",69.97710577,12.30968179,70,5.87060135091476,5
"50.1",69.97710577,12.30968179,70,5.87060135091476,5
"50.2",69.97710577,12.30968179,70,5.87060135091476,5
"50.3",69.97710577,12.30968179,70,5.87060135091476,5
"50.4",69.97710577,12.30968179,70,5.87060135091476,5
"50.5",69.97710577,12.30968179,70,5.87060135091476,5
"50.6",69.97710577,12.30968179,70,5.87060135091476,5
"50.7",69.97710577,12.30968179,70,5.87060135091476,5
"50.8",69.97710577,12.30968179,70,5.87060135091476,5
"50.9",69.97710577,12.30968179,70,5.87060135091476,5
"50.10",69.97710577,12.30968179,70,5.87060135091476,5
"50.11",69.97710577,12.30968179,70,5.87060135091476,5
"51",70.97018177,7.694955765,71,5.98327839480814,5
"51.1",70.97018177,7.694955765,71,5.98327839480814,5
"51.2",70.97018177,7.694955765,71,5.98327839480814,5
"51.3",70.97018177,7.694955765,71,5.98327839480814,5
"51.4",70.97018177,7.694955765,71,5.98327839480814,5
"51.5",70.97018177,7.694955765,71,5.98327839480814,5
"51.6",70.97018177,7.694955765,71,5.98327839480814,5
"51.7",70.97018177,7.694955765,71,5.98327839480814,5
"52",72,9,72,6.09818240131302,6
"52.1",72,9,72,6.09818240131302,6
"52.2",72,9,72,6.09818240131302,6
"52.3",72,9,72,6.09818240131302,6
"52.4",72,9,72,6.09818240131302,6
"52.5",72,9,72,6.09818240131302,6
"52.6",72,9,72,6.09818240131302,6
"52.7",72,9,72,6.09818240131302,6
"52.8",72,9,72,6.09818240131302,6
"53",73.01598282,4.399971461,73,6.21540317625688,6
"53.1",73.01598282,4.399971461,73,6.21540317625688,6
"53.2",73.01598282,4.399971461,73,6.21540317625688,6
"53.3",73.01598282,4.399971461,73,6.21540317625688,6
"54",73.97560699,2.403503139,74,6.33503606979618,6
"54.1",73.97560699,2.403503139,74,6.33503606979618,6
"55",75,2.47932363,75,6.45718244240864,6
"55.1",75,2.47932363,75,6.45718244240864,6
"56",76.14554254,4.04038242,76,6.58195018089568,6
"56.1",76.14554254,4.04038242,76,6.58195018089568,6
"56.2",76.14554254,4.04038242,76,6.58195018089568,6
"56.3",76.14554254,4.04038242,76,6.58195018089568,6
"57",77.22365873,3.168878425,77,6.7094542709769,6
"57.1",77.22365873,3.168878425,77,6.7094542709769,6
"57.2",77.22365873,3.168878425,77,6.7094542709769,6
"58",78,7.914704623,78,6.8398174340922,6
"58.1",78,7.914704623,78,6.8398174340922,6
"58.2",78,7.914704623,78,6.8398174340922,6
"58.3",78,7.914704623,78,6.8398174340922,6
"58.4",78,7.914704623,78,6.8398174340922,6
"58.5",78,7.914704623,78,6.8398174340922,6
"58.6",78,7.914704623,78,6.8398174340922,6
"58.7",78,7.914704623,78,6.8398174340922,6
"59",78.95186891,5.39133847,79,6.97317083724975,6
"59.1",78.95186891,5.39133847,79,6.97317083724975,6
"59.2",78.95186891,5.39133847,79,6.97317083724975,6
"59.3",78.95186891,5.39133847,79,6.97317083724975,6
"59.4",78.95186891,5.39133847,79,6.97317083724975,6
"60",80.06746728,9.96247373,80,7.10965488621118,7
"60.1",80.06746728,9.96247373,80,7.10965488621118,7
"60.2",80.06746728,9.96247373,80,7.10965488621118,7
"60.3",80.06746728,9.96247373,80,7.10965488621118,7
"60.4",80.06746728,9.96247373,80,7.10965488621118,7
"60.5",80.06746728,9.96247373,80,7.10965488621118,7
"60.6",80.06746728,9.96247373,80,7.10965488621118,7
"60.7",80.06746728,9.96247373,80,7.10965488621118,7
"60.8",80.06746728,9.96247373,80,7.10965488621118,7
"60.9",80.06746728,9.96247373,80,7.10965488621118,7
"61",81,3.899293664,81,7.24942011403762,7
"61.1",81,3.899293664,81,7.24942011403762,7
"61.2",81,3.899293664,81,7.24942011403762,7
"61.3",81,3.899293664,81,7.24942011403762,7
"62",82.15639297,3.076484018,82,7.39262817909381,7
"62.1",82.15639297,3.076484018,82,7.39262817909381,7
"62.2",82.15639297,3.076484018,82,7.39262817909381,7
"63",83.03782853,7.168057934,83,7.53945298910081,7
"63.1",83.03782853,7.168057934,83,7.53945298910081,7
"63.2",83.03782853,7.168057934,83,7.53945298910081,7
"63.3",83.03782853,7.168057934,83,7.53945298910081,7
"63.4",83.03782853,7.168057934,83,7.53945298910081,7
"63.5",83.03782853,7.168057934,83,7.53945298910081,7
"63.6",83.03782853,7.168057934,83,7.53945298910081,7
"64",84,5.124143836,84,7.69008197083723,7
"64.1",84,5.124143836,84,7.69008197083723,7
"64.2",84,5.124143836,84,7.69008197083723,7
"64.3",84,5.124143836,84,7.69008197083723,7
"64.4",84,5.124143836,84,7.69008197083723,7
"65",85.20494284,3.765696347,85,7.84471750873994,7
"65.1",85.20494284,3.765696347,85,7.84471750873994,7
"65.2",85.20494284,3.765696347,85,7.84471750873994,7
"65.3",85.20494284,3.765696347,85,7.84471750873994,7
"66",86.27540138,3.765696347,86,8.00357858010363,8
"66.1",86.27540138,3.765696347,86,8.00357858010363,8
"66.2",86.27540138,3.765696347,86,8.00357858010363,8
"66.3",86.27540138,3.765696347,86,8.00357858010363,8
"67",87,1.07836158,87,8.16690262002813,8
"68",88.07454556,3.151398402,88,8.33494765597202,8
"68.1",88.07454556,3.151398402,88,8.33494765597202,8
"68.2",88.07454556,3.151398402,88,8.33494765597202,8
"69",88.9805662,5.416309932,89,8.50799476007932,8
"69.1",88.9805662,5.416309932,89,8.50799476007932,8
"69.2",88.9805662,5.416309932,89,8.50799476007932,8
"69.3",88.9805662,5.416309932,89,8.50799476007932,8
"69.4",88.9805662,5.416309932,89,8.50799476007932,8
"70",90,6.281571062,90,8.6863508777947,8
"70.1",90,6.281571062,90,8.6863508777947,8
"70.2",90,6.281571062,90,8.6863508777947,8
"70.3",90,6.281571062,90,8.6863508777947,8
"70.4",90,6.281571062,90,8.6863508777947,8
"70.5",90,6.281571062,90,8.6863508777947,8
"71",90.87200519,2,91,8.87035210425274,8
"71.1",90.87200519,2,91,8.87035210425274,8
"72",91.91465438,2.26592073,92,9.0603674962897,9
"72.1",91.91465438,2.26592073,92,9.0603674962897,9
"73",94,1,94,9.4601093300986,9
"74",94.96932218,1.08336793,95,9.67078286762212,9
"75",97,2,97,10.1165147382495,10
"75.1",97,2,97,10.1165147382495,10
"76",98.05839125,1.9,98,10.3528868640701,10
"76.1",98.05839125,1.9,98,10.3528868640701,10
"77",99,1,99,10.5992776952844,10
"78",100,1,100,10.8565742592614,10
"79",102.083088,2.443693694,102,11.4080730584397,11
"79.1",102.083088,2.443693694,102,11.4080730584397,11
"80",103,1,103,11.7047677096749,11
"81",108.7044324,1.35908361,109,13.897070644823,13
"82",110,1,110,14.3587379564765,14
"83",115,1,115,17.4582185876127,17
"84",117,1,117,19.3817897755022,19
